temp_air,pressure,dew_point,relative_humidity
1.13,100140.0,0.49627314028531433,95.53
0.93,97090.0,0.3391637334409752,95.82
0.74,97080.0,0.19319042378763526,96.12
0.54,97120.0,0.037003043147272846,96.42
0.34,97140.0,-0.12086812127175384,96.71
0.14,97150.0,-0.277572009980561,97.01
-0.05,97160.0,-0.42456669845822487,97.31
-0.25,97200.0,-0.5831874671082268,97.6
-0.45,97250.0,-0.7406553623085782,97.9
0.24,97310.0,0.15703033565572028,99.4
1.05,97350.0,0.4340374420307326,95.65
1.81,97380.0,0.13822559856884406,88.65
2.43,97410.0,0.22531057635766888,85.35
2.84,97390.0,0.10861810519121948,82.2
2.85,97420.0,0.11839228581123763,82.2
2.7,97450.0,-0.02822139245904599,82.2
2.35,97490.0,0.14677258976873053,85.35
1.99,97540.0,0.31572064521409304,88.65
1.55,97600.0,0.40046622239681945,92.05
1.17,97650.0,0.024106179315764458,92.05
0.79,97660.0,0.1753765576101651,95.65
0.8,97710.0,0.1853250800408959,95.65
0.81,97760.0,0.19527360032153365,95.65
0.36,97800.0,-0.2524119409091935,95.65
0.04,97780.0,-0.04283026726451964,99.4
-0.26,97800.0,-0.8763742425143785,95.6
-0.47,97820.0,-0.552475334997658,99.4
-0.52,97850.0,-0.602440578721949,99.4
-0.71,97890.0,-0.792308571654478,99.4
-0.91,97890.0,-0.9921697310760182,99.4
-0.71,97910.0,-1.3240431532144368,95.6
-0.62,97930.0,-0.7023710881377067,99.4
-1.69,97970.0,-1.7716293722701062,99.4
-1.8,98010.0,-2.4084149941729245,95.6
-1.28,98040.0,-1.8910967636518978,95.6
-0.54,98040.0,-0.6224266782619347,99.4
0.45,98020.0,-0.1628744843450353,95.65
1.03,98000.0,-0.6463924660182904,88.55
1.63,97990.0,-0.047033654737040555,88.6
1.57,97990.0,-0.1061958404802799,88.6
1.18,97980.0,-0.4907551144892774,88.6
0.53,98000.0,-0.08328578027378683,95.65
0.0,98010.0,-0.617723101868977,95.6
-0.19,98020.0,-0.8067372523024589,95.6
-0.92,98000.0,-1.5329568190070413,95.6
-0.93,98030.0,-1.5429051127348947,95.6
-0.73,98020.0,-1.872506946303546,91.95
-0.5,98000.0,-1.115130446720838,95.6
-0.43,97970.0,-0.5125031452903462,99.4
-0.46,97950.0,-0.5424822871314868,99.4
-0.7,97900.0,-1.3140949073429344,95.6
-0.72,97890.0,-1.8626031421619422,91.95
-0.8,97860.0,-1.9418336881346998,91.95
-0.81,97830.0,-1.9517375245163122,91.95
-0.85,97830.0,-1.9913529103429088,91.95
-1.05,97820.0,-2.1894308066843284,91.95
-0.54,97800.0,-1.6843353567389936,91.95
-0.48,97820.0,-1.0952340485145793,95.6
-0.36,97810.0,-1.4986808282681872,92.0
-0.14,97820.0,-1.280787711570825,92.0
0.05,97800.0,-1.6280462260168733,88.45
0.01,97780.0,-1.1322253340584332,92.0
0.0,97780.0,-1.142129464530583,92.0
-0.07,97800.0,-1.2114584899501781,92.0
-0.19,97820.0,-1.3303087042805557,92.0
-0.33,97840.0,-1.46896801641836,92.0
-0.43,97860.0,-1.0454930910660534,95.6
-0.46,97890.0,-1.0753376590093795,95.6
-0.68,97930.0,-1.8229879658954038,91.95
-0.68,97960.0,-1.8229879658954038,91.95
-0.65,98000.0,-1.2643537106146154,95.6
-0.64,98020.0,-1.2544054777947853,95.6
-0.63,98030.0,-1.2444572471502313,95.6
-0.78,98020.0,-1.3936809352228672,95.6
-0.7,98030.0,-1.3140949073429344,95.6
-0.76,98070.0,-1.3737844152011809,95.6
-0.81,98070.0,-1.423525731570044,95.6
-0.86,98070.0,-2.0012567668746066,91.95
-0.94,98060.0,-1.552853408638045,95.6
-0.99,98080.0,-1.6025949207832748,95.6
-1.14,98140.0,-2.278566385961085,91.95
-1.1,98160.0,-2.2389505326483663,91.95
-0.84,98190.0,-2.50555045642231,88.45
-0.48,98190.0,-2.1505993402267305,88.45
-0.29,98170.0,-1.963267087690771,88.45
-0.05,98130.0,-1.726639894627853,88.45
0.09,98110.0,-1.5886089224802005,88.45
0.01,98090.0,-1.6674836232149328,88.45
-0.13,98090.0,-1.8055152509963817,88.45
-0.35,98100.0,-2.022424412814941,88.45
-0.49,98110.0,-1.105182246530076,95.6
-0.58,98140.0,-1.1947161265565789,95.6
-0.88,98140.0,-1.4931636658485823,95.6
-0.87,98150.0,-2.0111606274363294,91.95
-0.85,98150.0,-1.9913529103429088,91.95
-0.87,98140.0,-2.0111606274363294,91.95
-0.88,98140.0,-1.4931636658485823,95.6
-0.85,98120.0,-1.9913529103429088,91.95
-0.77,98140.0,-1.9121222031699099,91.95
-0.77,98130.0,-1.9121222031699099,91.95
-0.81,98120.0,-1.9517375245163122,91.95
-0.78,98100.0,-1.9220260274615006,91.95
-0.83,98090.0,-1.9715452093695762,91.95
-0.77,98110.0,-1.9121222031699099,91.95
-1.12,98120.0,-2.2587584512445487,91.95
-1.05,98150.0,-2.1894308066843284,91.95
-0.81,98170.0,-2.4759709069548155,88.45
-0.36,98180.0,-2.0322839874914305,88.45
-0.06,98170.0,-1.7364992936852537,88.45
0.29,98120.0,-1.3837360283936162,88.5
0.47,98090.0,-0.676639660714633,92.0
0.53,98090.0,-0.6172160670770783,92.0
0.29,98090.0,-0.8549113064873436,92.0
0.07,98100.0,-0.5480865075502485,95.6
0.02,98100.0,-0.597826921187484,95.6
-0.03,98100.0,-1.1718418799715584,92.0
-0.6,98120.0,-1.74375780680122,91.95
-0.57,98120.0,-1.7140465636353173,91.95
-0.41,98110.0,-1.555587212635097,91.95
-0.29,98090.0,-1.4293509900102395,92.0
-0.19,98090.0,-1.3303087042805557,92.0
-0.14,98040.0,-1.280787711570825,92.0
0.1,98030.0,-0.5182422854706193,95.6
0.16,98020.0,-0.9836638574648697,92.0
0.2,97980.0,-0.9440476158607201,92.0
0.21,97960.0,-0.9341435654697828,92.0
0.25,97900.0,-0.8945274039463599,92.0
0.29,97890.0,-0.8549113064873436,92.0
0.36,97890.0,-0.7855832900885754,92.0
0.43,97890.0,-0.7162554698857434,92.0
0.62,97940.0,-0.5280809468877083,92.0
0.84,97930.0,-0.8337344735802826,88.55
1.09,97900.0,-0.5872322670959287,88.55
1.18,97830.0,-1.5471226485144853,82.0
1.17,97780.0,-1.5568956307603452,82.0
1.02,97800.0,-0.6562525194739902,88.55
0.71,97810.0,-0.9619170537124606,88.55
0.2,97800.0,-1.47247481185854,88.5
-0.14,97820.0,-1.280787711570825,92.0
-0.59,97830.0,-1.7338540550492951,91.95
-0.75,97850.0,-1.8923145666767336,91.95
-0.77,97880.0,-2.436531589624788,88.45
-0.81,97860.0,-3.0031188542830236,85.05
-0.76,97870.0,-2.954040460991055,85.05
-0.93,97840.0,-2.6019029449380935,88.4
-1.05,97830.0,-3.246572432217973,85.0
-1.03,97830.0,-3.226942002351684,85.0
-0.91,97840.0,-3.1091600699081,85.0
-0.98,97830.0,-3.1778660624267796,85.0
-0.94,97800.0,-3.138605449076814,85.0
-0.93,97780.0,-3.1287903149878518,85.0
-1.0,97780.0,-2.670917997973796,88.4
-0.87,97800.0,-3.062013179416068,85.05
-0.73,97830.0,-2.397092365962989,88.45
-0.34,97860.0,-3.0654775260366938,81.8
0.18,97840.0,-3.5965994337271128,75.7
0.66,97840.0,-3.6449752003278957,72.85
0.76,97770.0,-3.548555474061126,72.85
0.86,97760.0,-3.4521372089389954,72.85
0.71,97750.0,-3.596765154549355,72.85
0.27,97770.0,-2.980508356258896,78.75
0.0,97760.0,-2.7332462376749906,81.8
-0.41,97760.0,-2.6104970783925063,85.05
-0.57,97780.0,-2.2393364079913924,88.45
-1.21,97750.0,-2.8779648860389417,88.4
-1.11,97730.0,-2.7793708063711766,88.4
-0.98,97730.0,-2.1201033595975978,91.95
-0.8,97700.0,-2.4661110688408945,88.45
-0.53,97680.0,-1.6744316291667802,91.95
-0.29,97640.0,-1.963267087690771,88.45
-0.18,97630.0,-1.320404497730355,92.0
-0.23,97630.0,-1.3699255705227065,92.0
-0.19,97640.0,-1.3303087042805557,92.0
-0.28,97640.0,-1.4194467434186069,92.0
-0.37,97630.0,-0.9858040139114342,95.6
-0.33,97650.0,-1.46896801641836,92.0
-0.25,97700.0,-1.3897340276686239,92.0
-0.12,97770.0,-1.2609793425157902,92.0
0.04,97830.0,-1.1025129666664766,92.0
0.35,97860.0,-1.3245771016469237,88.5
0.73,97890.0,-2.524449690074488,78.8
1.09,97870.0,-2.7064361616458967,75.75
1.27,97900.0,-2.514341730651847,75.85
1.12,97930.0,-1.6140424417028696,81.95
0.81,97980.0,-1.9169897313804143,81.95
0.2,98040.0,-1.9958704187317442,85.15
-0.04,98080.0,-2.2393956444161978,85.1
-0.25,98150.0,-1.923828988021673,88.45
-0.27,98200.0,-2.4651603501916797,85.1
-0.78,98260.0,-2.4463914101758855,88.45
-1.29,98310.0,-2.956840573197385,88.4
-1.36,98350.0,-3.025857108210159,88.4
-1.35,98400.0,-3.0159975855654517,88.4
-1.52,98410.0,-2.6622400834059055,91.9
-1.49,98440.0,-2.632529578658729,91.9
-1.51,98480.0,-3.1813309807421595,88.35
-1.65,98520.0,-3.3193572299535683,88.35
-1.64,98520.0,-3.3094981737539095,88.35
-1.55,98530.0,-3.2207669337954496,88.35
-1.38,98560.0,-3.570478971528465,85.0
-0.91,98600.0,-2.5821844112832775,88.4
-0.71,98670.0,-2.3773727892575707,88.45
-0.44,98730.0,-2.6399432857900345,85.05
-0.27,98780.0,-2.9970760732608306,81.8
-0.02,98790.0,-2.7527889521116546,81.8
0.23,98770.0,-3.019423163095178,78.75
0.36,98780.0,-2.365002126419995,81.9
0.4,98810.0,-2.3259126967649166,81.9
0.3,98850.0,-2.423636552835561,81.9
-0.11,98880.0,-2.308106213732666,85.1
-0.58,98890.0,-2.2491961114581964,88.45
-1.14,98930.0,-2.278566385961085,91.95
-2.04,98960.0,-3.7114153991619188,88.3
-1.73,98970.0,-3.3982298922227563,88.35
-1.13,98980.0,-2.799089575257817,88.4
-0.37,98980.0,-2.57123557593485,85.05
-0.36,99010.0,-2.553504161969777,85.1
-0.41,98980.0,-2.081581948684739,88.45
-0.19,99000.0,-2.386633037335909,85.1
-0.67,99040.0,-2.3379337060974867,88.45
-0.81,99040.0,-2.4759709069548155,88.45
-0.29,99020.0,-1.963267087690771,88.45
-0.77,98980.0,-2.436531589624788,88.45
-1.01,99000.0,-2.149815098454395,91.95
-1.97,99020.0,-3.11519769184814,91.85
-2.34,99040.0,-3.4816142312143996,91.85
-1.75,99080.0,-3.417948116865782,88.35
-1.15,99100.0,-3.3447250435210116,85.0
-0.5,99080.0,-3.23001419367711,81.75
-0.1,99030.0,-2.830960188011155,81.8
0.27,98990.0,-3.509434965351075,75.7
0.07,98980.0,-3.720765394912285,75.6
-0.57,98980.0,-3.2984123916679486,81.75
-1.54,98980.0,-3.735374017966685,84.95
-2.19,98980.0,-4.388981162965916,84.85
-2.44,98980.0,-4.113294996231028,88.25
-3.67,98970.0,-5.333359972327555,88.2
-4.06,98970.0,-5.725273989535916,88.15
-4.72,98970.0,-6.383307955483472,88.1
-5.4,98950.0,-7.061003737338565,88.05
-5.73,98910.0,-7.3936442746190885,88.0
-5.95,98880.0,-7.6105014698172875,88.0
-6.23,98850.0,-7.886505803041041,88.0
-5.17,98830.0,-7.359724472072368,84.55
-3.1,98790.0,-6.351122729714053,78.2
-2.25,98770.0,-6.019730734565638,75.3
-2.22,98730.0,-5.990683748410074,75.3
-2.2,98720.0,-5.971319156813252,75.3
-2.82,98730.0,-5.537394648894576,81.5
-2.98,98720.0,-5.701761652793604,81.45
-2.53,98720.0,-5.254070067673508,81.5
-1.72,98700.0,-5.497866586915521,75.35
-1.18,98650.0,-5.482639506852594,72.5
-0.74,98530.0,-5.567222453424307,69.75
-0.4,98450.0,-5.240943488161425,69.75
-0.49,98410.0,-4.799339028844397,72.6
-0.88,98380.0,-5.19346176504997,72.5
-1.4,98350.0,-5.712808476774202,72.4
-1.61,98310.0,-5.915216121055511,72.4
-1.67,98250.0,-5.9730480826119665,72.4
-1.74,98200.0,-5.517231368482869,75.35
-1.49,98140.0,-5.275175375829379,75.35
-1.22,98060.0,-4.472345783149827,78.5
-0.95,97990.0,-3.6778874896566776,81.7
-0.64,97900.0,-3.366811054292994,81.75
-0.44,97800.0,-2.6399432857900345,85.05
-0.17,97720.0,-2.367001285567852,85.1
0.0,97650.0,-1.6773429871490788,88.45
0.23,97550.0,-1.9664217105701578,85.15
0.52,97430.0,-1.1569612817638526,88.5
0.8,97310.0,-0.873175163054533,88.55
1.0,97220.0,-0.6759726437871276,88.55
0.83,97200.0,-0.8435946372478283,88.55
1.08,97160.0,-0.06503256698518811,92.05
1.33,97120.0,-0.3428466620812131,88.6
1.51,97090.0,0.3608496462627781,92.05
1.69,97050.0,0.5466321241598716,92.1
1.66,97000.0,0.5169179923552777,92.1
1.63,96980.0,1.011044946633539,95.65
1.88,97010.0,1.2597528472583621,95.65
2.19,97120.0,1.5754371917893768,95.7
2.02,97230.0,1.3990286846527082,95.65
1.4,97330.0,0.2519037337081689,92.05
0.69,97400.0,-0.9816375376666321,88.55
0.39,97520.0,-1.2851379336951063,88.5
0.39,97640.0,-1.2851379336951063,88.5
0.17,97720.0,-1.502054511239375,88.5
-0.23,97790.0,-1.3699255705227065,92.0
-0.24,97850.0,-1.9139694777393947,88.45
-0.51,97890.0,-1.6546241861121813,91.95
-0.81,97890.0,-2.4759709069548155,88.45
-1.23,97930.0,-2.8976837725430733,88.4
-1.49,97950.0,-2.632529578658729,91.9
-1.47,97970.0,-3.1418951222083358,88.35
-1.26,97960.0,-2.9272621464060804,88.4
-1.33,97930.0,-3.52140168417002,85.0
-1.6,97940.0,-3.2700620080305796,88.35
-1.2,97970.0,-2.868105451608222,88.4
-0.47,97950.0,-2.1407396953012916,88.45
0.22,97920.0,-1.976237939006871,85.15
1.07,97890.0,-1.133883194603032,85.2
1.5,97840.0,-0.7037645730513968,85.25
1.56,97780.0,-0.6448651838462724,85.25
1.37,97740.0,-1.3614377606530925,82.0
0.92,97700.0,-1.8094912753968477,81.95
0.72,97660.0,-2.0049438567946862,81.95
0.58,97580.0,-1.6228585140186143,85.15
0.6,97500.0,-1.6032266131847452,85.15
0.43,97450.0,-1.7700987414230138,85.15
0.46,97440.0,-1.7406505588378056,85.15
0.54,97460.0,-1.6621224070883511,85.15
0.35,97520.0,-1.848627563463805,85.15
-0.21,97590.0,-2.938446625307316,81.8
-0.86,97630.0,-3.581781304602356,81.75
-1.33,97670.0,-4.049187912621057,81.7
-1.56,97740.0,-3.7550039165886377,84.95
-1.67,97800.0,-3.8629689114965036,84.95
-1.74,97850.0,-3.9316743950667252,84.95
-1.6,97920.0,-3.794263806557401,84.95
-1.42,97990.0,-3.0926004319585365,88.35
-1.18,98130.0,-3.374170977053576,85.0
-1.02,98230.0,-2.690636637482412,88.4
-0.71,98350.0,-2.9049622595029514,85.05
-0.33,98410.0,-2.5240561559082297,85.1
0.11,98450.0,-2.0921599714947643,85.1
0.55,98440.0,-2.708109711776802,78.75
0.81,98460.0,-2.977608753439116,75.75
0.53,98470.0,-2.727566467441977,78.75
-0.21,98520.0,-2.938446625307316,81.8
-1.44,98570.0,-3.1123182903361624,88.35
-2.48,98590.0,-4.1527280646397555,88.25
-2.47,98600.0,-4.142869788596316,88.25
-2.11,98650.0,-4.310468373969778,84.85
-1.61,98650.0,-3.804078798367323,84.95
-1.79,98670.0,-3.980749972290727,84.95
-2.11,98650.0,-3.780426117656976,88.3
-2.53,98670.0,-4.2020195342697555,88.25
-2.62,98670.0,-4.290744555139258,88.25
-2.66,98680.0,-4.330178052731675,88.25
-2.22,98710.0,-3.8888721199225236,88.3
-2.03,98740.0,-3.7015567488279335,88.3
-1.95,98760.0,-3.6226877597856535,88.3
-2.48,98770.0,-3.620259784416691,91.85
-2.59,98790.0,-3.729196137482126,91.85
-2.29,98860.0,-3.432098156103455,91.85
-2.18,98940.0,-3.3231631500636634,91.85
-1.41,98980.0,-3.0827415116308536,88.35
-1.1,99040.0,-3.2956486416251454,85.0
-1.03,99080.0,-3.7560548584506543,81.7
-1.07,99050.0,-3.7951387711055107,81.7
-0.83,99050.0,-4.6011066030586845,75.55
-0.89,99050.0,-4.676732734859895,75.45
-1.33,99100.0,-4.57934158024565,78.5
-1.88,99140.0,-4.594724356944734,81.65
-2.15,99180.0,-4.3497247062130935,84.85
-2.45,99200.0,-4.644151166819388,84.85
-2.3,99230.0,-5.02128184541629,81.55
-2.39,99250.0,-4.5852653143933555,84.85
-2.61,99270.0,-5.332227764390694,81.5
-3.09,99260.0,-5.280041218560471,84.8
-3.36,99290.0,-6.073006924433479,81.45
-3.84,99270.0,-6.549960947873406,81.4
-4.48,99270.0,-6.146724314109056,88.1
-5.41,99260.0,-7.070861246576865,88.05
-5.66,99250.0,-7.324644876612356,88.0
-5.53,99240.0,-7.720603104682292,84.5
-5.55,99220.0,-7.740227487508713,84.5
-5.53,99210.0,-8.24852282436105,81.1
-6.76,99230.0,-9.465618704309687,81.0
-6.64,99200.0,-9.875538332747512,77.7
-6.18,99160.0,-9.420177420324586,77.75
-4.2,99130.0,-9.017243426375309,69.05
-3.25,99090.0,-8.597909934354043,66.45
-2.84,99010.0,-8.177484628487424,66.6
-2.54,98940.0,-7.369250476841661,69.35
-2.38,98890.0,-7.728506643907819,66.65
-2.47,98870.0,-6.771137770725443,72.25
-3.3,98780.0,-6.54562017598232,78.2
-3.15,98740.0,-6.925704297815345,75.1
-2.99,98680.0,-6.770815785830919,75.1
-4.83,98690.0,-7.018439108840193,84.6
-4.76,98640.0,-6.949748796751495,84.6
-4.54,98620.0,-7.257717971533758,81.25
-4.6,98570.0,-7.316327576523678,81.25
-4.84,98510.0,-7.550769512515594,81.25
-5.18,98420.0,-7.890824914130253,81.2
-5.23,98370.0,-8.471967021046797,77.9
-4.25,98330.0,-8.016351329829572,74.95
-4.65,98290.0,-7.89154789145275,78.0
-4.98,98270.0,-7.6954630729164775,81.2
-4.84,98270.0,-8.07630123484109,78.0
-4.98,98250.0,-7.173287500389328,84.55
-4.77,98300.0,-7.482390033389278,81.25
-4.21,98340.0,-6.927390654617504,81.3
-3.91,98380.0,-6.107963733817099,84.65
-3.59,98430.0,-6.305724384516748,81.4
-2.46,98450.0,-5.185682588316541,81.5
-1.66,98440.0,-5.439772557509357,75.35
-1.44,98430.0,-4.694765576416718,78.45
-1.46,98460.0,-4.71421834668183,78.45
-1.95,98490.0,-4.153444290079735,84.85
-2.17,98550.0,-4.894270947058408,81.55
-2.32,98600.0,-5.040822127564674,81.55
-2.82,98640.0,-5.537394648894576,81.5
-3.24,98670.0,-4.9019744857740495,88.25
-2.94,98680.0,-4.606215206400889,88.25
-2.3,98670.0,-3.9677423907561225,88.3
-1.74,98650.0,-3.4080890015904752,88.35
-1.2,98660.0,-2.868105451608222,88.4
-0.72,98650.0,-1.8626031421619422,91.95
-0.37,98640.0,-1.5085851068931402,92.0
-0.03,98650.0,-0.6475673892054473,95.6
0.37,98650.0,-0.24246332602380136,95.65
0.63,98680.0,-0.5107311319279711,92.05
0.82,98700.0,0.20522211845207902,95.65
0.84,98730.0,0.2251191482628955,95.65
1.07,98780.0,0.4539343729377328,95.65
1.09,98810.0,0.4738312952444362,95.65
1.36,98810.0,0.2122869188929487,92.05
1.82,98790.0,0.14808648334676677,88.65
2.15,98800.0,-0.04957447872451561,85.35
2.24,98710.0,0.562238454124685,88.65
2.03,98670.0,0.8833897986557911,92.1
1.87,98620.0,0.19739082102457253,88.65
1.75,98590.0,0.07906016920435631,88.65
1.45,98570.0,0.30142466272147395,92.05
1.4,98580.0,0.2519037337081689,92.05
1.34,98570.0,0.19247848761709346,92.05
1.29,98590.0,0.1429573398115875,92.05
1.29,98580.0,0.1429573398115875,92.05
1.32,98540.0,0.17267004042904957,92.05
1.48,98520.0,0.3311371723931876,92.05
1.63,98510.0,1.011044946633539,95.65
1.72,98480.0,0.5763462203941256,92.1
1.58,98440.0,0.4301786127283747,92.05
1.6,98380.0,0.4499868530594596,92.05
1.56,98320.0,0.4103703564853315,92.05
1.62,98250.0,0.4697950774786043,92.05
1.57,98160.0,0.4202744865958495,92.05
1.34,98060.0,0.19247848761709346,92.05
0.97,97950.0,-0.7055528737612534,88.55
1.02,97850.0,-0.6562525194739902,88.55
1.31,97730.0,-0.36256771400582893,88.6
1.45,97620.0,-0.22452083555296073,88.6
1.37,97540.0,0.22219112856381132,92.05
1.28,97450.0,-0.39214933519827555,88.6
1.43,97380.0,0.2816163030502311,92.05
1.74,97360.0,0.06919924419406924,88.65
2.34,97360.0,0.6608445719158674,88.65
2.94,97380.0,1.792272318018927,92.15
3.44,97400.0,2.287509304133875,92.15
3.69,97450.0,3.0677375737311245,95.7
3.42,97490.0,2.267700013146761,92.15
3.28,97530.0,2.1290345365057943,92.15
3.24,97500.0,2.0894156875513694,92.15
3.09,97490.0,1.9408444444870148,92.15
2.43,97490.0,0.22531057635766888,85.35
1.95,97450.0,-0.2539730832784973,85.3
1.67,97410.0,-1.0599429368761553,82.05
1.53,97380.0,-1.2050741547605164,82.0
1.66,97340.0,-2.1187949373063284,75.95
1.86,97290.0,-1.9250624775924534,75.95
1.92,97230.0,-2.4024552997558306,73.0
1.99,97190.0,-2.334958308438169,73.0
2.11,97240.0,-1.6829040901910175,75.95
2.66,97230.0,-2.1800182262549774,70.4
3.62,97230.0,-1.7697321753471207,67.8
4.58,97190.0,-0.8320747517614202,67.9
5.43,97130.0,0.02079279570243414,68.1
6.03,97080.0,0.6146595628927095,68.2
6.41,97010.0,0.9982831191997286,68.3
6.65,97000.0,1.2277548678329169,68.3
6.64,96980.0,1.2181937446835975,68.3
6.1,96960.0,0.6815830878750754,68.2
6.05,96930.0,0.10764921850212543,65.65
6.28,96940.0,-0.7167373667043744,60.85
4.26,96920.0,-0.6051710670094101,70.6
4.7,96840.0,-1.2294866984933872,65.4
5.03,96820.0,-1.435779019311582,62.95
4.69,96780.0,-2.817070443266245,58.2
4.15,96740.0,-3.381764913777121,57.95
3.93,96670.0,-3.588281518160546,57.95
4.12,96620.0,-3.40992557992955,57.95
4.37,96550.0,-3.668771522483254,55.85
4.46,96480.0,-3.5846508314510905,55.85
4.85,96430.0,-4.249735725048722,51.7
5.09,96360.0,-4.027414308063766,51.7
6.07,96310.0,-4.110966507395891,48.0
7.66,96260.0,-2.006357006468522,50.35
7.99,96260.0,-1.1461713770838646,52.45
8.69,96290.0,0.5997751806419694,56.8
8.9,96360.0,1.8915157321199438,61.45
8.63,96410.0,4.267892990604328,74.05
8.59,96400.0,4.229297007113304,74.05
8.53,96360.0,4.701489336546451,76.85
8.33,96400.0,5.03816394509163,79.75
7.93,96430.0,4.6398150930926585,79.7
7.38,96430.0,4.095496753136987,79.65
6.91,96440.0,3.6201750694006254,79.55
6.47,96400.0,3.716347684070485,82.55
6.69,96320.0,4.473545493575722,85.75
7.25,96230.0,5.031788632855209,85.8
7.54,96120.0,4.779636767078238,82.65
7.71,96040.0,4.425666799034004,79.7
7.77,95970.0,3.955645156343968,76.8
7.81,95910.0,4.52300756968835,79.7
7.64,95850.0,4.348570937882229,79.65
7.71,95830.0,3.897495126170607,76.8
7.65,95760.0,4.358304416662822,79.65
7.82,95730.0,4.004103177391333,76.8
7.93,95690.0,4.1107097439331675,76.8
7.96,95700.0,4.139784004413476,76.8
7.76,95740.0,3.9459535153240193,76.8
7.1,95830.0,4.8761362379781925,85.75
6.17,95920.0,5.014668574007601,92.3
5.26,95980.0,4.105536338074053,92.25
4.36,96030.0,3.2063883497419887,92.2
3.49,96070.0,1.8105270652463255,88.75
3.18,96080.0,1.5048265303659207,88.75
3.17,96130.0,1.4949651316839874,88.75
3.22,96220.0,1.5442720681524946,88.75
2.78,96260.0,1.1025373524093203,88.7
1.93,96290.0,0.7843438980697577,92.1
0.77,96330.0,0.15547950629842142,95.65
-0.85,96370.0,-1.46331882382032,95.6
-0.51,96400.0,-0.5924475293912995,99.4
-1.28,96390.0,-1.8910967636518978,95.6
-1.29,96380.0,-1.901045135690889,95.6
-0.97,96360.0,-1.052128101748376,99.4
-0.4,96320.0,-1.015648542700078,95.6
-0.1,96350.0,-0.7172041357903882,95.6
-0.11,96360.0,-0.7271522511463248,95.6
-0.03,96410.0,-0.11278150596517,99.4
0.15,96410.0,-0.4613333501820844,95.65
0.16,96400.0,-0.45138469014394744,95.65
0.19,96430.0,-0.4215387229303599,95.65
0.14,96530.0,-0.47128201237035966,95.65
0.06,96500.0,-0.022844201700388464,99.4
0.71,96480.0,0.09578830076088422,95.65
1.95,96470.0,0.8041531098045143,92.1
2.96,96460.0,0.22590766357204262,82.2
3.68,96360.0,0.4062742942506293,79.15
4.0,96290.0,0.1838020464553675,76.15
3.93,96270.0,0.11599474400659358,76.15
3.41,96260.0,-0.38773606019800744,76.15
2.63,96280.0,-0.10500937581074232,82.15
2.18,96280.0,-0.5448348250337947,82.15
1.72,96230.0,0.04947737693098864,88.65
-0.04,96210.0,-1.1817460264600672,92.0
-1.03,96200.0,-2.1696229445092294,91.95
-1.47,96160.0,-2.6127225957735485,91.9
-1.76,96110.0,-2.899925435509524,91.9
-1.61,96100.0,-2.751371816667797,91.9
-1.23,96050.0,-2.8976837725430733,88.4
-0.87,96030.0,-3.062013179416068,85.05
-0.82,95980.0,-2.485830750923021,88.45
-0.76,95950.0,-2.426671774927955,88.45
-0.67,95910.0,-1.8130841819037262,91.95
-0.56,95870.0,-1.7041428239732597,91.95
-0.55,95850.0,-1.1648714803036566,95.6
-0.31,95880.0,-1.4491594952059772,92.0
-0.47,95930.0,-1.0852858526743474,95.6
0.26,95960.0,-0.8846233735755737,92.0
-0.29,96020.0,-0.9062186995196374,95.6
0.51,96050.0,-0.10318294339091366,95.65
0.71,96120.0,-0.4314952427237929,92.05
0.77,96200.0,-0.372068492905051,92.05
0.76,96280.0,-0.38197294126270104,92.05
0.77,96370.0,-0.372068492905051,92.05
0.63,96440.0,-1.0407991287472214,88.55
0.55,96520.0,-0.597408234562912,92.0
0.47,96560.0,-0.676639660714633,92.0
0.0,96670.0,-1.142129464530583,92.0
-0.16,96660.0,-1.30059609664234,92.0
-0.26,96690.0,-1.9336885041579448,88.45
-0.29,96720.0,-1.963267087690771,88.45
-0.42,96740.0,-1.5654908918481525,91.95
-0.62,96720.0,-2.2886349838671145,88.45
-0.6,96700.0,-2.796990891373183,85.05
-1.81,96670.0,-3.4771029325772846,88.35
-2.61,96650.0,-4.280886195643475,88.25
-2.5,96660.0,-4.172444634609178,88.25
-1.24,96670.0,-3.4330630520086958,85.0
-1.26,96690.0,-3.4526938052577014,85.0
-1.08,96760.0,-2.7497926971475244,88.4
-1.1,96820.0,-2.7695114307491226,88.4
-0.61,96870.0,-2.278775256983619,88.45
-0.18,96910.0,-3.4352985006180776,78.65
-0.04,96950.0,-2.772331704363493,81.8
0.49,96970.0,-2.7664801127872156,78.75
1.01,96970.0,-2.7839130133143035,75.75
1.03,97050.0,-2.764543723020754,75.75
0.61,97120.0,-2.12069565795228,81.9
-1.22,97200.0,-3.413432329558386,85.0
-2.9,97290.0,-5.085803990137524,84.85
-3.91,97370.0,-5.577405302222758,88.15
-5.34,97460.0,-6.474054656849359,91.7
-5.25,97550.0,-6.384931188303393,91.7
-4.99,97590.0,-6.12746528305685,91.7
-5.83,97630.0,-6.438290402689983,95.45
-7.04,97660.0,-7.641966553124685,95.45
-6.4,97690.0,-7.005307293319354,95.45
-4.27,97650.0,-5.932292425305126,88.15
-2.76,97650.0,-4.948399200778338,84.85
-2.06,97600.0,-4.261398133756226,84.85
-1.75,97550.0,-3.94148949505703,84.95
-1.3,97500.0,-4.019874222007428,81.7
-0.84,97500.0,-3.032565982324527,85.05
-0.63,97580.0,-2.2984947166047967,88.45
-0.37,97640.0,-2.5633201792797258,85.1
0.21,97700.0,-1.9860541750607301,85.15
1.01,97770.0,-1.1927808248128247,85.2
1.38,97840.0,-0.8215641681533535,85.25
1.31,97900.0,-0.8902811015046936,85.25
1.44,97950.0,-0.7626642344864614,85.25
1.21,98030.0,-0.9884487919294559,85.25
0.76,98140.0,-1.4381905582690298,85.2
0.34,98230.0,-1.3344369082031036,88.5
-0.06,98290.0,-1.7364992936852537,88.45
-0.5,98320.0,-2.1703186476399527,88.45
-0.4,98400.0,-2.071722344737945,88.45
-0.72,98400.0,-2.387232574683161,88.45
-1.14,98380.0,-2.278566385961085,91.95
-1.4,98400.0,-2.5433982834366176,91.9
-0.98,98400.0,-2.1201033595975978,91.95
-0.41,98370.0,-1.555587212635097,91.95
-0.09,98330.0,-1.2312668189640965,92.0
-0.21,98290.0,-1.3501171293933572,92.0
-0.28,98250.0,-1.953407553992489,88.45
-0.34,98230.0,-2.0125648439924966,88.45
-0.45,98180.0,-1.5952019536668272,91.95
-0.81,98130.0,-2.4759709069548155,88.45
-2.04,98140.0,-3.7114153991619188,88.3
-2.06,98100.0,-3.7311327176324154,88.3
-1.52,98060.0,-3.191189960144269,88.35
-0.44,98020.0,-2.6399432857900345,85.05
0.48,98020.0,-2.7762085520434066,78.75
0.59,97900.0,-2.1402399592863004,81.9
0.65,97830.0,-3.132569059771677,75.75
0.53,97740.0,-2.1988730888274532,81.9
0.28,97720.0,-2.4431814368233034,81.9
-0.01,97720.0,-2.209948372233013,85.1
0.07,97710.0,-1.6083275625408846,88.45
0.15,97660.0,-2.0449517513444575,85.15
0.16,97730.0,-2.0351354695875337,85.15
0.41,97720.0,-1.265418384682867,88.5
0.72,97720.0,-0.9520568204364814,88.55
0.96,97720.0,-0.18388472996189395,92.05
1.14,97700.0,-0.005606700315008459,92.05
1.34,97680.0,0.19247848761709346,92.05
1.56,97640.0,0.9414064936551129,95.65
1.85,97610.0,1.229907970134185,95.65
2.03,97550.0,1.4089769426272214,95.65
2.07,97480.0,1.9857494120166628,99.4
2.0,97440.0,1.3791321622536572,95.65
1.83,97380.0,1.2100113746346353,95.65
1.45,97250.0,0.8319744261206677,95.65
1.59,97230.0,1.5060863409619065,99.4
1.76,97130.0,1.1403732226605054,95.65
1.87,97050.0,1.249804557033655,95.65
1.58,96960.0,1.4960933531390601,99.4
1.32,96810.0,1.2362755669395935,99.4
1.01,96720.0,0.9195135186030031,99.35
0.96,96670.0,0.8695514138993302,99.35
0.67,96650.0,0.5797710501627028,99.35
0.62,96680.0,0.536765158434323,99.4
0.48,96720.0,0.3968629045116257,99.4
0.53,96820.0,0.4468280017884249,99.4
0.4,96920.0,0.31691873363823925,99.4
0.33,97000.0,0.24696756874706624,99.4
0.34,97030.0,0.25696059318163167,99.4
0.31,97040.0,0.22698151899925165,99.4
0.22,97050.0,-0.39169277506799255,95.65
0.15,97000.0,-0.4613333501820844,95.65
0.2,96930.0,-0.41159007149276944,95.65
0.33,96830.0,-0.28225779846611504,95.65
0.44,96700.0,-0.17282308202946262,95.65
0.53,96550.0,0.4468280017884249,99.4
0.69,96450.0,0.07589121504758455,95.65
0.92,96330.0,0.8295817244240294,99.35
0.63,96210.0,0.5467581743749517,99.4
0.92,96100.0,0.8295817244240294,99.35
1.28,96030.0,1.196303582258391,99.4
1.23,95990.0,1.1463385948167886,99.4
2.32,96020.0,1.704771783771843,95.7
4.19,96000.0,3.5725671258888765,95.75
5.21,95990.0,4.056010326873146,92.25
5.79,96040.0,4.102506799558166,88.9
5.93,96070.0,4.240572450115703,88.9
5.71,96130.0,4.0236116480693145,88.9
5.64,96180.0,4.481930857842607,92.25
5.49,96200.0,4.3333547420481935,92.25
5.17,96260.0,3.4830878004305026,88.85
5.05,96270.0,3.8975264401289773,92.25
4.94,96280.0,3.7885681926385324,92.25
4.97,96270.0,3.8182841248112016,92.25
4.92,96250.0,4.298839585260644,95.75
4.96,96230.0,4.338635013105404,95.75
4.78,96250.0,4.159555323243515,95.75
4.3,96340.0,3.682006157687068,95.75
3.2,96420.0,2.049796775777684,92.15
1.42,96550.0,0.8021292716421278,95.65
-0.15,96650.0,-1.2906919021045213,92.0
-1.16,96750.0,-2.828667772694193,88.4
-1.78,96810.0,-3.9709348413914127,84.95
-1.99,96900.0,-4.192700124290948,84.85
-1.79,96950.0,-4.506784949178098,81.65
-1.27,96940.0,-4.520980066666374,78.5
-0.78,96950.0,-4.027443970855592,78.6
-0.46,96920.0,-3.716162042370008,78.6
-0.16,96890.0,-4.472105882936182,72.65
-0.15,96840.0,-4.462465658483091,72.65
-0.22,96840.0,-4.529947539078971,72.65
-0.49,96870.0,-4.271853940206387,75.55
-0.87,96890.0,-4.6398431997891,75.55
-1.18,96890.0,-4.433438559985403,78.5
-2.11,96980.0,-4.83565107939607,81.55
-2.3,97010.0,-5.02128184541629,81.55
-2.45,97030.0,-5.175912986904905,81.5
-2.64,97040.0,-5.361537059460368,81.5
-2.82,97060.0,-5.537394648894576,81.5
-3.09,97060.0,-5.280041218560471,84.8
-3.23,97050.0,-5.417440434837711,84.8
-3.54,97060.0,-5.7371539525688275,84.7
-3.74,97080.0,-5.933419881734464,84.7
-4.1,97100.0,-5.764705868040911,88.15
-4.35,97130.0,-6.539736992630437,84.65
-4.52,97130.0,-6.186154679349572,88.1
-4.78,97190.0,-5.912380190631545,91.75
-4.2,97200.0,-5.863285985329162,88.15
-3.11,97200.0,-5.828765045539856,81.45
-1.71,97160.0,-6.011603021446241,72.4
-0.44,97150.0,-5.807449866754931,67.0
0.52,97080.0,-5.910012194380618,62.0
1.02,97020.0,-4.885346935263426,64.65
0.94,96950.0,-4.961438514431898,64.65
0.22,96920.0,-5.1377499453954005,67.2
-5.01,96910.0,-9.149351911659679,72.65
-4.0,96870.0,-7.841523510188075,74.56
-2.99,96840.0,-6.537431948109572,76.46
-1.98,96790.0,-5.23343837502579,78.37
-0.96,96730.0,-3.9229799797482436,80.27
0.05,96670.0,-2.62201460551573,82.18
1.06,96570.0,-1.323945260425673,84.08
2.07,96540.0,-0.02535757628462275,85.99
3.08,97420.0,1.27067562884134,87.89
4.09,97510.0,2.565909122183656,89.79
5.11,97600.0,3.871918959693031,91.7
6.12,97690.0,5.165936441542182,93.6
7.13,97730.0,6.461035300708333,95.51
8.14,97800.0,7.754266688698537,97.41
9.15,97890.0,9.048759028441207,99.32
10.16,97960.0,10.160000000000002,100.0
9.64,98090.0,9.009944189381635,95.85
9.59,98170.0,8.960198572001678,95.85
9.62,98210.0,8.990045948577547,95.85
9.6,98240.0,8.970147699576268,95.85
9.66,98220.0,9.029842421988535,95.85
9.51,98180.0,8.346827119664871,92.45
9.24,98210.0,7.54565576821774,89.15
8.85,98230.0,6.628246781073836,85.95
8.59,98250.0,6.364465059122801,85.9
8.52,98300.0,5.755113944744537,82.75
8.45,98340.0,5.154973509368889,79.75
8.95,98330.0,5.659741220661434,79.85
8.91,98310.0,5.088426805245424,76.95
8.97,98280.0,5.679211167069047,79.85
9.0,98270.0,5.708416007704913,79.85
9.02,98270.0,6.261445437706858,82.85
8.95,98250.0,6.1930017973432445,82.85
9.0,98210.0,6.241890156199354,82.85
9.05,98160.0,6.290778293502411,82.85
9.09,98140.0,6.329888643827674,82.85
8.99,98080.0,6.232112502152422,82.85
8.87,98080.0,6.647887936020762,85.95
8.73,98060.0,6.510399248369076,85.95
9.25,98090.0,7.021064424191941,85.95
9.34,98090.0,7.109446811014905,85.95
9.4,98060.0,7.168368079200259,85.95
9.53,98050.0,7.296029940406488,85.95
9.24,97980.0,7.54565576821774,89.15
9.38,97910.0,7.683740641235051,89.15
9.5,97760.0,7.802098248777667,89.15
9.44,97710.0,7.742919543664694,89.15
9.24,97600.0,7.54565576821774,89.15
8.96,97600.0,7.801984961431368,92.45
8.14,97710.0,7.509910462807691,95.8
6.73,97800.0,5.045634313507049,89.0
5.74,97840.0,4.0531973719824705,88.9
5.25,97860.0,3.5619801607848443,88.85
4.92,97930.0,3.236546847589113,88.85
4.71,97950.0,2.4963316943111815,85.55
4.34,98000.0,2.124861985468856,85.5
4.08,98030.0,1.8614185083989314,85.45
3.76,98030.0,1.0162450811155976,82.25
3.42,98060.0,1.2053208414074819,85.4
3.16,98040.0,0.9500725615060598,85.4
3.0,98020.0,0.2650038877328848,82.2
3.04,98020.0,0.3040999642454051,82.2
2.97,98020.0,-0.2933014018720808,79.1
2.83,98020.0,0.09884391534297222,82.2
3.07,98040.0,0.3334219247360865,82.2
3.57,98040.0,1.3525771645407405,85.4
3.96,98070.0,0.6787264898503272,79.15
4.58,98060.0,0.23726868738854184,73.4
5.06,98070.0,0.7096273443083254,73.45
5.35,98030.0,0.4804276473945591,70.8
5.2,98060.0,-0.19909150176719548,68.1
4.64,98090.0,-0.7747257015157292,67.9
3.73,98180.0,-2.194090131664182,65.2
2.7,98280.0,-2.6690342355120475,67.7
2.04,98360.0,-1.7507076337126117,75.95
1.73,98430.0,-2.585665004994055,73.0
1.39,98500.0,-1.8651868247919228,78.9
1.58,98570.0,-1.1562110183092846,82.0
1.51,98610.0,-1.2246194747259314,82.0
1.52,98640.0,-1.214846810072859,82.0
1.42,98680.0,-1.3125738769386421,82.0
1.26,98730.0,-1.4689391268291543,82.0
1.31,98780.0,-0.8902811015046936,85.25
1.31,98790.0,-0.8902811015046936,85.25
1.25,98770.0,-0.9491816250136862,85.25
1.14,98780.0,-1.5862146335451697,82.0
1.09,98760.0,-1.1142507119146663,85.2
1.36,98780.0,-0.8411975398719385,85.25
1.51,98770.0,-0.6939479892790701,85.25
2.03,98750.0,-0.17543801940810744,85.3
2.52,98730.0,-0.21252053244848412,82.15
2.82,98670.0,-0.4392624424201408,79.1
2.78,98610.0,-0.4781858032218723,79.1
2.51,98520.0,0.3038480824913002,85.35
2.14,98460.0,0.4636317616085551,88.65
1.88,98380.0,0.7348207995692689,92.1
1.64,98340.0,0.49710855139088395,92.1
1.76,98360.0,0.615964960041602,92.1
1.67,98440.0,0.5268227069090731,92.1
1.4,98560.0,0.2519037337081689,92.05
1.39,98650.0,0.24199953597141927,92.05
1.39,98750.0,0.24199953597141927,92.05
1.34,98840.0,0.19247848761709346,92.05
1.33,98930.0,0.18257426601209628,92.05
1.33,98990.0,0.18257426601209628,92.05
1.13,99070.0,-0.01551100148145337,92.05
1.13,99120.0,-0.01551100148145337,92.05
1.12,99130.0,-0.025415306625995563,92.05
1.22,99170.0,0.07362756580532556,92.05
1.23,99180.0,0.08353183116900051,92.05
1.2,99190.0,-0.47103391243816745,88.6
1.24,99230.0,-0.43159157762539324,88.6
1.29,99210.0,-0.3822887890267167,88.6
1.63,99210.0,-0.5681181609058507,85.3
2.44,99160.0,0.23512779089918148,85.35
3.05,99140.0,0.8420813825556377,85.4
3.69,99060.0,2.0077503128491285,88.75
4.07,98980.0,2.911493931518488,92.15
4.28,98930.0,3.662108170803132,95.75
4.4,98910.0,4.314104314518048,99.4
4.5,98890.0,4.414033353613498,99.4
4.83,98900.0,4.743798974823668,99.4
5.25,98900.0,4.627150860285051,95.75
5.63,98890.0,5.543229459961688,99.4
5.98,98840.0,5.353407072386835,95.75
6.22,98830.0,5.5997015589829156,95.8
6.25,98780.0,5.629549161228534,95.8
6.32,98750.0,5.163250260939426,92.3
6.16,98690.0,5.0047630974239725,92.3
6.03,98620.0,4.875991551619359,92.3
5.68,98600.0,4.529295695492062,92.3
5.4,98540.0,4.244208654143281,92.25
4.83,98490.0,3.679609476337779,92.25
4.04,98420.0,2.881780731179032,92.15
3.55,98360.0,2.3964601238432715,92.15
3.55,98310.0,2.3964601238432715,92.15
4.05,98290.0,2.891685135218198,92.15
5.18,98240.0,2.9660223030883994,85.6
6.34,98200.0,3.589262563811834,82.55
7.69,98140.0,3.878111684617094,76.8
9.01,98070.0,4.114324972283596,71.4
9.85,97970.0,4.4319627954901,69.0
10.28,97900.0,4.326349932743041,66.55
10.1,97860.0,4.133460920405054,66.45
9.21,97810.0,2.733425256868561,63.9
8.29,97800.0,2.877846408529807,68.7
7.78,97740.0,2.3695661982319325,68.6
7.31,97640.0,2.4316214047113793,71.15
7.08,97570.0,2.190966688868002,71.05
6.79,97530.0,1.912428849217945,71.05
6.42,97480.0,1.5373950891243744,70.95
5.92,97440.0,1.5769468506155313,73.65
5.45,97370.0,1.633968340999407,76.4
5.28,97320.0,0.9406827566013247,73.55
4.97,97250.0,1.1506985551790634,76.3
4.72,97170.0,0.9085020335038342,76.3
4.33,97120.0,1.0475078938105697,79.2
3.9,97080.0,0.6203445981807151,79.15
3.65,97030.0,0.3770824791205315,79.15
4.2,97040.0,1.4547602639893442,82.3
5.15,96990.0,1.3433053086131497,76.4
6.9,96950.0,2.018082684998705,71.05
8.08,96890.0,2.6564800680975584,68.6
9.56,96880.0,3.065292375498006,63.9
10.92,96870.0,2.833121703399039,57.4
10.95,96880.0,3.3925825868304242,59.6
10.15,96950.0,4.718966907775495,69.0
9.1,96950.0,5.272581591799091,76.95
7.92,97020.0,5.1598130568863665,82.7
7.05,97080.0,4.827040461635438,85.75
6.37,97160.0,3.618590034712407,82.55
6.1,97240.0,2.8051840336126017,79.4
5.53,97270.0,2.2416341390865457,79.35
5.21,97290.0,1.9302226378963538,79.35
5.02,97310.0,2.264742395275508,82.35
4.78,97270.0,2.0301575987181137,82.35
4.66,97210.0,1.9128632256046594,82.35
4.52,97110.0,1.7675336424106942,82.3
4.56,97030.0,1.806629654410015,82.3
4.64,96940.0,0.8309974877721713,76.3
4.54,96850.0,0.7250377506388646,76.25
4.63,96730.0,0.812224798510322,76.25
4.74,96600.0,-0.12483887328310452,70.7
4.91,96570.0,1.0925721062625604,76.3
5.66,96480.0,1.8557101764279593,76.5
6.78,96400.0,2.435082110897447,73.8
7.19,96300.0,3.3750621748766316,76.7
7.84,96260.0,4.0234862999195995,76.8
8.41,96170.0,4.5851910879541595,76.85
8.7,96070.0,4.884882188262233,76.95
8.14,96010.0,5.914135772244779,85.85
7.39,96050.0,5.696557430344649,89.0
6.85,96120.0,4.630655534326771,85.75
6.3,96220.0,3.5501591428508905,82.55
5.65,96310.0,2.367253901179694,79.4
5.27,96370.0,1.9886131382120162,79.35
5.12,96410.0,1.83382590994984,79.3
5.15,96450.0,0.8152833699608746,73.55
5.19,96450.0,0.3267726812493486,70.8
4.93,96470.0,0.5842437139602646,73.45
5.05,96510.0,0.6999825351042037,73.45
5.28,96530.0,-0.12260895718660068,68.1
5.21,96580.0,-0.18953112245455708,68.1
4.94,96590.0,0.5938886940411543,73.45
4.83,96620.0,0.4877931299497253,73.45
4.7,96630.0,0.8891259724720385,76.3
4.55,96620.0,1.2615782932057842,79.2
4.53,96570.0,1.7773076591666324,82.3
4.95,96500.0,1.6683945541003995,79.3
6.0,96460.0,2.1851560661283163,76.5
6.62,96320.0,2.795078654844038,76.55
6.7,96180.0,2.3578999269531047,73.8
6.65,95960.0,3.358217738676329,79.5
5.43,95710.0,3.7394866517085794,88.85
5.56,95450.0,4.402690371233315,92.25
6.71,95230.0,5.025908992432869,89.0
7.2,95070.0,5.509172955364903,89.0
7.61,94980.0,5.913526419830484,89.0
7.8,94950.0,5.58026051912506,85.85
7.63,94880.0,5.933250739965803,89.0
6.76,94970.0,4.542281365974415,85.75
5.12,95110.0,2.898871494695234,85.55
3.54,95370.0,1.3231260345396598,85.4
2.89,95510.0,-0.3711469831569059,79.1
2.51,95570.0,-0.22229432949864458,82.15
2.56,95620.0,-0.17342543681088,82.15
2.47,95690.0,-0.7971439288270411,79.0
2.28,95740.0,-0.9820117623506327,79.0
2.15,95780.0,-1.6352259463517718,76.0
1.94,95810.0,-1.3214555055877215,78.95
1.79,95860.0,-1.4674015891418692,78.95
2.01,95940.0,-0.7276592924701997,82.05
2.24,95950.0,-1.0209318132783867,79.0
2.61,95970.0,-0.6609280712873219,79.0
3.24,95960.0,-1.0924685375185257,73.2
3.16,95980.0,-1.169617821016922,73.2
3.44,95960.0,-0.36768636511674024,76.1
3.64,95960.0,-0.6880559259682898,73.3
3.06,96000.0,-0.2057259617035879,79.1
2.73,96020.0,0.0011015093050185738,82.2
2.19,96060.0,-0.01030482479270188,85.35
1.64,96120.0,-0.5583010104419046,85.3
1.68,96190.0,-0.5190324839340568,85.3
1.51,96290.0,-0.16535823408522166,88.6
1.33,96330.0,-0.3428466620812131,88.6
1.6,96390.0,0.4499868530594596,92.05
1.69,96450.0,0.019894532930023922,88.65
1.7,96510.0,0.0297554866778646,88.65
1.91,96570.0,0.23683418771295034,88.65
1.97,96630.0,0.8239623057304774,92.1
1.98,96710.0,0.30585985814231587,88.65
1.83,96750.0,0.15794736237722867,88.65
1.46,96830.0,-0.21466038754004146,88.6
0.99,96870.0,-0.6858327146445751,88.55
0.57,96920.0,-1.1076628317075645,88.5
1.69,96940.0,0.019894532930023922,88.65
1.86,96980.0,0.18752996498390223,88.65
2.36,97010.0,0.15658986436739747,85.35
3.29,97020.0,0.5484470973434707,82.2
4.05,97070.0,1.2996880102638102,82.25
4.28,97040.0,0.4731583254406873,76.25
4.6,97040.0,-0.27871581581386357,70.6
4.58,97040.0,-0.8320747517614202,67.9
4.4,97050.0,-1.0041257096011762,67.9
3.71,97070.0,-1.1526215573949274,70.5
2.54,97100.0,-1.2574481850150563,76.0
1.51,97140.0,-1.2246194747259314,82.0
0.71,97150.0,-1.4872730741776252,85.2
0.34,97140.0,-1.3344369082031036,88.5
-0.02,97160.0,-1.1619377374871431,92.0
-0.42,97180.0,-1.0355449061021345,95.6
-0.56,97180.0,-1.1748196935460267,95.6
-0.57,97150.0,-1.1847679089636673,95.6
-0.65,97140.0,-1.2643537106146154,95.6
-0.62,97130.0,-1.2345090186809526,95.6
-0.69,97110.0,-1.304146663646713,95.6
-0.51,97100.0,-1.1250786490868667,95.6
-0.56,97090.0,-1.1748196935460267,95.6
-0.42,97090.0,-1.0355449061021345,95.6
-0.5,97080.0,-1.115130446720838,95.6
0.25,97050.0,-1.4231754294378718,88.5
1.22,97030.0,-1.508030812942766,82.0
1.81,96980.0,-1.447941967663166,78.95
2.85,96940.0,-1.4685799961600172,73.2
3.61,96810.0,-1.2679650301923313,70.4
4.13,96710.0,-1.8134947735491647,65.2
4.37,96640.0,-2.619132606216778,60.4
4.43,96630.0,-2.562547677771645,60.4
3.6,96590.0,-1.80885799539132,67.7
2.63,96560.0,-2.7359428609588594,67.7
1.69,96500.0,-2.624236137098083,73.0
0.0,96510.0,-1.142129464530583,92.0
-0.69,96490.0,-1.8328917539170622,91.95
-1.24,96470.0,-1.8513032972491466,95.6
-1.9,96460.0,-3.0385763031270825,91.9
-2.62,96430.0,-3.2312042779313472,95.55
-3.39,96420.0,-3.997212030924716,95.55
-3.82,96380.0,-4.431926602035245,95.5
-4.1,96360.0,-4.179971060960885,99.4
-4.29,96350.0,-4.8994728498415085,95.5
-4.38,96320.0,-4.989003543284268,95.5
-4.22,96310.0,-4.829837990694168,95.5
-4.26,96280.0,-4.8696293254239365,95.5
-4.16,96250.0,-4.770151055371544,95.5
-2.14,96220.0,-2.753699552947461,95.55
-0.34,96180.0,-2.0125648439924966,88.45
1.17,96090.0,-1.5568956307603452,82.0
2.75,96030.0,-1.5650223585147478,73.2
3.87,95960.0,-0.9990043197280989,70.5
4.54,95870.0,-0.8703078044301711,67.9
4.67,95800.0,-1.258037041265111,65.4
4.58,95730.0,-0.8320747517614202,67.9
4.07,95670.0,-0.8069885403009547,70.5
3.47,95640.0,-0.33862636348399916,76.1
3.02,95580.0,-0.774538376638982,76.1
2.1,95520.0,-0.10672023408102803,85.3
2.12,95480.0,0.44391035413789337,88.65
2.14,95410.0,-0.05939191097583574,85.35
2.16,95380.0,0.48335314609001834,88.65
2.09,95300.0,0.9428171493026423,92.1
2.12,95240.0,0.9800624116616492,92.15
1.93,95180.0,1.3094942661316438,95.65
1.91,95160.0,1.2895977050323792,95.65
2.04,95130.0,1.418925198451728,95.65
2.08,95120.0,1.4587182002496917,95.65
2.29,95140.0,1.6749253713420171,95.7
2.54,95150.0,1.9236448905727077,95.7
2.36,95160.0,1.7445669705960982,95.7
2.95,95210.0,2.865129956283743,99.4
4.02,95260.0,3.934373698840168,99.4
4.73,95300.0,3.58055569106114,92.25
5.4,95360.0,4.244208654143281,92.25
6.27,95450.0,4.583910224697523,88.95
6.57,95480.0,4.879775406932516,88.95
6.62,95560.0,4.3964814139979405,85.7
5.72,95630.0,3.504487347168158,85.65
5.29,95740.0,3.0740255828256395,85.6
4.65,95830.0,2.9702786587741166,88.85
4.14,95930.0,2.9808245949003096,92.15
3.9,96050.0,2.7431186623978574,92.15
3.57,96150.0,2.94835530256088,95.7
3.21,96250.0,2.0597015096104188,92.15
2.86,96340.0,1.713033489352588,92.15
2.41,96430.0,1.267310395966279,92.15
2.02,96520.0,0.8734852263820347,92.1
1.77,96600.0,0.6258696350728562,92.1
1.49,96710.0,0.8717679353247222,95.65
1.05,96790.0,0.4340374420307326,95.65
0.56,96870.0,-0.053440051723934,95.65
0.83,96980.0,0.2151706344325327,95.65
1.07,97080.0,0.4539343729377328,95.65
1.07,97220.0,0.4539343729377328,95.65
1.42,97350.0,0.2717121172475727,92.05
1.81,97450.0,0.13822559856884406,88.65
2.58,97560.0,-0.15387794452971595,82.15
3.21,97670.0,-0.5904835041591808,76.1
3.47,97780.0,-0.8706694789282317,73.2
3.41,97880.0,-0.9285293688270609,73.2
2.92,97990.0,-0.8714112017790614,76.1
2.34,98150.0,-0.38845029558060296,82.15
1.77,98290.0,-0.4306787400744583,85.3
1.23,98440.0,-0.4414521526674187,88.6
1.03,98580.0,-0.11455423194166117,92.05
0.49,98780.0,-1.1865404217240758,88.5
0.05,98900.0,-1.092608852210647,92.0
-0.29,99000.0,-1.963267087690771,88.45
-0.56,99120.0,-2.2294767103787487,88.45
-0.94,99230.0,-2.08048776420928,91.95
-1.15,99350.0,-2.818808367667873,88.4
-1.53,99460.0,-3.20104894545385,88.35
-1.72,99560.0,-4.967108488979642,78.45
-2.0,99600.0,-5.2562494788938965,78.35
-2.28,99650.0,-6.048777839234247,75.3
-2.5,99720.0,-6.279131985216708,75.2
-2.73,99810.0,-6.501803704058214,75.2
-2.79,99910.0,-6.559893129372126,75.2
-2.6,100010.0,-6.375944916210376,75.2
-2.19,100090.0,-7.014810650667234,69.45
-1.69,100140.0,-7.040427709117689,66.8
-1.23,100170.0,-6.581604432085874,66.9
-0.75,100160.0,-6.103591230529458,67.0
-0.44,100100.0,-5.807449866754931,67.0
-0.31,100070.0,-6.190993171374606,64.45
-0.52,100040.0,-6.410958292347697,64.35
-0.89,100080.0,-6.762820429136069,64.35
-1.65,100130.0,-6.477996202175298,69.55
-2.03,100150.0,-6.338075376417226,72.3
-2.67,100150.0,-5.916245217677878,78.3
-2.98,100120.0,-5.701761652793604,81.45
-3.3,100090.0,-6.014388323272209,81.45
-3.44,100050.0,-5.63902216768037,84.7
-3.46,100000.0,-5.126335819478459,88.2
-3.36,99930.0,-5.545026792033013,84.8
-3.1,99830.0,-4.763952821081269,88.25
-2.91,99740.0,-5.095618676317633,84.85
-2.6,99630.0,-4.271027842108607,88.25
-2.51,99520.0,-4.182302928535172,88.25
-2.52,99430.0,-3.659872946566159,91.85
-2.6,99340.0,-3.7390994667978923,91.85
-1.93,99310.0,-3.602970571866444,88.3
-1.82,99200.0,-4.010195411352359,84.95
-1.38,99060.0,-4.627976486030789,78.5
-0.76,98920.0,-4.5333180599663585,75.55
-0.03,98770.0,-3.8176028635730024,75.6
0.38,98610.0,-3.4029020371114944,75.7
0.22,98470.0,-3.029151892725379,78.75
0.06,98350.0,-2.141238338026183,85.1
-0.14,98290.0,-2.337553715249892,85.1
-0.5,98220.0,-1.6447204706297904,91.95
-0.73,98180.0,-1.872506946303546,91.95
-0.86,98150.0,-2.0012567668746066,91.95
-1.11,98120.0,-1.1920310076560232,99.4
-1.85,98090.0,-2.4581574417100818,95.6
-2.33,98070.0,-2.942711233684332,95.55
-2.07,98090.0,-2.684063870814396,95.55
-1.49,98100.0,-2.100013033289396,95.6
-1.17,98100.0,-2.3082783182615962,91.95
-1.46,98110.0,-2.0701677931786695,95.6
-1.84,98110.0,-2.97915440537542,91.9
-2.41,98140.0,-3.5509369078089414,91.85
-2.32,98140.0,-3.461807788924385,91.85
-2.36,98180.0,-3.5014206898319507,91.85
-2.49,98170.0,-3.101879580968423,95.55
-0.75,98190.0,-1.8923145666767336,91.95
0.57,98240.0,-1.1076628317075645,88.5
2.07,98250.0,-1.194970911211865,78.95
2.97,98270.0,-2.4109662603931645,67.7
3.84,98260.0,-2.6169559773515094,62.7
4.38,98220.0,-3.6594246764564726,55.85
4.61,98170.0,-3.4444542956295168,55.85
4.7,98170.0,-3.859533624296544,53.8
4.7,98150.0,-3.3364058352452837,55.95
3.77,98150.0,-1.0950146126198033,70.5
3.87,98180.0,-3.644606259221931,57.95
3.21,98220.0,-3.7685717553588773,60.15
1.88,98290.0,-3.492415666347208,67.5
1.32,98280.0,-3.523801885127271,70.1
0.78,98280.0,-3.529271704146192,72.85
-0.62,98290.0,-3.871801565897746,78.6
-1.66,98290.0,-3.85315387332378,84.95
-2.08,98300.0,-4.2810262064963,84.85
-2.43,98290.0,-4.103436744030923,88.25
-2.73,98310.0,-4.918955515796516,84.85
-2.9,98300.0,-5.085803990137524,84.85
-3.21,98320.0,-5.397811881650289,84.8
-3.55,98330.0,-5.215060133068097,88.2
-3.44,98350.0,-5.106619371213683,88.2
-3.35,98440.0,-5.010420899133413,88.25
-1.38,98480.0,-3.570478971528465,85.0
0.8,98500.0,-3.509987992676777,72.85
2.11,98500.0,-3.797298397528002,64.9
3.0,98540.0,-3.966586600594956,60.15
3.65,98530.0,-3.8511377564347793,57.95
3.83,98530.0,-4.209261327541395,55.7
3.71,98540.0,-4.321407791219908,55.7
3.37,98540.0,-3.083591440739902,62.6
2.73,98560.0,-3.166282908136442,65.1
1.73,98610.0,-3.1111560383164787,70.2
1.04,98650.0,-2.7548590972181555,75.75
0.49,98710.0,-1.7112024448050016,85.15
0.41,98730.0,-1.265418384682867,88.5
0.29,98720.0,-1.3837360283936162,88.5
-0.13,98690.0,-1.2708835250412487,92.0
-0.7,98630.0,-1.8427955459687027,91.95
-0.79,98590.0,-1.9319298557830964,91.95
-0.79,98550.0,-2.4562512365812528,88.45
-0.75,98500.0,-2.4168119660853815,88.45
-0.71,98440.0,-2.3773727892575707,88.45
-0.6,98390.0,-2.2689155359543043,88.45
-0.3,98340.0,-2.494608218648944,85.1
0.09,98220.0,-2.1117912951743607,85.1
1.32,98120.0,-1.4103018778908134,82.0
1.88,98020.0,-0.8547076500470355,82.05
2.11,97990.0,-0.0969034377434145,85.3
2.39,97930.0,0.1860416431203886,85.35
2.45,97890.0,0.7693106376848514,88.65
2.67,97850.0,0.9940662588928092,88.7
2.68,97780.0,1.0039272959977008,88.7
2.8,97750.0,1.653604202948614,92.15
3.26,97710.0,2.6399496858339253,95.7
3.83,97690.0,3.2070165033784392,95.7
4.35,97650.0,3.731751088151731,95.75
4.74,97630.0,4.119759744221169,95.75
5.02,97580.0,4.933663884772742,99.4
5.42,97560.0,4.7962800186973125,95.75
5.77,97490.0,5.144485198867511,95.75
6.31,97430.0,5.689244309706952,95.8
7.07,97340.0,6.445376392863569,95.8
7.8,97310.0,6.644957637571881,92.4
8.32,97330.0,7.1600709636241335,92.4
8.61,97360.0,7.985174128437646,95.85
8.77,97440.0,7.613764110302595,92.45
8.77,97460.0,7.613764110302595,92.45
8.71,97520.0,7.5543256639590775,92.45
8.58,97580.0,7.955326130914432,95.85
8.59,97670.0,7.9652754654715325,95.85
8.59,97700.0,7.9652754654715325,95.85
8.75,97710.0,7.593951309939038,92.45
8.92,97720.0,8.293602356166762,95.85
9.07,97720.0,8.442841114172628,95.85
9.05,97660.0,8.422942639746555,95.85
9.0,97640.0,8.373196417818015,95.85
8.95,97610.0,8.323450144656032,95.85
8.93,97590.0,8.303551621045859,95.85
9.0,97540.0,7.841610230306666,92.45
9.11,97540.0,7.950579408605373,92.45
9.19,97540.0,8.02982943349981,92.45
9.79,97470.0,8.096377543400415,89.2
9.73,97450.0,8.037195818918171,89.2
9.63,97440.0,7.930318099621353,89.15
9.47,97420.0,7.772508920885702,89.15
9.17,97380.0,7.468398214159044,89.1
8.87,97320.0,6.647887936020762,85.95
8.5,97270.0,6.276083941216252,85.9
8.23,97260.0,5.471586638819122,82.75
7.98,97220.0,5.757019047653922,85.85
7.74,97190.0,4.983834423637161,82.7
7.52,97170.0,5.296918011346231,85.8
7.4,97150.0,5.179083385466682,85.8
8.21,97180.0,5.452032755058376,82.75
8.38,97200.0,5.61823962998256,82.75
8.51,97210.0,5.745337265941121,82.75
8.53,97220.0,5.764890614630278,82.75
8.38,97230.0,5.61823962998256,82.75
8.19,97190.0,5.432478835625406,82.75
8.05,97150.0,5.825757842506632,85.85
8.06,97150.0,5.83557764141005,85.85
7.92,97140.0,5.698099798542194,85.85
7.34,97180.0,6.181429208675891,92.35
6.49,97260.0,5.868329307040933,95.8
5.05,97290.0,5.050000000000001,100.0
3.9,97350.0,3.814458679706558,99.4
1.97,97410.0,1.3492873625300077,95.65
1.44,97460.0,0.8220260434445366,95.65
1.33,97500.0,0.7125936921037407,95.65
1.29,97530.0,0.1429573398115875,92.05
1.14,97540.0,-0.005606700315008459,92.05
1.16,97540.0,0.5434704555906396,95.65
1.12,97550.0,-0.025415306625995563,92.05
1.08,97540.0,0.4638828351661214,95.65
1.03,97530.0,0.4141405025234296,95.65
0.98,97540.0,0.364398116128812,95.65
0.99,97550.0,0.37434659770789375,95.65
0.98,97610.0,0.364398116128812,95.65
1.54,97660.0,0.39056208433031064,92.05
2.06,97670.0,0.3847459937903128,88.65
2.81,97670.0,0.07929550796173826,82.2
3.87,97670.0,0.05787370547418708,76.15
4.48,97640.0,-0.3939332097832131,70.6
5.01,97600.0,-0.9344766119135877,65.4
5.21,97600.0,-1.7710230036934116,60.65
5.07,97650.0,-1.936628298662988,60.5
4.47,97670.0,-1.4691809570921432,65.3
3.05,97760.0,-2.334504161403925,67.7
2.07,97860.0,-2.2578197608474655,73.0
1.54,97950.0,-0.6644982833336591,85.25
1.5,98020.0,-0.7037645730513968,85.25
1.22,98090.0,-0.9786319888572411,85.25
1.14,98130.0,-1.0571666251769418,85.25
1.13,98170.0,-1.066983488746971,85.25
1.23,98190.0,-0.9688151933472134,85.25
1.29,98220.0,-0.909914579092496,85.25
1.18,98220.0,-1.0178992465193122,85.25
1.01,98260.0,-0.6661125787302677,88.55
0.94,98270.0,-1.2614950720422358,85.2
0.89,98300.0,-1.3105769048898734,85.2
0.75,98310.0,-1.4480070462714665,85.2
0.32,98370.0,-0.8251992754352544,92.0
0.55,98400.0,-1.1273821942484983,88.5
1.11,98400.0,-1.615533720401144,82.0
1.95,98370.0,-1.8378845381786963,75.95
2.79,98340.0,-2.0552023730273943,70.4
3.49,98290.0,-0.8513829641098066,73.2
3.81,98230.0,-1.0566103032047,70.5
3.89,98160.0,-0.9798024534068952,70.5
3.65,98110.0,-1.2102290789607146,70.5
2.77,98080.0,-2.0744046350285115,70.4
1.18,98100.0,-2.6015143311634046,75.85
0.29,98120.0,-2.433408990130507,81.9
-0.28,98040.0,-1.4194467434186069,92.0
-1.63,98030.0,-2.2392910793381793,95.6
-2.56,97990.0,-3.1715159100454944,95.55
-2.93,97970.0,-3.0107740085688266,99.4
-3.18,97940.0,-3.788299531642749,95.55
-3.26,97890.0,-3.8678851312258042,95.55
-3.38,97850.0,-3.987263794667564,95.55
-3.79,97800.0,-3.870183417327778,99.4
-4.02,97760.0,-4.100025835657147,99.4
-4.18,97750.0,-4.259916305010245,99.4
-4.16,97770.0,-4.239929992240504,99.4
-3.87,97760.0,-4.481665330867447,95.5
-3.77,97800.0,-4.382187928845668,95.5
-1.37,97800.0,-1.9806321903144886,95.6
0.35,97820.0,-2.3747745073281212,81.9
1.47,97810.0,-3.3798216914234414,70.1
2.4,97820.0,-4.02371827321831,62.5
2.98,97810.0,-5.039276190995131,55.55
3.14,97770.0,-4.889764033957468,55.55
3.11,97760.0,-4.917797058893538,55.55
2.9,97780.0,-5.114034753320286,55.55
2.08,97770.0,-4.358710627658921,62.35
0.73,97830.0,-4.630809137592011,67.3
-0.17,97870.0,-4.481746122123704,72.65
-0.92,97960.0,-2.592043675170314,88.4
-1.07,97960.0,-2.7399333391679686,88.4
-1.33,97990.0,-3.52140168417002,85.0
-1.55,97980.0,-3.2207669337954496,88.35
-1.44,97990.0,-2.5830121518651374,91.9
-1.43,97980.0,-2.573108678674152,91.9
-1.32,98010.0,-2.986419052917127,88.4
-1.22,98000.0,-2.3577982860311617,91.95
-1.26,97980.0,-2.397414332788835,91.95
-1.33,97970.0,-2.9962785579189424,88.4
-1.53,97970.0,-2.6721435931001496,91.9
-1.77,97980.0,-3.4376663651391834,88.35
-2.33,97990.0,-3.997318840234738,88.3
-0.62,98020.0,-3.347268531845336,81.75
1.04,98030.0,-2.7548590972181555,75.75
1.96,98000.0,-3.9400016424148827,64.9
2.82,97980.0,-5.188794971589681,55.55
3.27,97940.0,-4.768290283171776,55.55
3.38,97880.0,-5.186516269113789,53.4
3.55,97840.0,-5.556272560338409,51.3
3.49,97800.0,-5.611829023553852,51.3
3.07,97760.0,-5.474889842506625,53.4
1.75,97750.0,-4.671237427490598,62.35
0.34,97770.0,-5.023094984056553,67.2
-1.53,97810.0,-4.7823033999102105,78.45
-2.53,97800.0,-5.254070067673508,81.5
-2.96,97800.0,-5.682222814085557,81.45
-3.36,97800.0,-6.6039703060371835,78.2
-3.45,97750.0,-6.168954552091184,81.4
-3.45,97730.0,-6.168954552091184,81.4
-3.3,97710.0,-6.54562017598232,78.2
-3.4,97670.0,-6.6428706225328,78.2
-3.43,97630.0,-6.672045980546436,78.2
-3.42,97600.0,-6.131625873111729,81.45
-3.4,97590.0,-6.112086184939123,81.45
-3.41,97610.0,-6.1218560241987685,81.45
-2.86,97660.0,-4.527346971327242,88.25
-1.42,97670.0,-3.6175952753043594,84.95
0.39,97670.0,-3.9236044441075735,72.75
1.88,97670.0,-3.492415666347208,67.5
3.13,97640.0,-3.844004802955133,60.15
4.09,97650.0,-2.9054608457182716,60.3
4.16,97600.0,-3.34931377175865,58.05
3.93,97620.0,-3.588281518160546,57.95
3.42,97640.0,-3.0362329316149865,62.6
2.57,97660.0,-3.339104225491101,65.0
1.26,97690.0,-3.5813949880296367,70.1
0.5,97750.0,-3.2866860811365473,75.7
0.2,97760.0,-3.577229461373915,75.7
-0.41,97780.0,-3.1420743361233736,81.75
-1.06,97820.0,-3.256387658700366,85.0
-1.45,97830.0,-3.1221772283861164,88.35
-1.92,97830.0,-3.593111986808013,88.3
-2.41,97830.0,-4.076189633288574,88.3
-2.86,97880.0,-4.527346971327242,88.25
-3.33,97900.0,-4.469269133873599,91.8
-3.49,97890.0,-4.627717925046571,91.8
-3.4,97900.0,-4.538590350612328,91.8
-2.68,97950.0,-3.818326248274435,91.85
-2.19,97990.0,-3.3330663120216455,91.85
-2.11,98070.0,-2.7238556759732995,95.55
-0.88,98140.0,-2.5449899376725376,88.45
0.31,98170.0,-2.4138641249384527,81.9
1.63,98150.0,-2.682093270813643,73.0
2.97,98180.0,-2.9379156325535005,65.1
3.34,98210.0,-2.5858713202686974,65.1
3.43,98230.0,-2.5002429375762327,65.1
3.18,98220.0,-3.2635585718340403,62.6
2.82,98270.0,-3.080643869545124,65.1
0.67,98390.0,-3.5003728007671215,73.59
0.73,98450.0,-3.200977706886365,74.93
0.8,98450.0,-2.895448595679973,76.27
0.86,98500.0,-2.6030310512171386,77.61
0.93,98510.0,-2.3042071345784576,78.95
0.99,98560.0,-2.0166258972566,80.3
1.06,98560.0,-1.7240980955797103,81.64
1.12,98550.0,-1.4443337531889926,82.98
1.19,96360.0,-1.1576849824939366,84.32
1.25,96380.0,-0.8836533315410078,85.66
1.32,96380.0,-0.6025271678657422,87.0
1.38,96380.0,-0.3323334645630776,88.35
1.44,96390.0,-0.0662989159658075,89.69
1.51,96430.0,0.20711645224292197,91.03
1.57,96480.0,0.46821813224584546,92.37
1.64,96620.0,0.7368736924974829,93.71
2.55,96650.0,1.4059806548158844,92.15
3.37,96690.0,1.1643699122965674,85.45
5.02,96720.0,1.7365137273421245,79.3
6.42,96760.0,2.0687647253242742,73.7
7.19,96820.0,3.365830454117525,76.65
7.0,96830.0,3.1817159202039855,76.65
6.54,96870.0,3.2511608753420074,79.5
6.51,96920.0,3.7554504909639994,82.55
5.66,96960.0,2.8988351402008825,82.4
4.91,97030.0,2.1572250172192686,82.35
4.56,97070.0,2.3408517574764565,85.5
4.11,97060.0,1.3667910592452863,82.3
3.9,97010.0,1.6928716609054877,85.5
3.76,96950.0,2.084666264546991,88.8
3.64,96880.0,2.4856013502535372,92.15
3.34,96800.0,2.1884626921516444,92.15
3.21,96710.0,1.5344106922470149,88.75
4.31,96610.0,3.691955147979448,95.75
5.65,96580.0,5.025100855416335,95.75
6.01,96600.0,4.856180486844167,92.3
6.23,96620.0,4.5444611537886335,88.95
5.88,96670.0,3.661587148042195,85.65
5.22,96760.0,1.9399544149956651,79.35
4.61,96890.0,1.8554994630683377,82.3
4.6,97030.0,0.25655810728401013,73.4
4.76,97120.0,-0.6398844162626083,68.0
5.59,97180.0,0.7109024970456612,70.8
6.59,97270.0,1.1703878684494367,68.3
6.8,97370.0,-0.19233696996583885,61.0
7.17,97460.0,-0.38342298149828064,58.65
7.42,97540.0,-1.1781963330166862,54.4
7.33,97590.0,-1.783936687089913,52.35
6.89,97660.0,-1.6966704498903917,54.3
5.81,97770.0,-1.1826067237962352,60.75
5.13,97850.0,0.24965447034314642,70.7
4.32,97980.0,1.0377772957021916,79.2
4.05,98080.0,0.7750470245344355,79.2
3.97,98140.0,0.6971994914755877,79.2
3.78,98200.0,0.5123088030844221,79.2
3.49,98250.0,0.7523429854610958,82.25
3.02,98270.0,0.8126290857709427,85.4
2.42,98260.0,0.21549335430904162,85.35
1.92,98230.0,0.2466950150164941,88.65
1.5,98190.0,-0.175218653228232,88.6
0.86,98150.0,-1.3400260956724939,85.2
0.02,98130.0,-1.6576242651346447,88.45
-1.02,98110.0,-2.690636637482412,88.4
-0.38,98110.0,-2.052003154406566,88.45
2.61,98060.0,-0.1245567755297232,82.15
5.09,97980.0,1.2669500958720115,76.3
6.72,97930.0,1.8255075140193278,70.95
7.9,97830.0,0.8908953803457086,61.2
8.83,97720.0,0.2353458749330518,54.8
9.37,97570.0,-0.2932788590579059,50.85
9.75,97470.0,-0.46567730500187715,48.95
9.52,97400.0,-0.15478614182609232,50.85
8.55,97350.0,0.4688156081920187,56.8
7.18,97300.0,1.2253952585880812,65.85
6.1,97200.0,1.2104468189300732,70.85
5.86,97140.0,-1.6604242724260685,58.45
5.54,97060.0,-1.4597304263253827,60.65
5.34,97010.0,-1.6483896927454913,60.65
5.21,96990.0,-1.7710230036934116,60.65
5.06,96920.0,-1.407356090305339,62.95
4.84,96870.0,-1.6157952491892837,62.95
4.51,96810.0,-1.4311190399104674,65.3
4.03,96770.0,-1.8878823991550786,65.3
3.25,96740.0,-1.5942939635780442,70.5
2.45,96700.0,-0.8166035133991899,79.0
1.61,96670.0,-1.1268932485264478,82.0
0.93,96630.0,-1.271311423432798,85.2
1.48,96620.0,-0.7233977632818874,85.25
5.34,96570.0,1.527393202808413,76.4
8.98,96520.0,3.024072070836425,66.25
11.52,96450.0,3.95226841400963,59.7
13.24,96360.0,5.12850875287868,57.9
14.29,96290.0,5.629391212678186,56.0
14.77,96180.0,5.578264157158131,54.1
14.82,96100.0,5.624689372793999,54.1
14.42,96050.0,5.7892337506140805,56.15
13.15,95980.0,6.100158617214156,62.3
11.44,95960.0,5.474412814014778,66.75
10.19,95970.0,5.288076005152125,71.6
9.3,95960.0,3.3501439091554293,66.35
8.49,95930.0,3.604799981950872,71.35
8.49,96040.0,3.604799981950872,71.35
8.08,96160.0,3.1910695406124643,71.25
7.4,96230.0,1.9857027542983736,68.5
6.82,96350.0,1.9412437198016061,71.05
6.5,96400.0,2.6788056400172398,76.55
6.22,96470.0,3.4633676422446102,82.5
6.14,96520.0,3.916870315488972,85.65
6.08,96600.0,3.3265132596828897,82.5
5.77,96700.0,2.4840374061135337,79.4
5.21,96800.0,2.9872322255663297,85.55
5.61,96940.0,3.3882118716239398,85.6
6.33,96970.0,3.046775984965241,79.5
6.96,96990.0,2.6087387425940967,73.8
7.49,96990.0,2.0717697458331363,68.5
8.29,96960.0,1.817154306284885,63.7
8.51,96950.0,1.489285923464635,61.3
8.69,96890.0,1.6591632899484008,61.3
8.92,96870.0,1.378057550486382,59.15
8.89,96830.0,1.3498642629410182,59.15
8.18,96800.0,1.6909309905747627,63.6
7.21,96760.0,1.7835888072485087,68.4
6.03,96740.0,1.6830589797377746,73.65
5.01,96720.0,1.7267824494212218,79.3
4.18,96690.0,1.4352116160225357,82.3
3.71,96660.0,0.9758078279448278,82.3
3.72,96670.0,0.9855825875740961,82.3
3.79,96640.0,1.054005648169514,82.3
3.75,96660.0,1.5455989465821136,85.5
3.51,96670.0,1.8302494924973796,88.75
3.23,96700.0,1.5541334383638727,88.75
2.86,96710.0,1.713033489352588,92.15
2.78,96730.0,1.633794409403529,92.15
3.02,96760.0,1.8715108954037403,92.15
3.18,96760.0,2.0299872963335717,92.15
3.09,96770.0,1.9408444444870148,92.15
3.64,96750.0,1.9584447144700738,88.75
4.24,96720.0,2.0266836284505736,85.5
4.82,96690.0,1.541886107903152,79.3
5.17,96670.0,1.8824815944836895,79.3
5.25,96620.0,2.4980784273322816,82.4
5.43,96610.0,2.6740222855053415,82.4
5.44,96560.0,2.683796857705553,82.4
5.41,96610.0,2.6544731137618047,82.4
5.19,96600.0,2.9675965593733564,85.55
4.42,96650.0,2.2034041365148895,85.5
3.37,96690.0,1.6921920234452974,88.75
3.05,96840.0,1.9012252971397703,92.15
2.68,96880.0,1.5347452060990583,92.15
2.54,96940.0,1.3960756618480745,92.15
2.44,97010.0,1.2970255162193929,92.15
2.75,97060.0,1.6040796896385618,92.15
2.97,97110.0,1.821986813985222,92.15
2.88,97180.0,2.2619013054510333,95.7
2.73,97220.0,2.1126708369781126,95.7
2.53,97290.0,1.9136961353023836,95.7
2.29,97350.0,1.6749253713420171,95.7
2.05,97410.0,1.9657634641957709,99.4
1.87,97510.0,1.249804557033655,95.65
2.06,97660.0,1.9757564382526636,99.4
2.4,97750.0,1.7843621234217149,95.7
2.57,97810.0,1.4257906289724116,92.15
3.84,97850.0,1.1028789877292189,82.3
5.09,97920.0,1.8046323690636357,79.3
5.66,97930.0,1.8374257661261646,76.4
5.81,97960.0,1.4708330132077188,73.65
6.17,98010.0,1.8181083098429516,73.65
6.24,98070.0,1.3645208358026246,70.95
5.73,98120.0,1.3936582402784576,73.65
4.99,98210.0,1.7073198610372848,79.3
3.79,98290.0,1.5848718337517187,85.5
3.02,98380.0,1.339199153784186,88.7
3.12,98440.0,1.970558763771933,92.15
2.93,98470.0,1.7823674781776175,92.15
2.82,98530.0,1.1419812147956747,88.7
2.6,98580.0,1.4555055607595075,92.15
2.64,98620.0,1.4951254148400341,92.15
2.84,98620.0,1.161703111665091,88.7
2.86,98670.0,1.713033489352588,92.15
2.7,98670.0,1.0236493530454112,88.7
2.57,98680.0,1.4257906289724116,92.15
2.41,98730.0,1.267310395966279,92.15
2.16,98750.0,1.5383041006454807,95.65
2.92,98770.0,1.2405904703186148,88.7
3.59,98780.0,1.380360817899989,85.45
4.46,98730.0,2.2426750338498564,85.5
5.45,98660.0,2.6935714207914074,82.4
6.44,98600.0,2.088058084549259,73.7
7.02,98570.0,1.6019119766400454,68.4
6.8,98480.0,1.391541527552924,68.4
6.1,98400.0,1.7505839906692278,73.65
5.75,98270.0,1.4129520182220607,73.65
4.92,98160.0,2.702512169855563,85.55
4.2,98090.0,1.9874120777537443,85.5
2.99,98070.0,1.841796458331414,92.15
2.32,98060.0,1.704771783771843,95.7
2.68,98030.0,2.5953202577617365,99.4
3.34,98020.0,2.719538427571772,95.7
3.96,98010.0,3.3437392384052886,95.75
4.63,98020.0,4.54394106065065,99.4
5.25,98100.0,4.627150860285051,95.75
5.62,98160.0,5.533236590466541,99.4
5.81,98250.0,5.184279912829768,95.75
5.52,98320.0,5.4333078794062555,99.4
5.12,98370.0,5.033592742277099,99.4
4.64,98430.0,4.5539339591417445,99.4
4.22,98490.0,3.602414159757863,95.75
4.46,98520.0,4.374061741489989,99.4
4.69,98510.0,4.60389844720389,99.4
5.21,98490.0,3.522534025731838,88.85
6.47,98440.0,3.1830331044050952,79.5
7.78,98410.0,2.9028787361474135,71.25
8.57,98380.0,3.145654389932845,68.7
8.78,98320.0,3.3670910174642725,68.8
8.15,98250.0,4.853958248849925,79.7
8.17,98220.0,5.943594951961713,85.85
7.74,98170.0,6.049862610247833,89.05
7.84,98180.0,6.68458210407399,92.4
7.91,98200.0,6.753924774272614,92.4
6.41,98330.0,4.721981268861151,88.95
5.56,98390.0,3.8676846474973003,88.85
5.15,98430.0,3.463364653936613,88.85
4.79,98470.0,2.574877022031039,85.55
4.65,98510.0,2.9623364029870913,88.8
4.3,98590.0,2.6171905805388516,88.8
4.24,98680.0,2.5580220281948325,88.8
3.89,98770.0,2.212868073207366,88.8
3.66,98830.0,1.9781669709033436,88.75
3.19,98860.0,2.039892038018735,92.15
3.23,98910.0,1.5541334383638727,88.75
3.14,99000.0,1.9903682903307156,92.15
3.51,99130.0,1.8302494924973796,88.75
4.31,99180.0,1.562277172070728,82.3
5.13,99220.0,1.8435570685508773,79.3
5.94,99230.0,0.5286137757410718,68.2
6.67,99240.0,0.18325410129171113,63.25
6.96,99240.0,-0.04136046031428502,61.0
7.13,99220.0,-0.4209934982417396,58.65
7.13,99220.0,0.11904588963002134,61.0
7.29,99230.0,-0.2356320789949799,58.8
6.91,99240.0,-0.08854001254904227,61.0
6.24,99250.0,-0.22423941719446805,63.25
4.86,99280.0,-0.009607577150322526,70.7
4.04,99350.0,0.24064668253184757,76.25
2.35,99370.0,0.14677258976873053,85.35
1.44,99360.0,-0.7626642344864614,85.25
1.27,99340.0,-1.4591662286534801,82.0
1.19,99340.0,-1.5373496756098108,82.0
0.25,99350.0,-1.946789276548137,85.15
-0.78,99330.0,-2.4463914101758855,88.45
-1.24,99300.0,-2.377606301349763,91.95
-1.72,99250.0,-2.860311047920354,91.9
-1.87,99220.0,-2.4851053731322037,95.55
-1.78,99180.0,-2.919732653640024,91.9
-2.1,99180.0,-3.2439380013459793,91.85
0.44,99160.0,-0.7063515115869993,92.0
3.35,99180.0,0.6155022214823439,82.25
5.57,99160.0,1.7502304021503667,76.4
7.03,99100.0,1.6114740708062365,68.4
8.06,99060.0,1.0418905023570522,61.2
8.77,99010.0,0.6989577850332567,56.9
9.16,98950.0,1.0638147816446089,56.9
9.23,98910.0,1.1292979327737505,56.9
9.18,98850.0,1.082524377678115,56.9
8.55,98850.0,1.527037061445068,61.3
6.93,98860.0,1.515852350559062,68.4
5.21,98880.0,1.3831998270800903,76.3
4.12,98900.0,0.31815136972193037,76.25
3.14,98890.0,0.4018395095707857,82.2
2.26,98890.0,-0.4666422640941171,82.15
1.48,98880.0,-0.19493950883617298,88.6
0.88,98860.0,-0.7942938769167444,88.55
0.43,98850.0,-1.2456988589796858,88.5
0.03,98800.0,-1.1124170851263826,92.0
-0.26,98770.0,-1.3996382622478016,92.0
-0.54,98720.0,-1.6843353567389936,91.95
-0.88,98690.0,-1.4931636658485823,95.6
-1.33,98660.0,-2.4667425697745884,91.95
-1.46,98680.0,-2.0701677931786695,95.6
-0.09,98710.0,-1.2312668189640965,92.0
2.33,98700.0,0.12713801804983746,85.35
4.39,98670.0,1.1058912534517875,79.2
6.04,98630.0,1.152829071905496,70.85
7.29,98600.0,0.29260919270955904,61.1
8.04,98540.0,-0.032541881464283266,56.7
8.38,98490.0,-0.745604653920341,52.6
8.43,98480.0,-0.6992446318871894,52.6
8.04,98440.0,-0.5632668833743443,54.55
7.27,98440.0,-0.7890822133645551,56.55
5.8,98470.0,-1.1920406631166711,60.75
4.24,98550.0,-1.1570646886537412,67.9
3.3,98620.0,-2.075606855920724,67.8
2.39,98670.0,-1.9307396072367933,73.1
1.49,98730.0,-2.3012575290526414,75.85
0.6,98760.0,-2.1304678039205753,81.9
-0.08,98800.0,-2.811417322313134,81.8
-0.73,98830.0,-2.9245935170818016,85.05
-1.53,98860.0,-3.20104894545385,88.35
-2.39,98860.0,-3.5311304083724564,91.85
-2.89,98890.0,-4.556922514771819,88.25
-3.09,98910.0,-4.754094175455111,88.25
-3.16,98950.0,-4.82310482002323,88.25
-3.28,99000.0,-4.941409461719468,88.25
-1.53,99070.0,-3.20104894545385,88.35
2.14,99100.0,-1.6538456203331766,75.95
4.3,99140.0,-0.5667636093759778,70.6
6.07,99130.0,-0.40705755969738294,63.15
7.48,99160.0,-0.5926777319700095,56.55
8.49,99130.0,-0.6436135276352203,52.6
9.05,99100.0,-1.1509892070461831,48.8
9.09,99110.0,-1.1142284005672842,48.8
9.04,99120.0,-0.6384358019174998,50.7
8.63,99140.0,0.5436502479599913,56.8
7.5,99170.0,0.4907796390197923,61.1
5.61,99230.0,0.19286970281191962,68.1
4.13,99310.0,-0.19675835208696543,73.4
2.61,99370.0,-0.6609280712873219,79.0
1.98,99420.0,-0.7569780045321238,82.05
1.58,99430.0,-0.625232114606447,85.25
1.22,99470.0,-0.9786319888572411,85.25
1.48,99500.0,-0.19493950883617298,88.6
1.71,99520.0,0.56644152560163,92.1
1.93,99520.0,1.3094942661316438,95.65
2.3,99540.0,1.1583546527051016,92.15
2.83,99560.0,2.212157869082163,95.7
3.51,99610.0,2.8886640522348697,95.7
3.9,99660.0,3.2840448242100977,95.75
4.33,99720.0,3.7118531222650364,95.75
5.15,99750.0,3.463364653936613,88.85
6.48,99750.0,3.1927656753053277,79.5
7.9,99720.0,3.018156737277648,71.25
9.43,99720.0,2.414622498383857,61.55
10.42,99670.0,2.3406121043399466,57.3
11.07,99590.0,2.448757047749334,55.3
11.24,99560.0,3.132630407335723,57.4
11.18,99550.0,3.0764744355442413,57.4
10.72,99560.0,3.678277248444363,61.75
9.41,99560.0,3.454907146395315,66.35
8.11,99600.0,3.746935691720133,73.95
7.6,99610.0,3.245296050701785,73.9
7.04,99630.0,3.220477245465303,76.65
6.77,99630.0,3.4839144913934694,79.55
6.78,99600.0,3.4936474593911138,79.55
6.94,99600.0,4.184426330307788,82.6
6.65,99560.0,4.425937815109075,85.7
6.78,99550.0,4.561920121068126,85.75
6.65,99490.0,5.490126924189296,92.3
6.54,99500.0,5.918075020347849,95.8
6.43,99520.0,5.808634382613012,95.8
6.57,99540.0,5.947922423437626,95.8
6.7,99560.0,6.6124648036395515,99.4
7.52,99650.0,6.35973050144149,92.35
7.98,99690.0,6.286567043542027,89.05
8.58,99720.0,5.813773830294255,82.75
9.15,99710.0,5.32104264688987,76.95
10.22,99740.0,4.785932343347879,69.0
10.86,99700.0,3.8334441418254173,61.85
11.01,99650.0,2.917361061121617,57.4
11.19,99610.0,2.560581984212929,55.3
11.07,99600.0,1.9192324188842158,53.25
10.56,99580.0,2.471640662636025,57.3
9.33,99560.0,1.7869429313934475,59.25
7.77,99590.0,1.8293952887734457,66.05
6.84,99600.0,1.4297913230004786,68.4
5.88,99610.0,1.538360198304099,73.65
4.95,99620.0,1.6683945541003995,79.3
4.15,99600.0,1.4058885752883046,82.3
3.11,99550.0,1.427946479798264,88.7
2.13,99490.0,0.9824353040238714,92.1
1.21,99470.0,-0.46117332007380113,88.6
0.63,99410.0,0.016199906305245655,95.65
0.6,99380.0,-0.013645777092330738,95.65
0.3,99350.0,-0.8450072921326347,92.0
-0.2,99340.0,-1.340212914834889,92.0
-0.33,99330.0,-0.9460113393135031,95.6
2.35,99340.0,1.2078800494472537,92.15
6.42,99350.0,2.601289303391255,76.55
8.47,99330.0,1.9878028099231273,63.7
9.81,99300.0,1.2113513938913631,55.05
10.96,99220.0,1.2833731913999946,51.25
11.96,99130.0,1.2192329127023431,47.75
12.73,99040.0,0.8955411030586005,44.35
13.18,98940.0,1.350974015392299,44.5
13.28,98870.0,1.4417645955183318,44.5
12.67,98810.0,2.430292377132689,49.7
11.25,98740.0,2.0862292688750603,53.25
9.04,98720.0,1.4908286030945963,59.15
7.2,98680.0,2.3062198701318017,71.05
5.38,98640.0,1.5661479736144253,76.4
4.1,98580.0,0.8237013782591678,79.2
3.46,98500.0,0.19219869790186767,79.15
3.22,98430.0,-0.04134435250903629,79.15
3.19,98340.0,0.4507089361887645,82.2
3.3,98270.0,0.0365040308269038,79.15
3.37,98180.0,0.10462079213441686,79.15
3.44,98110.0,0.17273701761121352,79.15
3.58,98050.0,0.3089678610979483,79.15
3.63,97980.0,0.8891819462929793,82.25
3.8,97950.0,1.063780334424806,82.3
6.06,98010.0,2.7662577954395715,79.4
8.51,98030.0,3.6240140976133244,71.35
9.02,98060.0,4.663501214710025,74.15
9.11,98080.0,5.815499612561116,79.85
9.45,98000.0,5.088115880598729,74.2
9.43,97950.0,4.537812243098033,71.5
9.58,97940.0,4.6819304909719905,71.5
8.72,97940.0,4.354733141887464,74.05
8.25,97910.0,3.3742257620236646,71.35
7.8,97900.0,2.3886942704149137,68.6
7.02,97880.0,1.6019119766400454,68.4
6.17,97930.0,1.2776668049298188,70.85
6.5,97890.0,0.5570022381908045,65.75
5.87,97870.0,0.461688298467088,68.2
5.16,97810.0,0.2784606492514488,70.7
4.84,97780.0,-0.02881263421697082,70.7
4.98,97660.0,0.6324684719659841,73.45
4.89,97540.0,1.6100062682703575,79.3
4.59,97350.0,2.9031690407528092,88.8
4.56,97230.0,2.8735852831296356,88.8
3.97,97080.0,2.291761017854087,88.8
3.73,96980.0,1.5259624584470142,85.5
3.73,96890.0,2.0550810957590304,88.8
3.9,96850.0,2.2227297111242645,88.8
4.61,96880.0,3.9904238803819223,95.75
5.46,96890.0,4.836075026608861,95.75
6.44,96890.0,5.282114987027768,92.3
7.41,96910.0,6.250768747477447,92.35
8.01,96940.0,6.852985408965294,92.4
8.33,96970.0,6.63991861823778,89.1
8.22,97030.0,7.58950084089379,95.8
8.28,97120.0,7.12044722611513,92.4
8.04,97160.0,6.882703525334424,92.4
7.72,97250.0,6.557841596375671,92.35
7.17,97310.0,5.479585749495515,89.0
6.56,97340.0,4.337568414271676,85.7
5.98,97440.0,4.8264638608171095,92.3
5.59,97500.0,4.965408570310501,95.75
5.44,97550.0,4.816177526852386,95.75
5.34,97610.0,4.716689902090934,95.75
5.21,97630.0,4.58735567600236,95.75
5.06,97660.0,4.438123435739706,95.75
4.91,97650.0,4.288890723050244,95.75
4.79,97670.0,4.169504212749866,95.75
4.64,97630.0,4.5539339591417445,99.4
4.61,97630.0,4.523955262789791,99.4
4.63,97600.0,4.54394106065065,99.4
4.83,97610.0,4.743798974823668,99.4
5.81,97560.0,5.184279912829768,95.75
6.82,97510.0,6.196650056435733,95.8
8.0,97450.0,7.911531270026868,99.4
8.96,97420.0,8.333399403387109,95.85
9.52,97370.0,8.890554621599119,95.85
10.17,97330.0,9.00863904089531,92.5
10.46,97320.0,8.765518801443358,89.25
10.88,97310.0,8.64745239447138,86.1
11.21,97290.0,8.438112793962864,83.05
11.36,97300.0,8.060728252866198,80.15
11.07,97300.0,7.769196308911374,80.1
10.67,97330.0,7.370596500114375,80.05
10.61,97380.0,7.312179831665017,80.05
10.13,97420.0,6.299057823264298,77.1
9.65,97450.0,5.815019274131752,77.0
9.24,97470.0,5.408271778682563,76.95
8.89,97490.0,5.069041835071638,76.95
8.71,97490.0,5.408055668570009,79.75
8.64,97500.0,5.339918868205221,79.75
8.61,97500.0,5.8431036526812985,82.75
8.6,97490.0,5.833327054136534,82.75
8.57,97520.0,5.803997204996716,82.75
8.51,97540.0,5.745337265941121,82.75
8.47,97560.0,5.706230461550443,82.75
8.31,97620.0,5.549801817141862,82.75
8.45,97620.0,5.686677005848725,82.75
8.61,97650.0,5.8431036526812985,82.75
9.05,97630.0,5.757090531497693,79.85
9.73,97630.0,6.428125685788229,79.9
10.07,97600.0,6.240898221965981,77.1
10.19,97570.0,6.357216989252371,77.1
10.39,97540.0,5.500348658644167,71.7
10.7,97480.0,5.79824204856885,71.7
10.87,97430.0,5.438982827100538,69.15
10.66,97380.0,5.227656603905517,69.1
10.24,97360.0,5.336117905905657,71.6
9.61,97370.0,5.242516358697033,74.2
9.12,97370.0,4.760000170641331,74.15
8.89,97360.0,3.9990391289812806,71.4
8.66,97360.0,4.296839832555255,74.05
8.58,97360.0,4.219647976557648,74.05
8.21,97360.0,4.382065214064309,76.8
8.23,97370.0,4.401447379564104,76.8
8.14,97360.0,4.314227248335112,76.8
8.12,97360.0,4.824757211986982,79.7
8.19,97360.0,4.892892816044056,79.7
8.18,97360.0,4.883159190169377,79.7
8.22,97370.0,5.4531043379430075,82.7
8.27,97440.0,5.510694299324346,82.75
8.37,97460.0,6.148421296011268,85.9
8.77,97480.0,6.5496818741326415,85.95
9.09,97500.0,6.86393874524615,85.95
9.34,97510.0,7.109446811014905,85.95
10.13,97490.0,7.36435425957772,82.95
10.37,97470.0,7.078509408464306,80.05
9.6,97510.0,6.30157126496,79.9
8.15,97570.0,5.923955506050164,85.85
7.67,97650.0,5.444209823456464,85.8
7.13,97720.0,3.834294596591209,79.55
6.35,97780.0,3.5990383964758252,82.55
5.81,97910.0,3.592856216449592,85.65
5.44,97980.0,3.2213013453429364,85.6
5.02,98010.0,3.3351636517710093,88.85
4.46,98030.0,2.774972389354667,88.8
3.81,98040.0,1.6045082327863591,85.5
3.26,98090.0,1.5837175148334488,88.75
3.17,98110.0,1.4871111063858657,88.7
2.99,98140.0,1.3096166088102423,88.7
2.54,98150.0,0.8580550833434898,88.65
2.09,98150.0,0.9428171493026423,92.1
1.1,98160.0,-0.04522392884938226,92.05
0.86,98200.0,-0.2829286367041849,92.05
2.96,98270.0,1.2800340123514486,88.7
4.76,98270.0,1.4834969759563608,79.3
5.82,98300.0,1.4804797962907368,73.65
7.05,98290.0,1.6305982072334912,68.4
7.75,98280.0,0.7493323541752012,61.2
8.42,98250.0,0.8729314989963498,59.0
9.22,98200.0,0.05930316085246368,52.7
9.52,98170.0,-0.6770868685346368,48.95
9.4,98140.0,-0.7873939515319819,48.95
8.92,98160.0,-0.21886238277142378,52.7
8.27,98150.0,0.2068818025728201,56.8
7.67,98170.0,0.12136370977082067,58.8
6.42,98220.0,1.5373950891243744,70.95
6.11,98230.0,1.7602303643320254,73.65
5.73,98230.0,1.3936582402784576,73.65
5.52,98230.0,1.7017880955408187,76.4
5.43,98210.0,1.6145911557105472,76.4
5.33,98200.0,1.5177044788387748,76.4
5.12,98190.0,2.3624845062730984,82.35
4.96,98200.0,2.206096689837922,82.35
4.78,98180.0,2.5650588819564564,85.55
4.55,98180.0,2.8637240192543176,88.8
4.19,98190.0,3.038004299906111,92.2
4.1,98210.0,2.948859346599275,92.2
5.29,98290.0,4.135251898301868,92.25
6.48,98330.0,4.259017338329481,85.7
7.35,98360.0,4.593888265565306,82.65
8.22,98370.0,5.4531043379430075,82.7
8.74,98370.0,5.4372569956381325,79.75
9.46,98370.0,5.097766013844633,74.2
9.69,98380.0,5.319715274698984,74.2
9.97,98390.0,5.07668708888742,71.6
9.68,98420.0,5.310065458434043,74.2
8.92,98460.0,5.0981192720607025,76.95
8.16,98520.0,4.8636919065723285,79.7
7.24,98600.0,3.959223057563631,79.65
6.45,98700.0,4.2295605641527425,85.7
6.08,98780.0,4.388498711835151,88.9
5.67,98840.0,4.511645976394976,92.25
5.5,98890.0,4.343259843554785,92.25
5.16,98940.0,4.006484218812141,92.25
5.14,99010.0,3.986673748466847,92.25
4.79,99050.0,3.108344158873101,88.85
4.5,99090.0,3.3450567208958217,92.2
4.06,99100.0,2.380515147024043,88.8
3.57,99150.0,1.8894166375957044,88.75
3.14,99240.0,1.9903682903307156,92.15
3.09,99340.0,1.4082248918386167,88.7
4.02,99440.0,1.8106886295243625,85.5
4.67,99450.0,2.4488452959509694,85.5
5.66,99480.0,2.368141897104275,79.35
6.62,99610.0,2.2616957819792862,73.7
7.68,99630.0,2.2534621428468085,68.5
8.26,99590.0,1.7887122501127501,63.7
8.99,99580.0,2.5027956947885728,63.8
9.19,99540.0,2.165256958474333,61.45
9.36,99530.0,1.8151386993606762,59.25
9.08,99540.0,2.0614262334659554,61.45
8.18,99610.0,1.6909309905747627,63.6
6.67,99690.0,1.7774897600647983,70.95
5.96,99700.0,1.0760045244372207,70.85
5.06,99750.0,1.2378873803396306,76.3
4.06,99780.0,0.26002292991361803,76.25
2.84,99810.0,0.10861810519121948,82.2
1.81,99770.0,-0.3914106053724964,85.3
1.06,99790.0,-1.1436994473312363,85.2
1.0,99760.0,-1.7313112922008302,81.95
1.28,99730.0,-1.9722126070490904,78.9
0.92,99690.0,-1.8094912753968477,81.95
0.27,99670.0,-2.452953892913964,81.9
-0.06,99660.0,-2.259027197427156,85.1
0.26,99690.0,-2.4627263584025023,81.9
2.48,99710.0,0.7988921712951788,88.65
5.88,99710.0,1.538360198304099,73.65
7.56,99690.0,1.6082933524104586,65.95
9.03,99630.0,2.01422957909998,61.45
10.13,99590.0,2.0324772466221543,57.15
10.85,99510.0,1.1817661802289083,51.25
11.27,99410.0,1.5697014023005424,51.25
11.44,99330.0,0.6994020857680493,47.6
11.27,99280.0,1.0299297831913432,49.3
10.68,99220.0,0.9840454053107098,51.1
9.35,99190.0,1.2781733829367068,57.05
7.71,99190.0,1.2235052026909332,63.5
6.55,99160.0,0.06953880926451804,63.25
4.8,99170.0,-0.06722293909589845,70.7
3.43,99150.0,-0.8905945802728454,73.3
2.59,99140.0,-1.209016540839113,76.0
1.86,99090.0,-1.3992931073712065,78.95
1.93,99130.0,-0.805842710883656,82.05
1.73,99130.0,-0.4699469953314527,85.3
1.31,99100.0,0.16276581086795064,92.05
1.09,99100.0,0.4738312952444362,95.65
0.58,99070.0,-0.03354291010791568,95.65
-0.08,99050.0,-0.6973079116042276,95.6
0.11,99110.0,0.027120957084278745,99.4
2.92,99140.0,1.2405904703186148,88.7
4.85,99210.0,2.0985787083696863,82.35
6.22,99230.0,2.398319268051664,76.5
7.38,99220.0,1.9665765665643813,68.5
8.57,99190.0,2.0826046947092283,63.7
9.54,99160.0,2.518464601749732,61.55
10.26,99160.0,2.154118784306467,57.15
10.66,99140.0,2.0286288457833086,55.15
10.72,99130.0,2.08453042856478,55.15
10.4,99130.0,1.2583104608201345,53.1
9.21,99140.0,2.184134989279929,61.45
7.53,99190.0,1.5797316167693864,65.95
6.6,99210.0,0.6521931965087551,65.75
5.55,99260.0,0.672490655382244,70.8
4.52,99300.0,0.17940008520246012,73.4
3.37,99330.0,-0.4264860011492272,76.15
2.11,99290.0,-0.0969034377434145,85.3
1.12,99310.0,-1.0848020448020925,85.2
0.57,99270.0,-1.6326744758607856,85.15
0.5,99270.0,-2.22818978046444,81.9
0.52,99250.0,-2.208645309975572,81.9
0.62,99250.0,-2.640011418735151,78.75
1.18,99250.0,-3.125222902977435,72.95
1.35,99290.0,-2.4368558475680744,75.85
2.88,99340.0,0.14771477230204633,82.2
6.58,99330.0,1.1608266411047603,68.3
8.97,99320.0,0.8860686602903242,56.9
10.76,99290.0,1.0579205017852416,51.1
12.13,99230.0,0.8410990924428059,45.95
13.23,99190.0,1.3963697320285713,44.5
14.01,99120.0,1.1306659623508792,41.5
14.43,99090.0,1.0313602974800427,40.1
14.45,99050.0,1.5770645867564916,41.65
13.89,99030.0,3.1332426332080963,48.25
12.33,99020.0,3.7122706175749736,55.65
10.3,99030.0,3.2817314470810626,61.75
8.51,99020.0,2.5552307283110856,66.15
6.53,99020.0,2.174877503768527,73.7
5.22,99040.0,1.4111276896854872,76.4
4.57,99020.0,1.8164036344830443,82.3
4.39,98990.0,1.1058912534517875,79.2
4.61,98970.0,0.7928499871560132,76.25
3.67,98950.0,0.39654370014203766,79.15
2.35,98930.0,-0.37867634117104276,82.15
1.42,98890.0,-0.7822975154606847,85.25
0.79,98860.0,-1.4087411397994236,85.2
0.38,98880.0,-1.8191791980710181,85.15
0.94,98900.0,-1.2614950720422358,85.2
4.95,98920.0,1.6683945541003995,79.3
9.92,98940.0,2.900061794972518,61.65
12.68,98940.0,2.439491122796536,49.7
14.52,98930.0,2.693191564551517,44.9
15.92,98900.0,3.5148256501655837,43.5
16.93,98840.0,4.526454780175146,43.8
17.51,98800.0,5.084007752214597,43.9
17.68,98750.0,5.237851415856698,43.9
17.49,98730.0,5.596774425709778,45.55
16.73,98710.0,6.959096412704298,52.5
15.1,98760.0,6.957633786198988,58.25
13.16,98800.0,5.578120853190048,60.05
12.6,98790.0,6.09320232690528,64.55
10.9,98810.0,6.0005084748838575,71.75
9.25,98850.0,6.486328627214261,82.85
8.05,98900.0,5.825757842506632,85.85
7.23,98900.0,5.538760111187475,89.0
6.77,98920.0,4.5521007471652375,85.75
7.01,98930.0,4.787763709382504,85.75
7.21,98930.0,4.98414630461876,85.75
7.3,98930.0,5.080887065241008,85.8
7.12,98950.0,5.430273628497714,89.0
6.93,98970.0,5.242886300839808,89.0
7.35,99000.0,5.657108234012138,89.0
9.79,99030.0,5.96948099332816,77.1
11.54,99060.0,7.173413979834471,74.55
12.71,99110.0,7.262435651169757,69.45
13.8,99090.0,6.240182071568536,60.3
14.28,99050.0,6.152169783774317,58.1
14.45,99010.0,5.817214826848833,56.15
14.78,98980.0,6.124991621091458,56.15
14.56,98990.0,6.451824214500434,58.25
14.09,98970.0,6.513000469203275,60.3
13.64,98990.0,7.124888727985796,64.75
13.1,99020.0,7.12107279704098,67.05
12.39,99070.0,6.956198625065065,69.45
12.11,99150.0,6.667264791966328,69.35
11.44,99220.0,7.076886528406589,74.55
10.89,99250.0,7.593939595288736,80.1
10.22,99290.0,7.982150344802072,86.0
9.64,99290.0,7.940181126704215,89.15
9.17,99290.0,8.01001694990209,92.45
8.75,99270.0,7.054163273862763,89.1
8.53,99250.0,7.3680945888942775,92.4
8.45,99270.0,7.288847690984666,92.4
8.21,99260.0,7.57955205089351,95.8
8.23,99250.0,7.599449628819646,95.8
8.97,99260.0,7.811891284306724,92.45
10.6,99330.0,8.90361290639669,89.25
12.17,99340.0,9.394706912142366,83.15
13.57,99370.0,8.658162142408278,72.2
14.83,99330.0,8.835381038587437,67.35
15.72,99300.0,9.166635246440782,65.05
16.9,99250.0,8.75697946347731,58.7
17.58,99200.0,8.89266674110262,56.75
17.74,99170.0,8.497509166090715,54.7
17.44,99140.0,8.762030741394314,56.75
16.94,99110.0,10.393179567466584,65.35
16.11,99100.0,10.633598346004327,70.0
14.78,99100.0,9.862500930493391,72.4
12.85,99070.0,9.54850685869686,80.35
10.72,99080.0,9.021978435288652,89.25
9.26,99070.0,7.565382244421813,89.15
8.27,99050.0,6.580740017183367,89.1
7.58,99000.0,6.419163990469666,92.35
6.77,98940.0,5.616800277321487,92.35
6.12,98850.0,4.965141152604092,92.3
5.85,98790.0,4.161677927388461,88.9
5.81,98700.0,4.122230531290709,88.9
5.76,98650.0,4.072921159854658,88.9
5.61,98610.0,3.916991315138111,88.85
6.52,98590.0,4.830464892437257,88.95
10.56,98580.0,7.793648934201975,83.0
13.61,98530.0,8.696613464010628,72.2
15.79,98520.0,9.772394658562392,67.45
17.64,98450.0,10.011302260775704,60.95
19.03,98390.0,9.267787039560508,53.15
19.89,98300.0,7.985493789232974,46.2
20.42,98260.0,7.4465353132143814,43.1
20.58,98200.0,7.055208845074177,41.55
20.29,98160.0,7.830650942325856,44.6
18.1,98130.0,9.201353088668453,56.08
16.5,98110.0,7.982866519520899,57.13
14.89,98140.0,6.7409326071914615,58.17
13.28,98110.0,5.4902910402500344,59.22
11.67,98110.0,4.2287028424998665,60.27
10.07,98100.0,2.9659237127474056,61.32
8.46,98080.0,1.6834140100716146,62.37
6.85,98070.0,0.39088117307260684,63.42
5.24,99260.0,-0.9113910927693123,64.47
3.63,99220.0,-2.2231300490319272,65.52
2.03,99180.0,-3.534532131081644,66.57
0.42,99100.0,-4.864407094130269,67.62
-1.19,99030.0,-6.20299069632484,68.67
-2.8,99020.0,-7.550048208110423,69.72
-4.4,99000.0,-8.895734827828225,70.77
-6.01,98990.0,-10.259050251859412,71.82
1.8,98960.0,-5.702015755583502,57.45
3.43,98920.0,-5.6418428160067045,51.4
4.58,98860.0,-5.034626379971031,49.65
5.5,98760.0,-5.1676038427303315,46.1
6.27,98670.0,-4.420713726561693,46.25
6.83,98630.0,-3.8656468462540876,46.4
7.07,98550.0,-4.12838297874023,44.75
7.01,98470.0,-4.183019102484419,44.75
6.6,98450.0,-3.5549998154119886,48.25
5.54,98420.0,-3.015720884268707,54.05
3.96,98430.0,-3.537092117238241,58.05
2.15,98370.0,-2.1806821423692635,73.0
0.93,98380.0,-3.3846452927167796,72.85
0.43,98340.0,-3.885040834661842,72.75
0.56,98330.0,-3.7597107252593513,72.75
-0.99,98290.0,-4.248631721984477,78.5
-1.64,98280.0,-4.360220986695983,81.65
-1.77,98250.0,-3.9767945768892163,84.85
-1.57,98210.0,-4.291825205409484,81.65
-1.4,98180.0,-3.5979655930381895,84.95
-1.59,98140.0,-4.311366809508788,81.65
-1.78,98120.0,-3.9866083837010615,84.85
-0.39,98110.0,-2.5908663118200344,85.05
2.07,98120.0,-2.2578197608474655,73.0
4.71,98090.0,-1.219969955984537,65.4
6.16,98060.0,-1.3554172820076733,58.55
7.21,97990.0,-1.3737280503621039,54.4
7.86,97940.0,-1.794916065250111,50.45
8.61,97830.0,-1.5972022598902522,48.65
9.0,97770.0,-1.7223566671908517,46.95
9.01,97680.0,-2.2423550446759313,45.15
9.03,97630.0,-1.6949079293374885,46.95
8.34,97620.0,-0.8217346278130382,52.45
7.14,97610.0,-1.4389079011650125,54.4
5.38,97620.0,-2.1112673290885278,58.45
4.58,97670.0,-1.343689106800455,65.4
3.68,97690.0,-1.1814252460784462,70.5
2.96,97710.0,-1.3624950602414976,73.2
2.53,97710.0,-1.2671345520897246,76.0
2.3,97690.0,-0.9711950501925223,78.95
2.13,97650.0,-1.1365940360380482,78.95
1.98,97660.0,-0.7569780045321238,82.05
2.52,97670.0,-0.7484951602828591,79.0
3.06,97710.0,-0.2057259617035879,79.1
3.24,97740.0,-0.030577745664325588,79.1
3.17,97810.0,0.4311611932249799,82.2
3.04,97880.0,0.832263957773676,85.4
4.31,97980.0,2.095408556321615,85.5
5.14,98050.0,1.8620998952759509,79.35
5.55,98120.0,1.2200116973990067,73.65
6.18,98150.0,0.7783633066454755,68.3
6.16,98180.0,1.2876861976030123,70.95
6.29,98200.0,1.9433565168815827,73.7
7.07,98190.0,1.670111839248946,68.5
7.58,98190.0,2.1782816980577255,68.6
7.82,98170.0,2.407822273902207,68.6
7.66,98240.0,2.787598495815444,71.25
6.95,98290.0,3.142477902101099,76.7
6.21,98370.0,3.462175917401268,82.55
5.71,98450.0,2.4256458478585454,79.4
5.32,98510.0,3.1034808679860384,85.6
5.08,98550.0,2.867836729480606,85.6
4.68,98600.0,2.999864216153652,88.85
4.14,98640.0,2.45940732090446,88.8
3.47,98700.0,2.317223211168374,92.15
2.57,98760.0,1.4257906289724116,92.15
2.34,98800.0,1.717371873436952,95.65
1.72,98840.0,1.1005799456604424,95.65
1.07,98870.0,0.4539343729377328,95.65
0.75,98940.0,0.6666743428167535,99.4
1.62,99040.0,1.5360653026730877,99.4
4.29,99100.0,2.6073291693163614,88.8
5.83,99130.0,2.542428575948535,79.4
6.97,99200.0,0.5220505849545495,63.5
7.78,99200.0,-0.2757489412947224,56.7
8.67,99200.0,0.048556474999552894,54.65
9.24,99180.0,0.07784663881371295,52.7
9.74,99200.0,0.04832461361613484,50.85
10.13,99180.0,-0.08836237913177272,49.05
10.14,99180.0,0.45827144817113696,51.0
9.8,99190.0,1.1641047643522995,54.9
8.86,99240.0,2.357518691908626,63.7
6.97,99290.0,1.0465480926026676,65.95
6.67,99280.0,0.20503332331338375,63.35
5.54,99340.0,-0.3778121995337499,65.65
4.61,99380.0,-0.24967536050271713,70.7
3.85,99410.0,0.03849992471596989,76.15
3.19,99430.0,-0.6098574855860296,76.1
2.58,99410.0,-0.6901170017554058,79.0
1.97,99410.0,-0.7667509271775622,82.05
1.35,99370.0,-0.8510142370743241,85.25
0.71,99370.0,-0.9696279465630776,88.5
0.06,99360.0,-1.618186891351963,88.45
-0.52,99390.0,-2.1900379784696686,88.45
0.7,99430.0,-0.448850001209275,92.0
5.05,99440.0,0.7188206726387324,73.55
7.77,99450.0,2.3600021363794403,68.6
10.14,99430.0,3.637373649839205,64.0
12.09,99390.0,3.9899042581434316,57.65
13.48,99310.0,3.2603824898671254,50.0
14.36,99250.0,3.04116933281029,46.5
14.86,99230.0,2.474770019638687,43.25
14.98,99150.0,1.5591273900230973,40.2
14.76,99090.0,1.8562023765019404,41.65
14.14,99040.0,2.840476173236799,46.5
12.69,99030.0,2.9905812285081184,51.65
10.63,99030.0,2.0006777023826317,55.15
9.66,98980.0,1.5682352560064632,57.05
8.47,98960.0,0.9199118027238649,59.0
7.39,98930.0,0.9201871977939746,63.5
6.44,98930.0,-0.012963484062147375,63.35
5.56,98920.0,0.16529377445831023,68.2
4.54,98890.0,-0.31689612020615465,70.7
3.3,98900.0,-0.50330121572545,76.1
2.12,98870.0,-0.6201580652927028,82.05
1.38,98880.0,-1.8749163859557425,78.9
0.95,98850.0,-2.310417176661605,78.8
0.81,98860.0,-2.455175953173182,78.75
2.41,98900.0,-1.3833719512239544,76.0
7.37,98870.0,1.4273994962798124,65.95
10.54,98920.0,1.388180734336823,53.1
12.77,98930.0,3.064502400349047,51.65
14.8,98940.0,4.011131337253007,48.4
16.52,98910.0,4.155396670550992,43.8
17.86,98940.0,4.918159146674824,42.45
18.68,98960.0,5.174236177798343,41.05
19.01,98950.0,4.971552875148395,39.65
18.91,98940.0,5.380632484477978,41.05
18.26,98980.0,6.391816809267051,45.85
16.7,99020.0,6.438130419963607,50.75
14.54,99090.0,5.364699542157975,54.1
13.01,99070.0,5.967915035118963,62.3
10.54,99130.0,5.644492453676079,71.7
8.74,99160.0,4.90500703059212,76.85
7.3,99200.0,4.017626325446437,79.65
6.29,99240.0,3.54038326503435,82.55
5.59,99310.0,2.847508938887189,82.5
5.02,99360.0,2.8089250315538674,85.6
4.78,99400.0,2.5650588819564564,85.55
4.61,99470.0,2.398149368903971,85.55
4.2,99510.0,2.5185762132864293,88.8
3.93,99570.0,2.252314590870252,88.8
5.85,99630.0,4.161677927388461,88.9
9.96,99700.0,6.1342711556387535,77.1
12.31,99770.0,7.396054206389886,71.95
13.76,99820.0,7.771814013867918,67.15
15.1,99850.0,8.57824943835547,65.05
16.19,99840.0,9.124651770828695,62.95
17.02,99800.0,8.370093483404284,56.75
17.55,99780.0,8.361388507714901,54.85
17.68,99760.0,7.948928114069892,52.9
17.4,99720.0,8.181653020163381,54.7
16.82,99730.0,8.682014247588487,58.7
15.78,99750.0,9.246389081604777,65.15
13.85,99760.0,8.927316368187713,72.2
13.05,99730.0,8.670421863617694,74.75
11.89,99740.0,8.57676500158558,80.15
10.91,99730.0,8.135886944278097,83.0
10.08,99740.0,7.844665656878524,86.0
9.31,99710.0,7.6064743686882785,89.1
8.61,99700.0,6.916082801485614,89.1
7.99,99660.0,6.8331733124016285,92.4
7.33,99610.0,6.171523544985172,92.35
6.62,99570.0,5.4682116521679545,92.35
5.88,99530.0,5.79305110215185,99.4
5.18,99500.0,5.093550042721069,99.4
6.24,99490.0,6.15279394531535,99.4
10.4,99470.0,8.158914312670676,86.0
12.9,99450.0,8.51573266766511,74.7
15.16,99400.0,8.104225484738055,62.75
17.04,99360.0,7.315183109083444,52.75
18.3,99260.0,5.897250482422488,44.2
19.06,99230.0,5.016233325675489,39.65
19.38,99160.0,4.767439230639764,38.2
19.46,99140.0,4.304738200193043,36.8
19.26,99070.0,4.127608737378935,36.8
18.81,99050.0,5.8251636675785825,42.6
17.5,99050.0,7.246599601216892,51.0
14.9,99050.0,7.835101006746323,62.65
13.37,99010.0,5.77561379368034,60.05
12.01,99040.0,4.4487729410178085,59.85
11.61,99020.0,3.5158919914476012,57.55
12.12,99000.0,3.4782411558593713,55.5
10.96,98990.0,3.4019839372440672,59.6
9.21,98930.0,3.2430948182644674,66.25
8.12,98950.0,3.2294939238617544,71.25
7.18,98900.0,2.8400635226344835,73.9
6.52,98910.0,2.184236730795225,73.8
5.92,98910.0,2.1167941931490386,76.55
6.33,98930.0,2.514082474722856,76.55
8.49,98950.0,4.132806077258298,74.05
10.53,99030.0,6.169241658905466,74.4
13.36,99070.0,6.836692384734126,64.65
15.24,99100.0,6.57983036511464,56.25
16.05,99120.0,6.860457999996598,54.45
16.77,99100.0,7.5694919463070836,54.6
17.25,99110.0,7.509449348661265,52.75
17.6,99080.0,7.874907760951795,52.9
17.76,99070.0,8.022946700121599,52.9
17.5,99060.0,7.246599601216892,51.0
16.87,99080.0,7.66239023479712,54.6
15.64,99120.0,7.513569649643088,58.45
13.84,99180.0,7.314650596400953,64.75
12.91,99180.0,7.993094688577887,72.05
10.76,99210.0,7.4582207997899586,80.05
9.58,99240.0,6.282101196551016,79.9
8.73,99310.0,5.960422139651739,82.75
7.97,99280.0,5.208695496173374,82.7
7.61,99300.0,4.328324966708927,79.7
7.63,99290.0,4.347793418108433,79.7
8.23,99270.0,5.4628805753203755,82.7
7.96,99270.0,5.198919026207734,82.7
7.31,99260.0,4.554782905070711,82.65
6.76,99290.0,4.542281365974415,85.75
6.96,99290.0,4.747014145477475,85.8
9.52,99320.0,6.223690739301477,79.9
11.43,99330.0,7.047645529115917,74.45
12.88,99320.0,7.425117145880259,69.45
14.19,99290.0,7.669346049593727,64.85
15.28,99250.0,6.617138009712899,56.25
15.57,99200.0,5.858738710057013,52.4
15.78,99140.0,5.5195475852699,50.5
15.81,99120.0,5.547167906795056,50.5
15.41,99090.0,5.136135911577318,50.35
14.86,99100.0,5.133354950682672,52.15
13.76,99110.0,5.6402911446961035,58.0
12.03,99140.0,4.467580031691639,59.85
10.33,99160.0,1.1540521617000057,52.95
8.78,99210.0,0.15099092269785608,54.65
6.99,99240.0,0.5410102881109431,63.5
6.12,99250.0,-0.3379653330657903,63.25
5.76,99270.0,-0.7008127150875928,63.15
5.29,99270.0,-1.1678220773646364,63.05
4.59,99280.0,-1.3341721337978845,65.4
3.73,99250.0,-1.6645919382770913,67.8
2.82,99270.0,-1.5160905551328694,73.1
2.07,99270.0,-1.721648895542437,75.95
1.5,99290.0,-1.7581623833269295,78.9
3.18,99300.0,0.4409350693207645,82.2
6.64,99350.0,0.17659957280039298,63.35
8.33,99350.0,1.296682039846331,61.2
10.08,99350.0,1.462907796400222,55.05
11.59,99320.0,1.8924926264591646,51.35
12.86,99280.0,2.072627262944165,47.85
13.85,99240.0,2.006298312893647,44.65
14.47,99180.0,1.5950745338260495,41.65
14.8,99130.0,2.420509751048261,43.25
14.77,99080.0,2.3933791426453794,43.25
14.35,99070.0,2.4917175554420257,44.75
13.2,99030.0,3.489203907117195,51.75
11.37,99040.0,2.7283123790878445,55.3
10.45,99000.0,1.3046933213222054,53.1
8.85,98990.0,1.2769429835146466,59.0
7.37,98950.0,0.9012291282655632,63.5
5.99,98920.0,1.124409247044695,70.95
5.46,98860.0,0.5958281923612035,70.85
5.87,98830.0,0.461688298467088,68.2
6.01,98750.0,0.09053911537348484,65.75
4.95,98680.0,0.09628263206387473,70.8
3.76,98650.0,0.4841186534699375,79.15
2.87,98590.0,0.13794061936663785,82.2
2.64,98570.0,0.43147050524873,85.35
5.31,98540.0,2.5567267081784713,82.4
10.08,98530.0,4.1144124100679464,66.45
13.2,98500.0,5.091052719158718,57.9
15.07,98470.0,4.82316021327126,50.35
16.41,98420.0,5.604713914566041,48.8
17.74,98350.0,5.871508962534543,45.7
18.88,98270.0,7.487591547208774,47.55
19.36,98210.0,7.423858872520415,45.95
19.37,98140.0,6.898818450805947,44.3
19.11,98100.0,6.663421641437714,44.3
17.88,98020.0,7.596656873955704,51.0
16.78,98050.0,8.644531074594793,58.7
15.26,98030.0,8.198721529044219,62.75
13.9,97980.0,7.905223809639576,67.15
12.0,97960.0,6.562004815513091,69.35
10.6,98000.0,6.236803489693316,74.4
9.53,97950.0,5.698710577758682,77.0
8.49,97960.0,5.19390969200087,79.75
7.67,97920.0,4.386730193505435,79.7
6.75,97890.0,3.9986808398648344,82.6
6.07,97870.0,3.32531166831983,82.55
5.85,97830.0,3.101677205405116,82.5
6.29,97880.0,3.54038326503435,82.55
7.13,97970.0,3.852149404401963,79.65
7.36,98070.0,4.603664583253569,82.65
8.07,98170.0,5.306459703809706,82.7
8.0,98240.0,4.178549513277534,76.8
7.85,98330.0,2.436514150329534,68.6
7.75,98400.0,0.21994523764732057,58.9
7.88,98420.0,-0.7122633054449813,54.55
8.24,98430.0,-1.4442316025806337,50.45
8.64,98440.0,-2.624202325530241,45.0
8.6,98380.0,-2.6606281322363805,45.0
8.19,98400.0,-3.611300620889003,43.1
7.61,98410.0,-4.654604015280003,41.45
6.84,98470.0,-5.445133843469002,41.15
6.0,98510.0,-6.250649645667297,41.0
5.43,98600.0,-6.281749880959041,42.55
4.53,98650.0,-6.647599856629944,44.05
3.44,98710.0,-6.152086422029476,49.4
2.58,98750.0,-5.4367660604787025,55.45
1.88,98760.0,-5.0667505551821,59.95
1.5,98760.0,-4.398099989969902,64.8
1.3,98770.0,-3.552529282100326,70.05
1.06,98770.0,-3.2593050619958017,72.85
0.99,98790.0,-2.8032823551924957,75.75
0.64,98810.0,-2.6205548640901766,78.75
0.62,98850.0,-2.1109235213814026,81.9
1.44,98900.0,-1.8165391851863528,78.9
2.22,98970.0,-1.0490294692265913,78.95
3.07,99030.0,-1.7863774613187027,70.4
4.65,99060.0,-2.8546313202320714,58.2
5.62,99070.0,-3.995571626640975,49.95
6.38,99050.0,-4.320144847807666,46.25
6.96,99030.0,-4.757044490785904,43.0
7.19,99050.0,-4.5485562792804535,43.0
7.46,99030.0,-4.789984194984513,41.45
7.41,99040.0,-4.835112761072861,41.45
7.35,99050.0,-3.873430603758391,44.75
7.09,99080.0,-4.1101712098161745,44.75
6.61,99090.0,-3.5458139071450003,48.25
5.19,99150.0,-2.8543994247594506,56.05
4.05,99190.0,-2.9209325698374027,60.4
2.72,99200.0,-2.141625862895892,70.3
1.4,99150.0,-2.388427587842153,75.85
0.74,99150.0,-2.52327276092321,78.75
0.17,99190.0,-2.5671346917355264,81.8
-0.29,99150.0,-2.4927129392655427,85.05
-0.45,99140.0,-2.6497587035995984,85.05
-0.67,99130.0,-2.865699836410495,85.05
-0.92,99130.0,-2.592043675170314,88.4
-0.88,99140.0,-2.5526066549065742,88.4
1.33,99130.0,-0.3505935595903853,88.55
4.81,99170.0,-0.5920869592034927,68.0
6.46,99190.0,-0.513180816750271,61.0
7.86,99180.0,-0.20091419913743222,56.7
9.23,99150.0,0.6079209514712419,54.8
10.53,99100.0,0.8455245922233047,51.1
11.71,99060.0,1.4767781872541694,49.45
12.69,99000.0,2.448689838407914,49.7
13.38,98950.0,3.1258971525354062,49.85
13.71,98920.0,2.9390308018268962,48.15
13.65,98890.0,3.416826211227976,50.0
12.95,98890.0,4.819771825017942,57.75
11.47,98880.0,3.9052585906544293,59.7
10.02,98850.0,4.594600328374271,69.0
8.4,98830.0,3.498457640911758,71.25
7.18,98810.0,2.3067453910859532,71.15
6.1,98790.0,1.760063314302525,73.7
4.33,98780.0,1.5818255815888995,82.3
2.7,98770.0,1.0158218373192225,88.65
2.3,98750.0,0.6214021937660662,88.65
2.08,98690.0,0.40446747022881213,88.65
1.88,98660.0,-0.32269165972794084,85.3
1.59,98610.0,-0.0864750888035098,88.6
1.51,98600.0,-0.16535823408522166,88.6
4.59,98580.0,2.3785128150542088,85.55
9.53,98570.0,3.5691917508240754,66.35
12.3,98540.0,3.126356554354131,53.5
14.2,98520.0,2.895212231527183,46.5
15.77,98490.0,2.849734177953342,41.9
17.04,98440.0,2.5367321455694816,37.8
18.02,98410.0,2.9906366515583596,36.7
18.74,98370.0,4.1606889370100415,38.1
19.12,98300.0,4.003608451605306,36.8
19.13,98240.0,4.012465878767597,36.8
18.72,98220.0,5.210132588968101,41.05
17.51,98210.0,6.716925203664448,49.15
15.35,98210.0,8.283766185781339,62.75
14.82,98180.0,6.162296025072594,56.15
15.27,98210.0,5.0072676986850535,50.35
13.84,98240.0,5.1840783421111745,55.9
9.78,98280.0,5.406563000922788,74.2
7.79,98290.0,5.0327176680639445,82.7
7.39,98340.0,4.632993482473638,82.65
6.95,98330.0,4.202828199107075,82.65
6.66,98340.0,3.9106949995656044,82.6
5.85,98330.0,4.161677927388461,88.9
5.28,98340.0,3.5915647028493174,88.85
5.34,98370.0,3.6507336346852517,88.85
7.25,98390.0,5.031788632855209,85.8
10.04,98470.0,5.676881649802981,74.3
11.59,98450.0,6.148750660039753,69.25
12.92,98450.0,7.463394446307395,69.45
14.37,98450.0,7.8401442259596275,64.85
15.42,98420.0,7.812570746282551,60.5
16.43,98400.0,7.754626922807437,56.5
17.2,98370.0,7.463196591128852,52.75
17.48,98330.0,7.72220310617746,52.75
17.45,98310.0,7.69445344775595,52.75
17.15,98270.0,7.41694314046178,52.75
16.35,98270.0,8.216442568986796,58.6
14.79,98290.0,8.26135404619547,64.95
12.88,98320.0,6.889679755206915,66.95
11.5,98310.0,6.062635961369204,69.25
10.3,98350.0,5.927799581417443,74.3
9.0,98360.0,5.708416007704913,79.85
7.83,98360.0,5.071824102575904,82.7
7.04,98350.0,4.825573234661309,85.8
6.57,98340.0,4.355711738629894,85.75
6.21,98320.0,4.524736584809354,88.95
5.77,98330.0,4.082783045369792,88.9
5.45,98310.0,3.7671999243317544,88.9
5.31,98340.0,4.155062252415144,92.25
7.86,98360.0,5.101153834526535,82.7
10.32,98360.0,5.947100576585585,74.3
11.84,98390.0,6.387951035475992,69.25
12.99,98380.0,6.485656614532369,64.65
14.47,98400.0,6.894604409141401,60.4
15.76,98370.0,7.625992893964957,58.45
16.52,98340.0,7.337234675405431,54.6
17.28,98280.0,8.070167116203981,54.7
17.57,98230.0,7.847149672947787,52.9
17.35,98200.0,8.135201020799423,54.7
16.69,98180.0,7.495171414814201,54.6
15.64,98210.0,7.513569649643088,58.45
14.44,98220.0,7.906564032488364,64.85
13.82,98210.0,6.7679870845501915,62.45
12.52,98250.0,5.481885582956869,62.2
11.63,98270.0,5.655419452043407,66.75
10.95,98270.0,5.515524632090263,69.15
10.19,98300.0,5.821643126954652,74.3
8.88,98310.0,6.107068442589591,82.75
7.69,98320.0,5.472240264640329,85.85
6.85,98330.0,5.163985772831259,89.0
6.37,98360.0,5.212777297491403,92.3
6.1,98380.0,4.416251055917152,88.95
5.91,98430.0,3.6993273708285623,85.7
6.04,98500.0,3.295983384660431,82.55
7.71,98530.0,2.835632201416494,71.25
8.73,98570.0,2.764713167669084,66.15
9.97,98600.0,1.8827588607185997,57.15
11.23,98630.0,2.067674502292695,53.25
12.22,98650.0,1.4573322472459391,47.75
12.88,98650.0,1.5702016372093697,46.1
13.2,98660.0,1.3691324044259277,44.5
13.27,98650.0,0.8913188677802643,42.8
13.03,98650.0,0.14818747117516012,41.2
12.39,98620.0,-0.5112562750343469,40.95
11.56,98670.0,-0.7831324024751374,42.4
10.27,98720.0,-1.5392508648088015,43.7
9.23,98760.0,-2.575547641875549,43.4
8.34,98800.0,-2.412781511348924,46.65
7.57,98830.0,-3.64334530217208,44.85
6.87,98840.0,-3.3069912638610353,48.25
6.26,98860.0,-3.3784693075258687,50.05
5.7,98870.0,-3.3979286353398663,51.95
5.14,98860.0,-3.955383406141987,51.8
4.7,98870.0,-3.859533624296544,53.8
4.3,98870.0,-4.268871167679176,53.65
3.9,98850.0,-4.641067610622282,53.65
3.75,98870.0,-3.75725835247562,57.95
4.61,98900.0,-2.8921925811448674,58.2
5.73,98950.0,-2.3135463435716006,56.2
7.56,98940.0,-1.544812156606122,52.45
9.26,98920.0,-0.4353635136885551,50.7
10.54,98880.0,-0.7285352732469418,45.55
11.47,98850.0,-0.8644411099179932,42.4
12.1,98820.0,-1.2985943959516422,39.4
12.47,98790.0,-1.460142868564217,38.0
12.59,98740.0,-1.353137508697656,38.0
12.45,98710.0,-1.477977650945709,38.0
12.0,98680.0,-1.3881565574160317,39.4
11.29,98710.0,-1.0592826335334589,42.3
10.23,98750.0,-2.113213932325954,42.0
9.55,98770.0,-2.7753863513820263,41.85
9.0,98800.0,-2.784090373261072,43.4
8.51,98810.0,-2.742588175096619,45.0
8.0,98810.0,-2.7237313822503646,46.65
7.43,98800.0,-3.2451139718895106,46.65
6.88,98780.0,-2.766321064657863,50.2
6.36,98770.0,-2.7476425786955048,52.1
5.9,98750.0,-3.1739813004559245,52.1
5.46,98740.0,-3.0901928844443196,54.05
5.03,98740.0,-3.003979947173144,56.05
4.87,98750.0,-2.6249437427410074,58.3
5.68,98780.0,-1.3052496704827525,60.75
6.86,98780.0,-0.1357201166266122,61.0
8.43,98790.0,0.35656065659640906,56.8
10.05,98780.0,0.8943754697614128,52.95
11.5,98770.0,0.7543397442053119,47.6
12.66,98760.0,0.8319998586041715,44.35
13.46,98740.0,1.1116264794937596,42.95
14.01,98750.0,1.6574674039005133,43.1
14.27,98710.0,1.8925629256933003,43.1
14.27,98700.0,1.8925629256933003,43.1
13.95,98690.0,1.554586376067155,42.95
13.23,98710.0,1.3963697320285713,44.5
12.14,98750.0,0.3131640052848539,44.2
11.57,98770.0,-0.23532161745097138,44.1
10.86,98790.0,-0.43694492359933174,45.55
10.21,98820.0,-1.0742726758545167,45.4
9.53,98840.0,-1.7387497608350713,45.25
8.8,98880.0,-1.4226289297573882,48.65
8.07,98880.0,-1.601111481965189,50.45
7.46,98900.0,-2.164103709962131,50.45
6.82,98900.0,-2.2954813306980206,52.2
6.23,98900.0,-2.3485329643073225,54.15
5.69,98920.0,-2.3509468155510365,56.2
5.48,98930.0,-2.0173371672786886,58.45
6.52,98970.0,-0.9939907964804017,58.65
8.14,98990.0,0.06099479388456807,56.7
10.02,98990.0,0.34746169211933914,51.0
11.81,98980.0,1.0381661410774197,47.6
13.27,98950.0,0.8913188677802643,42.8
14.38,98920.0,0.9345331882551281,39.95
15.13,98910.0,1.163902118025682,38.7
15.59,98890.0,1.0988487698612481,37.4
15.77,98850.0,1.2588352257356277,37.4
15.69,98840.0,1.7176868286548026,38.85
15.33,98830.0,1.3424089551501472,38.7
14.53,98860.0,1.6491034998972283,41.65
13.25,98890.0,0.8732430748715201,42.8
12.35,98870.0,0.5037451923605962,44.2
11.39,98880.0,0.6099469458568212,47.45
10.61,98900.0,0.3949953965734704,49.2
9.84,98910.0,0.6734347641232434,52.85
8.98,98940.0,0.3750664679270417,54.8
8.08,98940.0,0.5299951812779716,58.9
7.31,98950.0,0.3114829866114924,61.1
6.46,98950.0,0.005993191032360668,63.35
5.5,98990.0,0.6342437526171958,70.85
4.48,98970.0,0.6759859834385833,76.3
4.18,98990.0,1.4352116160225357,82.3
7.22,98970.0,2.3451690609215423,71.15
9.61,99020.0,3.112699949334337,63.9
11.63,99010.0,3.534614382026532,57.55
13.43,98980.0,3.7017371324933714,51.75
14.78,98940.0,2.9293685853190934,44.9
15.8,98880.0,2.8767535510038464,41.9
16.68,98840.0,3.2227056921973887,40.6
17.34,98770.0,3.3350920837948195,39.25
17.72,98690.0,3.7286244969260958,39.4
17.83,98630.0,3.8269011050263932,39.4
17.62,98560.0,3.6392781021229768,39.4
16.8,98520.0,5.991838859803489,48.9
15.1,98500.0,5.382788870122664,52.25
13.32,98450.0,5.203419662369504,57.9
11.18,98460.0,5.205157940808785,66.65
10.66,98420.0,4.152662216227586,64.1
10.47,98380.0,3.4422426597611206,61.75
10.45,98320.0,2.89880331800344,59.5
10.28,98270.0,3.2399253781710255,61.65
8.72,98180.0,3.825758572074098,71.35
6.89,98110.0,3.600709400975949,79.55
5.91,98060.0,3.1688932162559147,82.55
5.58,98020.0,3.3670234794581972,85.65
6.14,97970.0,3.9251700425652576,85.7
8.84,97950.0,6.609965101942138,85.9
12.26,97910.0,6.277257178723619,66.85
14.51,97890.0,5.8731762954596505,56.15
16.11,97870.0,6.385748240510595,52.5
17.46,97810.0,6.641440469120371,49.05
18.5,97790.0,6.610066982704577,45.85
19.26,97740.0,5.194945610173728,39.65
19.37,97700.0,5.293230876135377,39.65
19.13,97630.0,4.545039486081072,38.2
18.62,97620.0,5.120390454678513,41.05
17.98,97600.0,4.493633118602198,40.9
16.92,97610.0,5.047060191397921,45.45
15.21,97610.0,4.4310015832881176,48.55
13.69,97600.0,3.453635246509178,50.0
12.29,97650.0,3.1170769672919096,53.5
11.08,97650.0,2.45807593525304,55.3
9.91,97660.0,2.867732419207305,61.55
8.78,97680.0,2.2816820513676817,63.7
7.91,97680.0,1.9626991816327326,66.05
7.01,97680.0,1.0846345896264609,65.95
6.19,97720.0,1.3164993049630203,70.95
5.47,97750.0,1.1428339877322238,73.65
5.03,97780.0,1.2270369437452475,76.4
4.85,97830.0,1.0344452049589967,76.3
5.32,97890.0,0.9792667011566921,73.55
6.46,97950.0,1.595455961612453,71.05
7.5,98000.0,2.101765974415455,68.6
8.88,98030.0,3.44214043805579,68.7
10.3,98030.0,3.789085320262093,64.0
11.71,97990.0,3.070624184855041,55.4
12.72,97970.0,2.476285804928706,49.7
13.44,97950.0,2.111092532723403,46.2
13.87,97870.0,1.4822721968024306,42.95
13.79,97860.0,0.8823748604108362,41.35
13.65,97800.0,0.7563733598898104,41.35
13.09,97800.0,0.728631615890966,42.8
12.06,97820.0,1.840956120100759,49.6
10.15,97870.0,3.1172000936616575,61.65
8.64,97890.0,4.808094516114701,76.85
8.89,97890.0,3.451704230405586,68.7
8.6,97920.0,3.1743473066684817,68.7
7.39,97920.0,3.0426828660513423,73.9
6.96,97920.0,2.6277890330879123,73.9
7.04,97890.0,2.7049805386810055,73.9
6.5,97890.0,2.6971826698092425,76.65
5.98,97880.0,2.7061239836129722,79.5
5.49,97880.0,2.749750282696771,82.5
5.25,97870.0,3.0347517661000865,85.6
6.65,97890.0,4.966732895746474,89.0
9.73,97900.0,4.826045275610887,71.5
11.69,97930.0,4.112097529104643,59.7
12.94,97920.0,3.7467098374576078,53.6
13.83,97910.0,2.512230020609501,46.35
14.8,97870.0,1.3630544034925856,40.1
15.69,97830.0,0.6585343678292277,36.0
16.21,97810.0,1.1763976478236247,36.15
16.64,97740.0,0.5412148465910396,33.6
16.93,97700.0,0.27148984673255466,32.35
16.65,97660.0,0.026910379309101642,32.35
16.21,97660.0,2.235898131223667,39.0
14.93,97680.0,5.19806637317924,52.15
14.78,97670.0,2.402422713899307,43.25
13.72,97740.0,2.4119043943032774,46.35
12.5,97720.0,2.2739091026767153,49.7
11.39,97740.0,2.7469485704066883,55.3
10.47,97730.0,2.387408570733713,57.3
9.69,97720.0,3.1885510199654488,63.9
8.99,97700.0,3.0335950040380304,66.25
8.35,97680.0,2.914689336604229,68.6
7.5,97660.0,2.101765974415455,68.6
6.37,97660.0,2.552841189421502,76.55
5.86,97660.0,2.5716240152097516,79.4
7.86,97660.0,5.639180289033147,85.85
12.08,97680.0,5.577505724699872,64.45
14.78,97670.0,5.0593973476358025,52.15
16.63,97630.0,4.783461048307887,45.45
17.99,97590.0,3.9698406217463273,39.4
18.87,97570.0,3.7435120242094944,36.7
19.72,97500.0,3.0084034660394408,33.05
19.87,97460.0,2.596008350868947,31.8
19.65,97410.0,2.947196107193366,33.05
19.39,97430.0,3.710973851420196,35.45
19.09,97380.0,3.977035926515632,36.8
18.13,97420.0,5.212183697984737,42.6
16.67,97410.0,5.872643549006176,48.9
14.55,97380.0,6.969869355472138,60.4
12.6,97420.0,6.09320232690528,64.55
11.45,97420.0,4.95756583044918,64.35
10.83,97430.0,4.850229614762066,66.55
10.02,97410.0,4.594600328374271,69.0
9.0,97400.0,4.644201257770014,74.15
8.16,97360.0,4.33360958560403,76.8
7.57,97320.0,3.761810004577889,76.8
6.94,97310.0,3.6672009693912306,79.65
6.54,97290.0,3.7933794115124715,82.6
7.22,97290.0,4.466795318966505,82.65
9.7,97290.0,7.999359174102083,89.15
14.15,97280.0,6.569443293832987,60.3
16.27,97300.0,5.999262760126445,50.6
16.84,97280.0,6.028513299654264,48.9
17.09,97260.0,6.302129813128847,49.05
17.02,97260.0,6.7614740944066245,50.85
17.01,97220.0,6.7522633348157255,50.85
16.98,97160.0,7.2319425100195325,52.65
16.2,97110.0,6.999787262427761,54.45
14.89,97080.0,9.968256868021284,72.4
15.05,97050.0,10.671077207696293,75.1
13.77,97050.0,11.529341740809379,86.35
13.23,97040.0,11.523017163362084,89.4
12.81,97090.0,11.108707215692784,89.4
12.43,97150.0,10.725436390424893,89.35
12.11,97150.0,9.872734162834739,86.2
11.84,97170.0,10.135065399456312,89.3
11.56,97180.0,9.323905829272636,86.15
11.18,97180.0,9.484041475000167,89.3
10.95,97160.0,8.716200498429485,86.1
10.53,97170.0,8.834565986908968,89.25
10.2,97180.0,8.500780738524126,89.2
10.01,97200.0,7.775922787317508,86.0
10.27,97220.0,8.031251679390715,86.0
11.12,97270.0,8.3501057768498,83.05
12.16,97280.0,8.848874662578822,80.2
13.21,97310.0,8.291657094632358,72.1
14.2,97310.0,8.751886848716296,69.75
15.07,97320.0,8.549777268821275,65.05
15.77,97320.0,9.236897941047337,65.15
16.4,97310.0,9.32312190950284,62.95
16.58,97320.0,8.989226088006308,60.85
16.55,97280.0,8.428995519234585,58.7
16.27,97290.0,8.141482305866521,58.6
15.81,97260.0,7.672834904162668,58.45
15.25,97290.0,7.652632536062322,60.5
14.34,97350.0,7.282598155970061,62.55
13.1,97420.0,6.590021408546548,64.65
12.27,97440.0,6.820366606925186,69.35
11.23,97420.0,6.854617170476062,74.45
10.14,97410.0,6.8363597144335335,79.95
9.6,97390.0,6.837321376064784,82.9
9.37,97380.0,7.138907477410437,85.95
9.76,97340.0,7.521890261510248,85.95
9.87,97300.0,8.167029236883412,89.15
10.14,97250.0,7.903587837612048,86.0
10.35,97200.0,8.109813442887196,86.0
10.63,97180.0,7.862097396435536,83.0
10.92,97200.0,8.145665015140185,83.0
11.63,97140.0,8.857715338413941,83.1
12.59,97120.0,8.750222689346812,77.45
13.74,97070.0,9.356373613959338,74.85
14.35,97110.0,9.428509459625722,72.3
14.74,97140.0,8.749602481569337,67.35
14.98,97140.0,6.870228052345398,58.35
15.17,97090.0,4.915215432273927,50.35
15.33,97080.0,4.5409885582657274,48.55
15.09,97050.0,4.841571493285932,50.35
12.66,97010.0,8.677975844747845,76.72
12.18,97000.0,8.08009206198812,76.03
11.71,96990.0,7.493729779911558,75.35
11.23,97020.0,6.895660813622728,74.66
10.75,97050.0,6.2994455327652865,73.98
10.28,97030.0,5.712765307549577,73.3
9.8,97050.0,5.114352012336732,72.61
9.32,97050.0,4.517786996956792,71.93
8.85,97880.0,3.9286989259441873,71.24
8.37,97890.0,3.3318400570287414,70.56
7.89,97870.0,2.7328113895162374,69.87
7.41,97850.0,2.135622134001259,69.19
6.94,97880.0,1.5457829909573721,68.5
6.46,97900.0,0.9482037852496099,67.82
5.98,97950.0,0.35042045289022733,67.14
5.51,97970.0,-0.24011431064808342,66.45
9.46,97980.0,1.3811012860751126,57.05
10.87,98000.0,1.200240442468675,51.25
12.07,98000.0,0.7863983501981865,45.95
12.93,97960.0,-0.4686939907443043,39.65
13.63,97940.0,-0.318101142562564,38.3
14.1,97910.0,-0.37360893818009006,37.0
14.31,97870.0,-0.1870658790547279,37.0
14.17,97850.0,-0.31142593125909773,37.0
13.73,97840.0,-0.22889455083107182,38.3
13.01,97840.0,-0.3970201846485739,39.65
11.79,97870.0,-0.03567473153203839,44.1
10.25,97910.0,-0.5061433303569954,47.2
9.09,97950.0,-0.5922817618422547,50.7
8.1,97970.0,-0.5073949763059791,54.55
7.23,97980.0,0.21339958632230507,61.0
6.45,97990.0,-0.025226198745132267,63.25
5.74,97980.0,-0.18742927004395354,65.65
5.06,97960.0,0.20192503671279446,70.8
4.49,97930.0,0.15985049241752491,73.45
3.91,97890.0,0.6388133836348507,79.2
3.56,97890.0,0.8207626912681685,82.25
4.02,97890.0,1.2788211116268522,82.3
5.11,97890.0,1.8329042718705564,79.35
5.67,97870.0,2.3867179265644247,79.4
6.26,97880.0,2.446254245904802,76.55
6.85,97890.0,2.5026157854567423,73.8
7.06,97910.0,2.7052126854473117,73.8
7.33,97890.0,2.450832864927578,71.15
7.53,97860.0,2.642944032434157,71.15
7.54,97830.0,2.652549426885814,71.15
7.29,97800.0,2.9270974313266875,73.8
7.47,97810.0,2.0526438683775114,68.5
7.52,97800.0,1.5702110005421677,65.95
7.33,97780.0,1.3893157125252218,65.95
6.94,97810.0,0.9969197856500119,65.85
6.45,97810.0,1.5662069689514764,70.95
5.91,97840.0,1.0475714611468685,70.95
5.34,97830.0,1.0174182822107247,73.65
4.97,97830.0,1.168902085880356,76.4
4.7,97800.0,1.4251074534879447,79.3
4.6,97790.0,1.3277907148707748,79.3
4.47,97800.0,0.6662976575962236,76.3
4.02,97790.0,0.7458542814308987,79.2
3.55,97810.0,0.27977571792177647,79.15
2.95,97840.0,-0.3127627314064533,79.1
2.56,97900.0,-0.17342543681088,82.15
2.87,97960.0,-0.39060848812332966,79.1
4.19,98010.0,0.911278527909573,79.2
5.19,98080.0,-0.20865189857713992,68.1
6.35,98150.0,-0.6506951926684651,60.85
7.36,98180.0,-1.7561270204996915,52.35
8.42,98230.0,-2.8245509565214304,45.0
9.15,98220.0,-3.7076472890914722,40.1
10.12,98220.0,-4.859344068442993,34.45
10.63,98220.0,-5.403737760165814,31.95
10.58,98220.0,-5.970724644290917,30.7
10.23,98240.0,-5.815445266350993,31.8
9.81,98250.0,-5.698220043154221,33.0
8.95,98270.0,-4.411155660941652,38.55
8.01,98380.0,-1.6564828901738653,50.45
7.14,98410.0,-1.9989096988267538,52.2
5.84,98420.0,-1.6560094823810512,58.55
4.79,98420.0,-1.1438367073764089,65.4
3.75,98430.0,-1.6454757615355529,67.8
2.8,98430.0,-2.0456012661570506,70.4
2.06,98420.0,-2.267462028485119,73.0
1.25,98410.0,-2.5514849343191486,75.75
0.6,98430.0,-3.189840873093538,75.7
0.28,98460.0,-3.4997500890570987,75.7
1.37,98490.0,-2.4174845051670593,75.85
4.97,98510.0,-0.4189850553114425,68.1
6.81,98570.0,0.31591819516421327,63.25
8.1,98600.0,0.02358042383279133,56.7
9.13,98600.0,-0.02414386914454471,52.7
9.47,98610.0,0.33031107831527134,52.85
9.96,98610.0,0.8109033549836998,52.95
10.34,98620.0,2.795394658064314,59.5
10.92,98630.0,3.89009941719729,61.85
11.23,98630.0,4.726609982238793,64.25
11.22,98660.0,4.717125654465521,64.25
10.66,98640.0,4.152662216227586,64.1
9.93,98680.0,2.909502828357171,61.65
8.88,98750.0,2.9288417135244518,66.25
7.32,98820.0,3.501042357416675,76.7
6.13,98890.0,3.915350876437547,85.7
6.27,98940.0,2.9883794327197872,79.5
5.38,98960.0,2.6422147145586226,82.5
4.71,98980.0,2.4963316943111815,85.55
4.32,98990.0,2.113416441973412,85.55
3.8,99000.0,2.124113076918961,88.8
3.31,99020.0,2.158748631996563,92.15
2.85,99010.0,1.7031286181010046,92.15
2.44,99060.0,1.8241572422487335,95.7
2.26,99100.0,2.1756158578831273,99.4
4.82,99140.0,3.669704115245359,92.25
4.31,99220.0,3.1645255619044783,92.25
6.88,99220.0,5.725764722446406,92.35
8.6,99240.0,4.769329167623893,76.85
10.52,99240.0,1.369628168762261,53.1
11.54,99220.0,0.25804644230553186,45.8
12.41,99180.0,0.08170900592676816,42.7
13.02,99170.0,0.1391886011114819,41.2
13.44,99130.0,0.040162251846495446,39.8
13.67,99120.0,0.24626317855973057,39.8
13.63,99090.0,0.21042098595609565,39.8
13.32,99080.0,0.4091386614912919,41.2
12.18,99100.0,1.9513351301213917,49.6
10.68,99060.0,1.5180456074940756,53.1
9.24,99100.0,1.138652569224277,56.9
8.22,99110.0,0.1358223336659494,56.7
7.34,99120.0,-0.18865700529379423,58.8
6.28,99110.0,-0.18633143745274627,63.25
5.05,99120.0,0.1923212609138475,70.8
4.05,99110.0,0.2503348125214488,76.25
3.5,99070.0,-0.30054943349575586,76.15
2.98,99070.0,-0.2835707535515203,79.1
2.48,99060.0,-0.251615776187159,82.15
3.65,99060.0,0.3770824791205315,79.15
7.9,99070.0,2.4843336009018717,68.6
10.86,99090.0,3.3079693988374457,59.6
13.01,99050.0,3.8381552494200672,53.7
14.82,99040.0,3.491188417745079,46.6
16.12,99020.0,3.2154546089528893,42.05
17.15,99000.0,3.6442516684034816,40.6
17.97,98960.0,2.888578071213093,36.55
18.6,98920.0,2.974397287761151,35.35
19.07,98900.0,2.9007871753775523,34.15
19.22,98870.0,2.50720579697876,32.9
19.11,98860.0,2.411048772253461,32.9
18.38,98850.0,6.453350312357789,45.7
16.53,98870.0,9.469600164066936,63.05
14.17,98830.0,6.588257388825109,60.3
12.64,98870.0,5.595228344895426,62.2
12.16,98880.0,4.589823897563302,59.85
12.27,98910.0,4.158415655591653,57.65
11.56,98900.0,3.9898758602935263,59.7
9.73,98910.0,4.296465030799065,68.9
7.53,98930.0,3.7045444047126823,76.7
6.34,98920.0,3.0565087061108933,79.5
5.9,98920.0,2.0974137429702795,76.55
5.77,98930.0,2.4840374061135337,79.4
6.74,98950.0,3.4458087519427094,79.5
10.3,98970.0,5.927799581417443,74.3
14.2,98960.0,6.616478362673832,60.3
16.52,98980.0,6.806452832840397,52.65
18.48,98970.0,7.65114937170411,49.3
20.0,98970.0,6.499291245048056,41.45
20.99,98970.0,5.873454531282775,37.35
21.71,98940.0,5.509284972746301,34.85
22.21,98920.0,4.9433099739639585,32.5
22.41,98880.0,4.578453416396844,31.3
22.26,98860.0,3.387417792568751,29.05
21.72,98830.0,3.3776270027313644,30.0
20.37,98820.0,4.6954393691484055,35.75
18.35,98860.0,3.7577053119666184,37.95
16.64,98840.0,1.6147035370979628,36.3
15.28,98880.0,1.828088297291082,40.2
14.09,98910.0,1.7298070260561156,43.1
13.01,98960.0,2.253877710422475,48.0
11.98,98970.0,2.8293962562721484,53.5
11.05,98980.0,2.9548001389027796,57.4
10.22,99000.0,2.6470563340383726,59.35
9.51,98980.0,2.490144288352942,61.55
8.87,98980.0,2.3890225330598653,63.8
8.21,99000.0,2.7808046118833762,68.6
8.49,99010.0,3.0691391925323113,68.7
10.21,99020.0,3.7037481380353507,64.0
12.8,99030.0,4.679342252617077,57.75
14.75,99040.0,4.500151107000311,50.25
16.5,99050.0,4.665286825587865,45.45
17.95,99100.0,4.466714307715144,40.9
19.07,99090.0,5.02516930156497,39.65
20.06,99060.0,6.553168556306191,41.45
20.85,99030.0,7.8343643308094215,43.1
21.18,98980.0,8.183113490418348,43.25
21.03,99000.0,8.583373601336982,44.85
20.38,98980.0,8.965639956573886,47.9
19.51,99000.0,9.213716378328167,51.4
18.23,99020.0,9.525337346343788,56.85
17.1,98990.0,8.944385911222799,58.7
16.04,99070.0,8.456673265713677,60.75
15.14,99100.0,8.616212059882766,65.05
14.39,99160.0,7.881756699974429,64.95
13.69,99220.0,7.705107789390146,67.15
12.89,99250.0,5.85456009141524,62.3
12.05,99270.0,5.549047277546693,64.45
11.17,99290.0,5.195632306683364,66.65
10.12,99310.0,4.690267181652744,69.0
9.05,99340.0,4.692451046523429,74.15
9.32,99360.0,5.485807956458819,76.95
11.89,99360.0,5.397265887090977,64.45
14.56,99380.0,6.451824214500434,58.25
16.35,99360.0,6.607702198930821,52.5
18.06,99360.0,5.630890512952829,44.05
19.51,99350.0,4.9392696659067505,38.35
20.64,99310.0,4.444966212629772,34.55
21.5,99270.0,3.720531067154342,31.15
22.08,99240.0,3.7593034408074764,30.15
22.36,99200.0,4.001184288793817,30.15
22.41,99200.0,4.0443734281818005,30.15
22.13,99190.0,4.335509756968615,31.3
21.26,99170.0,5.580875562550741,36.0
19.43,99220.0,5.401187059884655,39.8
17.42,99190.0,4.470978423014656,42.3
15.88,99230.0,4.0073221957460285,45.15
14.72,99250.0,3.937820799760484,48.4
13.76,99280.0,4.047848319587103,51.9
12.83,99320.0,4.178365689834135,55.65
11.83,99320.0,4.783966593928315,62.0
10.7,99310.0,5.265925777208086,69.1
9.75,99280.0,5.377613882879699,74.2
9.38,99280.0,4.48977205751068,71.5
9.66,99280.0,4.758792140418494,71.5
10.4,99310.0,5.509958351858474,71.7
13.21,99330.0,7.762013566418894,69.55
16.49,99310.0,7.836567525010926,56.6
18.39,99310.0,8.066404761568421,51.0
19.88,99310.0,7.94454172170071,46.1
20.98,99310.0,6.931908503873312,40.2
21.79,99290.0,7.175074208267792,38.9
22.44,99270.0,6.7427594401354325,36.3
22.88,99230.0,6.641334085500297,35.1
23.14,99200.0,5.86434367123675,32.75
23.14,99160.0,5.86434367123675,32.75
23.12,99110.0,5.846905086371578,32.75
22.69,99090.0,8.606910051064645,40.6
20.68,99080.0,13.033700243412964,61.6
20.76,99080.0,7.7531961892454015,43.1
19.59,99100.0,7.680780701224985,46.1
18.65,99100.0,7.8070767907435945,49.3
17.86,99090.0,7.53507393320075,50.85
17.01,99070.0,7.259689793290527,52.65
16.0,99050.0,6.814013586847974,54.45
14.75,99010.0,7.1580254451276595,60.4
13.61,98950.0,7.628871021310751,67.15
13.05,98900.0,7.60888414556748,69.55
12.57,98880.0,8.197171076428319,74.7
12.86,98890.0,9.548974979524719,80.3
15.99,98910.0,10.007255133914883,67.65
18.29,98910.0,11.19258406051152,63.3
19.5,98910.0,11.333342961860838,59.25
20.49,98890.0,11.256548129181192,55.45
21.2,98870.0,11.943960324062179,55.55
22.07,98840.0,11.747713290773245,52.0
22.24,98800.0,11.904467312989151,52.0
21.32,98750.0,12.594157089694576,57.55
20.89,98730.0,12.700544363265648,59.5
20.58,98690.0,12.409857592362606,59.5
20.46,98670.0,11.764666624450317,57.45
20.1,98640.0,11.388972680059373,57.3
19.3,98650.0,11.659992659380613,61.3
17.38,98660.0,11.354613745540957,67.75
15.19,98680.0,10.806266900519459,75.1
14.2,98680.0,10.349697411700692,77.65
14.52,98670.0,9.612525216010106,72.4
14.7,98640.0,9.251753988068893,69.85
14.15,98600.0,9.236240568993061,72.3
13.6,98560.0,9.22121129314904,74.85
12.61,98500.0,8.769613720160795,77.45
12.03,98480.0,8.72229645992232,80.2
11.96,98450.0,9.18934400678673,83.15
12.23,98430.0,9.453381323756382,83.15
13.66,98420.0,10.887854909663389,83.35
15.88,98350.0,12.555552817006863,80.65
17.17,98320.0,12.758591863751574,75.3
17.93,98300.0,12.451641240328588,70.35
18.21,98250.0,12.719762289466738,70.35
18.73,98200.0,12.708898323735177,68.05
18.59,98150.0,12.02872851603468,65.65
17.55,98150.0,12.609145459069829,72.8
17.75,98130.0,12.268448552599736,70.3
17.38,98110.0,11.354613745540957,67.75
16.97,98130.0,10.421656705356236,65.35
16.29,98160.0,9.219162500152153,62.95
15.51,98200.0,7.933631788176635,60.65
13.93,98360.0,6.895219962127677,62.55
12.89,98470.0,6.390777466941942,64.65
11.85,98530.0,6.933665436108106,71.85
11.13,98570.0,6.7581009467036415,74.45
10.78,98610.0,6.938543455494106,77.15
9.91,98650.0,6.612447753603893,79.95
9.2,98660.0,6.437441376108343,82.85
8.56,98680.0,5.79422057078156,82.75
8.02,98700.0,5.2575777118139735,82.7
7.58,98770.0,5.355834932220914,85.8
8.25,98820.0,6.022152446286195,85.85
10.07,98870.0,5.705834192216877,74.3
11.59,98930.0,6.68380381175302,71.85
12.83,98950.0,6.311394388990384,64.55
13.88,98950.0,4.712031671719744,53.95
14.93,98900.0,4.694277946043266,50.35
15.19,98900.0,4.4126699883119676,48.55
15.73,98870.0,3.871035674502005,45.15
16.44,98810.0,3.5373934448561624,42.15
16.44,98770.0,3.5373934448561624,42.15
16.39,98750.0,3.98890702747396,43.65
16.21,98720.0,4.3544555674452,45.3
15.89,98700.0,5.620820803745226,50.5
14.99,98680.0,8.4738506310881,65.05
13.74,98660.0,6.692409535383698,62.45
12.25,98650.0,6.267730136871192,66.85
11.06,98620.0,5.620767856304783,69.15
10.09,98600.0,5.191991053921434,71.6
9.63,98560.0,4.729969137316024,71.5
8.93,98520.0,4.5766509733704615,74.15
8.27,98480.0,4.4402115633344605,76.8
7.56,98390.0,4.270702724415625,79.65
7.13,98330.0,3.834294596591209,79.55
7.16,98290.0,3.863492312594628,79.55
8.42,98270.0,4.59488267598886,76.85
11.14,98220.0,6.231137307497864,71.75
13.76,98200.0,7.771814013867918,67.15
15.59,98160.0,8.008915293775594,60.65
17.04,98090.0,8.349719658386222,56.6
17.58,98040.0,7.277230150145704,50.85
17.89,98010.0,7.0357220583020235,49.05
18.62,97960.0,6.719184953376152,45.85
18.77,97920.0,5.789110576472117,42.6
17.72,97940.0,4.741281204522606,42.3
16.1,97990.0,5.320502342142206,48.8
15.05,98000.0,5.878247498151567,54.25
14.04,98060.0,5.927395982729089,58.1
12.87,98120.0,6.880152147624899,66.95
12.48,98190.0,5.9793588519657925,64.55
11.85,98250.0,5.864997827137153,66.75
11.0,98300.0,5.033693714849144,66.65
10.13,98340.0,4.69983377394277,69.0
9.67,98370.0,4.239070977471988,68.9
8.99,98420.0,2.5027956947885728,63.8
8.22,98430.0,2.257858992308692,66.05
7.4,98450.0,1.9857027542983736,68.5
6.81,98470.0,1.9316387786153326,71.05
6.33,98510.0,2.514082474722856,76.55
7.22,98540.0,3.394900762174766,76.65
8.75,98550.0,3.8545786537796825,71.35
9.24,98600.0,4.87579709449897,74.15
10.26,98590.0,4.2858463378599465,66.45
11.17,98580.0,3.5994069868780643,59.6
11.97,98560.0,2.820115797441012,53.5
12.6,98560.0,3.43117861053457,53.6
13.62,98560.0,4.4441245136762095,53.85
14.04,98560.0,5.396272388820206,56.0
14.32,98570.0,5.120521376267979,53.95
14.19,98590.0,4.9998366554838665,53.95
13.54,98580.0,4.904358638619281,55.9
12.98,98590.0,3.8103099859054,53.7
12.43,98650.0,3.8054947720741823,55.65
9.75,98790.0,5.377613882879699,74.2
8.82,98840.0,5.51512673533703,79.75
8.07,98860.0,5.306459703809706,82.7
7.56,98900.0,5.336195987637705,85.8
7.32,98890.0,4.564559258655614,82.65
7.27,98900.0,5.043060514755424,85.75
7.1,98890.0,4.340841064802185,82.6
6.62,98900.0,4.3964814139979405,85.7
6.27,98920.0,4.052818536531902,85.7
6.52,98910.0,4.29829293482087,85.7
7.38,98900.0,4.623217191707724,82.65
8.44,98920.0,4.614265815338771,76.85
9.47,98930.0,5.1074161333084325,74.2
10.69,98910.0,5.256358509159885,69.1
11.49,98900.0,4.995508166386802,64.35
11.72,98880.0,5.741157131220707,66.75
11.68,98890.0,5.70305167914223,66.75
11.48,98880.0,6.043499177353938,69.25
11.65,98850.0,6.741465097021691,71.85
11.5,98850.0,7.134803162106597,74.55
11.75,98830.0,7.907265835064163,77.3
11.58,98810.0,7.7424614036803066,77.3
11.53,98790.0,8.22625264344644,80.15
11.42,98790.0,8.65235740648169,83.1
11.58,98770.0,9.343548587460104,86.15
11.44,98820.0,9.206048686309058,86.15
11.34,98820.0,9.641867617296242,89.3
11.29,98830.0,10.126229734465262,92.55
11.27,98810.0,10.106416248662885,92.55
11.26,98800.0,10.09650950018271,92.55
11.24,98770.0,10.076695992064355,92.55
11.2,98750.0,10.037068931195595,92.55
11.09,98710.0,9.395263662274658,89.3
10.92,98690.0,9.227571044462469,89.3
11.11,98690.0,9.414992102914232,89.3
11.49,98710.0,9.255155952927357,86.15
12.81,98690.0,10.038519624422781,83.25
13.35,98690.0,9.496654719067106,77.5
14.28,98710.0,8.828463251961919,69.75
14.7,98720.0,8.71147821256328,67.35
14.74,98720.0,9.82404378094294,72.4
14.76,98700.0,9.309191358753923,69.85
15.31,98690.0,9.314893057003323,67.45
15.98,98670.0,8.926172495297275,62.95
16.02,98660.0,8.963978776047217,62.95
15.83,98650.0,9.293844494855481,65.15
15.68,98640.0,9.689639257118234,67.55
15.27,98650.0,9.276766066856451,67.45
14.15,98670.0,9.772107588254983,74.95
12.6,98690.0,10.362680322522921,86.25
12.21,98700.0,9.970950657519941,86.2
12.27,98720.0,10.029880216304266,86.2
11.77,98710.0,9.53015337989076,86.15
11.36,98700.0,9.127476692101474,86.15
11.0,98670.0,9.306485412012623,89.3
9.9,98630.0,8.741161844659384,92.5
8.81,98600.0,8.720947103927987,99.4
8.54,98580.0,8.451142039473462,99.4
9.84,98580.0,8.68172209694329,92.5
11.98,98580.0,10.281543289831655,89.35
14.01,98590.0,10.696761875052479,80.45
15.99,98580.0,10.540147503116305,70.1
17.84,98560.0,10.743395570488502,63.2
19.19,98510.0,8.347111693489937,49.45
20.23,98480.0,6.7058138008238,41.45
21.08,98450.0,5.953241930708117,37.35
21.62,98400.0,5.958695287649971,36.15
21.71,98340.0,6.038151015339097,36.15
21.74,98300.0,6.596506253941632,37.5
21.55,98290.0,6.961336191924946,38.9
20.95,98260.0,8.997646050366443,46.35
19.6,98280.0,10.361210762107401,55.2
19.13,98250.0,8.820236484443656,51.25
18.34,98290.0,8.020354381910789,51.0
16.59,98320.0,7.929873535813836,56.6
13.8,98340.0,8.347828733908242,69.65
12.82,98360.0,8.97321667338345,77.45
13.57,98350.0,8.658162142408278,72.2
13.17,98340.0,8.7862656827591,74.75
12.64,98310.0,8.798700177240288,77.45
10.73,98290.0,7.959880167798282,83.0
9.37,98280.0,7.138907477410437,85.95
10.78,98300.0,9.081160906620253,89.25
13.95,98310.0,10.107277848122243,77.65
16.93,98320.0,11.461679264075354,70.2
19.38,98340.0,11.195347011042257,59.15
21.02,98360.0,10.70688316617422,51.75
22.03,98340.0,10.643897170446845,48.45
22.56,98360.0,10.102060537487942,45.25
22.79,98320.0,10.310559760413623,45.25
22.73,98300.0,10.256170359351033,45.25
21.28,98310.0,10.946558420534839,51.75
19.38,98330.0,13.883753108084894,70.55
18.62,98360.0,13.669717421442614,72.95
18.0,98390.0,14.13269047164176,78.15
17.52,98390.0,14.190974195371037,80.85
16.73,98430.0,12.871335292946085,78.0
15.28,98500.0,13.039051715996433,86.5
14.51,98510.0,12.802705947173907,89.5
13.91,98500.0,12.210792122971782,89.5
13.31,98510.0,12.143735275069659,92.65
12.86,98520.0,11.689724667524702,92.6
11.95,98520.0,10.788190086305006,92.6
11.3,98480.0,10.669306157595601,95.9
11.18,98480.0,10.549913139660447,95.9
10.88,98470.0,10.251429319588267,95.9
12.05,98490.0,11.423386019811362,95.95
14.96,98520.0,13.255196849203656,89.55
16.74,98570.0,13.421655859868345,80.8
18.22,98580.0,13.274486135871932,72.9
19.39,98580.0,13.349506056172057,68.1
20.44,98560.0,12.807688600742017,61.6
21.36,98560.0,13.166962734584255,59.6
21.99,98520.0,12.746994444789406,55.8
22.42,98500.0,13.146906095709085,55.8
22.64,98470.0,11.768338645413083,50.3
21.83,98440.0,10.94941473914427,50.05
20.56,98460.0,11.321630310661956,55.45
19.11,98480.0,12.545635671428828,65.75
18.04,98530.0,13.629304074760329,75.45
17.72,98550.0,11.156594377258452,65.45
15.8,98620.0,12.477636353310677,80.65
16.5,98640.0,11.049934993713194,70.2
15.94,98670.0,11.029594255037326,72.65
15.34,98670.0,10.951110120711231,75.1
14.92,98690.0,10.54554159817019,75.1
14.7,98700.0,10.853881583115106,77.75
14.15,98710.0,10.833099516561969,80.45
13.02,98720.0,10.783915862922091,86.3
13.21,98740.0,10.97054062730584,86.3
13.29,98800.0,11.582203528564127,89.4
15.16,98840.0,11.844873545311627,80.6
16.44,98920.0,12.053608575644292,75.3
17.7,98930.0,12.753392944948695,72.8
18.87,98930.0,13.373522824175321,70.45
19.97,98890.0,12.87674140509533,63.7
21.02,98880.0,13.378769190807745,61.7
21.45,98850.0,13.783724516217958,61.7
21.5,98810.0,13.323976076918019,59.7
20.2,98800.0,14.16714260825156,68.3
19.19,98790.0,14.23906900822521,73.05
18.93,98720.0,14.509339867553395,75.55
19.05,98650.0,14.64575732732824,75.65
18.57,98670.0,15.242591690368963,81.0
17.24,98660.0,14.44440673236168,83.65
16.07,98680.0,13.290692371914185,83.6
15.21,98660.0,13.501832874459444,89.55
14.54,98650.0,12.832301137943556,89.5
14.1,98640.0,12.398233563322128,89.5
13.93,98610.0,12.230522890932187,89.5
13.37,98580.0,12.203178949782071,92.65
12.77,98530.0,11.600563269640547,92.6
11.84,98480.0,11.206571131247754,95.9
11.3,98460.0,10.669306157595601,95.9
12.9,98460.0,11.737533297299489,92.65
16.13,98430.0,13.349385168016969,83.6
18.27,98430.0,13.851435516531396,75.45
20.07,98400.0,14.043151991754044,68.3
21.87,98390.0,13.670986551005925,59.7
23.31,98350.0,11.891957017460046,48.7
24.07,98340.0,10.525911015375321,42.5
24.21,98300.0,10.113089357701977,41.0
23.61,98260.0,10.059361950704869,42.35
21.25,98290.0,12.528793360985913,57.55
22.27,98250.0,11.932128941234238,52.0
20.74,98340.0,13.090201212646736,61.6
19.5,98380.0,13.476945996104448,68.2
18.62,98470.0,13.134114548624778,70.45
16.97,98500.0,12.565452709385022,75.3
15.48,98650.0,11.629718660860945,77.85
14.48,98770.0,10.640532467187136,77.75
13.67,98890.0,10.356328754464833,80.4
12.72,98950.0,9.412649585624006,80.3
11.73,99020.0,8.420983388415513,80.15
10.62,99050.0,8.383529824463785,86.05
9.39,99090.0,7.693603805342581,89.15
8.43,99100.0,6.738549179375649,89.1
8.25,99140.0,6.55285572074159,89.05
9.92,99190.0,7.687538583003563,86.0
12.78,99230.0,7.868144510168543,72.05
13.86,99310.0,8.40525520103857,69.65
15.14,99320.0,7.549139665167082,60.5
16.41,99310.0,6.704696584395311,52.65
17.14,99270.0,6.303555993840667,48.9
18.25,99230.0,5.802866245053613,44.05
19.27,99180.0,5.7387683492506945,41.15
19.96,99100.0,5.395873656164093,38.5
20.33,99050.0,5.725200887800266,38.5
20.58,99000.0,4.940730055029015,35.9
20.52,98960.0,4.3395368763389355,34.55
20.07,98930.0,5.493787336396612,38.5
18.91,98910.0,6.9828671325362315,45.85
17.02,98890.0,6.732820121012201,50.75
14.71,98890.0,7.120394944452774,60.4
12.88,98870.0,5.84511370852294,62.3
11.55,98870.0,5.579206936490263,66.75
10.6,98860.0,5.170252338398832,69.1
9.88,98830.0,4.990207666393104,71.6
9.22,98780.0,4.856497745313139,74.15
8.64,98730.0,4.808094516114701,76.85
8.41,98680.0,4.5851910879541595,76.85
8.54,98670.0,4.711180777704645,76.85
10.75,98660.0,6.909463820347097,77.15
15.3,98680.0,7.699673856390868,60.5
17.33,98730.0,9.695054255111822,60.85
18.59,98720.0,9.88749000413356,56.95
19.55,98730.0,10.314736641524146,55.2
20.09,98710.0,10.304813747345097,53.35
19.65,98750.0,10.4076842341404,55.2
18.95,98820.0,10.26283301959357,57.1
18.13,98880.0,8.36525967676001,52.9
18.04,98910.0,5.612787081974618,44.05
17.51,98980.0,4.019559581896139,40.75
16.82,99030.0,3.3482811959679992,40.6
15.96,99070.0,2.0126466279033077,39.0
15.05,99140.0,1.621887969127975,40.2
13.9,99200.0,0.5043284883145831,39.95
12.64,99300.0,0.28958432387886696,42.7
11.53,99340.0,-0.27162284439481255,44.1
10.58,99400.0,-0.16056635145824194,47.35
9.62,99450.0,-0.06246131745648444,50.85
8.36,99490.0,0.8165543618828165,59.0
7.12,99510.0,1.697532139730038,68.4
6.43,99510.0,1.0174061469811189,68.3
5.69,99500.0,0.8167142112429345,70.85
5.44,99550.0,1.1138921136369875,73.65
7.3,99560.0,3.472421039906024,76.65
10.68,99590.0,2.583947023398442,57.3
12.13,99650.0,2.9685998694498106,53.5
13.32,99650.0,2.0016723684127466,46.2
14.29,99610.0,1.3827309658647695,41.5
15.17,99560.0,1.7294732365049716,40.2
15.99,99510.0,1.510137595438514,37.55
16.65,99450.0,2.1341191924512453,37.65
17.23,99360.0,2.6497393981587507,37.65
17.61,99290.0,2.5119514321065504,36.4
17.84,99220.0,2.1845886670990966,35.05
17.85,99140.0,2.1934008981047604,35.05
17.6,99080.0,1.9730824461872047,35.05
16.67,99010.0,3.213735733548148,40.6
15.02,98960.0,2.1238853090156233,41.75
13.5,98970.0,1.147789656320707,42.95
12.46,98920.0,0.6504441957168663,44.35
11.67,98870.0,0.9099902484162099,47.6
11.06,98790.0,0.836842325899544,49.3
10.52,98700.0,0.8362896391241903,51.1
10.01,98630.0,0.8572770287715867,52.95
9.5,98510.0,1.4185288720083535,57.05
9.16,98420.0,2.6639693580157418,63.8
9.18,98340.0,3.7497016173281397,68.8
10.99,98250.0,5.0241677499322135,66.65
14.13,98180.0,6.550629108899074,60.3
16.52,98110.0,7.337234675405431,54.6
18.72,98020.0,9.4755951539573,54.95
20.74,97930.0,10.419738959355016,51.65
22.4,97860.0,10.982146820766555,48.45
23.7,97790.0,10.14026834390865,42.35
24.83,97740.0,9.114950613324055,36.95
25.68,97650.0,8.367140828577979,33.4
23.53,97640.0,10.525810133301517,43.9
21.13,97710.0,12.41673848561421,57.55
20.8,97600.0,13.14670140533895,61.6
21.25,97580.0,12.528793360985913,57.55
20.64,97610.0,10.327564653228478,51.65
19.22,97690.0,7.828898562663867,47.65
17.47,97800.0,7.175928132491326,50.85
16.01,97870.0,5.759856820315495,50.6
14.92,97900.0,4.685071848347379,50.35
14.05,97930.0,3.813281188678601,50.1
13.47,97930.0,3.251179649706131,50.0
13.01,97930.0,3.3136216063683865,51.75
12.36,97930.0,3.701916775253942,55.5
11.88,97920.0,3.2545506695088915,55.5
11.65,97910.0,3.5533366750821096,57.55
12.04,97920.0,3.9430941389830565,57.65
12.8,97940.0,4.150401797272878,55.65
13.93,97960.0,5.824370041342331,58.1
14.4,97980.0,5.234696753177315,54.1
14.93,97980.0,5.225602665087553,52.25
15.58,97980.0,4.799585937074678,48.65
16.2,97960.0,4.872285263481751,47.0
16.23,97970.0,4.372631426651682,45.3
16.76,97940.0,4.372608481784073,43.8
16.86,97940.0,4.463107516272343,43.8
16.78,97980.0,4.3907085656966,43.8
16.47,98000.0,4.110141699117951,43.8
16.03,98040.0,4.190866818089618,45.3
15.36,98120.0,5.090112214106714,50.35
12.84,98300.0,6.85156921580417,66.95
12.22,98380.0,6.239148901842605,66.85
11.67,98390.0,6.225295919501726,69.25
11.01,98400.0,6.106214445888579,71.75
10.28,98390.0,6.444454922038473,77.1
9.6,98410.0,6.30157126496,79.9
8.86,98430.0,6.105002193083752,82.85
8.19,98460.0,5.963234368941026,85.85
7.61,98490.0,5.913526419830484,89.0
7.42,98510.0,5.726144269207,89.0
8.74,98540.0,6.511765625246695,85.9
10.42,98560.0,5.529177692481433,71.7
11.3,98600.0,6.384884987094493,71.75
12.62,98580.0,5.046309679644142,59.95
13.99,98530.0,4.287872911430635,52.0
14.92,98450.0,3.628000168250502,46.75
15.32,98430.0,3.4670614944399705,45.05
15.72,98370.0,3.3339051644198454,43.5
16.32,98350.0,3.395627828693574,42.05
16.26,98310.0,3.341577378489273,42.05
16.44,98310.0,3.5373934448561624,42.15
16.36,98260.0,3.961763765000044,43.65
16.26,98230.0,4.399894964784621,45.3
15.86,98210.0,4.53148006358722,46.9
15.37,98160.0,4.577649894762797,48.55
14.62,98140.0,4.380490692735457,50.25
14.16,98130.0,3.9145155732905494,50.1
13.93,98120.0,3.702839575446398,50.1
13.64,98120.0,3.9369367980972862,51.9
13.01,98110.0,3.8381552494200672,53.7
12.56,98110.0,3.9266823305947405,55.65
12.35,98120.0,4.768481076723001,59.85
12.16,98110.0,4.589823897563302,59.85
12.2,98140.0,5.156503777141378,62.1
12.82,98190.0,5.765236754512825,62.2
13.78,98210.0,6.19731280648134,60.2
14.78,98220.0,7.186248085290581,60.4
16.11,98210.0,7.456089196653512,56.5
16.94,98240.0,7.19494574311105,52.65
17.85,98250.0,6.999047077892833,49.05
18.77,98270.0,6.322774486088163,44.2
20.44,98250.0,6.894361007938492,41.45
21.08,98230.0,7.556961170511359,41.7
21.55,98260.0,8.031889117052293,41.85
22.01,98240.0,7.962130019132062,40.5
21.84,98240.0,9.350313807433064,44.95
21.77,98260.0,9.823761427367346,46.6
21.01,98270.0,10.166693182549293,49.95
19.32,98270.0,9.536140205279716,53.15
17.25,98310.0,10.1501107022161,63.05
15.29,98350.0,9.295829597637013,67.45
13.77,98380.0,8.850416357339892,72.2
12.58,98380.0,8.206824673643156,74.7
11.58,98400.0,8.274935718081203,80.15
10.73,98400.0,7.959880167798282,83.0
10.13,98390.0,7.893767492033961,86.0
9.66,98370.0,7.423690588482375,85.95
9.72,98370.0,7.4826104784368015,85.95
12.18,98400.0,8.86834807729435,80.2
15.91,98400.0,9.930983337808721,67.65
19.29,98410.0,10.580191483456801,57.1
21.32,98400.0,10.45123742136359,49.95
22.97,98360.0,9.968968536290053,43.75
24.25,98330.0,10.148899062755055,41.0
25.2,98290.0,9.502246415546939,37.1
25.98,98220.0,9.70054589177991,35.9
26.57,98140.0,9.27660543579636,33.7
26.98,98060.0,9.634665324741825,33.7
27.18,97990.0,8.805917917352367,31.5
27.09,97940.0,8.727969175451904,31.5
26.53,97900.0,10.309294339130657,36.2
24.73,97880.0,17.062263889493,62.45
22.69,97820.0,11.278363794644822,48.55
19.95,97820.0,11.780761720887796,59.35
18.21,97820.0,11.116957967828961,63.3
16.74,97800.0,10.203327572751103,65.35
15.44,97790.0,9.99216276847687,70.0
14.39,97750.0,9.487533598353092,72.4
13.31,97740.0,9.457873113910281,77.5
12.55,97690.0,9.247108900832258,80.3
12.11,97670.0,8.800190945046177,80.2
12.41,97680.0,8.575701272595118,77.45
14.75,97680.0,10.361401528193731,75.0
18.05,97690.0,11.492934543632986,65.55
20.58,97780.0,11.34022498785487,55.45
21.72,97800.0,11.926392472111974,53.75
23.01,97800.0,12.153335462462627,50.45
23.75,97830.0,12.32550656340122,48.8
24.42,97810.0,12.4451944245687,47.25
21.68,97840.0,14.037791327712462,61.85
22.02,97810.0,13.83745054665027,59.8
20.99,97850.0,13.889578231536332,63.9
18.46,97940.0,14.055378346865682,75.55
14.34,98000.0,11.63262675522564,83.79
14.49,98080.0,11.914601619243523,84.54
14.64,98150.0,12.194058753943981,85.28
14.79,98260.0,12.472819031083622,86.02
14.94,98380.0,12.75265680419421,86.77
15.09,98470.0,13.030051792604157,87.51
15.24,98580.0,13.308527949015577,88.26
15.4,98640.0,13.594466625396274,89.0
15.55,98230.0,13.871641806554418,89.75
15.7,98210.0,14.14646698878402,90.49
15.85,98240.0,14.422379144121887,91.24
16.0,98250.0,14.695984971790025,91.98
16.15,98270.0,14.970679919070623,92.73
16.3,98290.0,15.243110472324801,93.47
16.45,98300.0,15.514974037814671,94.21
16.61,98380.0,15.797865396712984,94.96
19.68,98360.0,15.80210029365409,78.35
20.61,98370.0,15.658128293669892,73.3
21.38,98350.0,15.338060217479924,68.5
22.17,98360.0,15.054174158565404,64.1
22.9,98340.0,14.70165908988478,59.95
23.33,98320.0,14.591234063630601,58.0
23.64,98310.0,14.37803398832628,56.15
23.69,98290.0,14.42455244438591,56.15
23.5,98230.0,14.750038608674455,58.0
23.31,98210.0,14.57255072070949,58.0
22.48,98240.0,16.963373658762098,71.05
21.27,98270.0,16.852386270098577,75.95
19.19,98300.0,15.856241188715549,81.05
18.32,98290.0,15.519461786602461,83.75
18.05,98290.0,14.716819216191777,80.9
17.89,98290.0,15.089513259117274,83.7
17.21,98260.0,14.424313682019001,83.7
16.01,98230.0,13.765058854637052,86.55
15.34,98220.0,14.171509313904316,92.75
14.82,98190.0,13.647997029067744,92.7
14.55,98180.0,13.380496148806692,92.7
16.18,98180.0,14.476037619523082,89.65
19.53,98170.0,16.197152272859793,81.1
21.65,98170.0,17.77371013182902,78.65
22.87,98150.0,18.440125689934288,76.15
23.75,98120.0,17.702330757301283,68.95
24.17,98100.0,17.587259268295426,66.75
24.6,98080.0,17.47551853414562,64.6
25.07,98020.0,16.86778969730341,60.45
25.3,97980.0,17.083649269481644,60.45
25.12,97940.0,16.91471669462897,60.45
24.9,97890.0,17.22247179384703,62.45
24.54,97820.0,16.8832008194318,62.45
23.84,97820.0,17.788214600727358,68.95
23.08,97830.0,17.039985019147753,68.85
22.17,97810.0,18.288411759079803,78.7
20.98,97820.0,18.178307760949014,84.05
19.9,97800.0,17.093275997442728,83.9
18.67,97780.0,15.871189404785927,83.8
17.53,97770.0,15.276200096562246,86.65
16.6,97760.0,14.353589659609801,86.6
16.26,97730.0,14.010652060311456,86.55
15.45,97710.0,13.206052272285703,86.5
15.61,97710.0,13.363227450266711,86.5
16.79,97690.0,14.004213223119427,83.65
16.78,97720.0,14.530422467486163,86.6
19.17,97760.0,15.836756895930073,81.05
18.78,97880.0,15.978800254231588,83.8
19.32,97910.0,15.98288813214169,81.05
20.1,97930.0,15.680630403524018,75.75
20.91,97920.0,16.483817259862132,75.85
21.24,97940.0,16.274891143917213,73.35
21.14,97950.0,16.726782549850565,75.95
21.34,97960.0,17.4527235474421,78.55
21.32,97940.0,17.43331927994759,78.55
21.05,97940.0,17.171357267805018,78.55
20.92,97940.0,17.035158983961576,78.5
20.16,97910.0,16.82063888887382,81.15
19.45,97960.0,17.189686074603426,86.8
18.32,98000.0,16.604850221683943,89.75
17.6,98050.0,15.885721782460694,89.7
17.11,98060.0,15.402273923564056,89.7
16.79,98040.0,15.616534798838936,92.8
16.43,98050.0,15.259844771422522,92.8
16.08,98030.0,14.913058339148659,92.8
15.67,98030.0,14.4984666271387,92.75
15.59,98010.0,14.419204609792443,92.75
15.49,98000.0,14.320126762652821,92.75
15.53,97990.0,14.35975794490302,92.75
15.68,98040.0,15.043168615199379,96.0
15.84,98070.0,15.202365102809603,96.0
17.06,98140.0,14.277573259948445,83.7
17.71,98140.0,14.913434792405898,83.7
17.9,98160.0,15.099295316479788,83.7
18.43,98150.0,15.086971541047276,80.9
19.02,98140.0,15.151871396084994,78.3
19.25,98150.0,15.374989550950403,78.3
19.66,98110.0,15.782698403798403,78.35
20.07,98050.0,15.651650087323496,75.75
20.23,98030.0,15.806210437635583,75.75
20.39,98040.0,15.425169166266205,73.2
19.82,98080.0,15.399838842172118,75.7
19.17,98080.0,14.761674792163207,75.65
18.09,98110.0,15.294463878609108,83.75
17.64,98110.0,15.384265560195658,86.65
17.29,98120.0,14.502574468783633,83.7
16.99,98120.0,14.209093750450466,83.7
16.72,98120.0,13.402174108349147,80.8
16.02,98100.0,11.637910214066826,75.25
15.42,98100.0,10.488141715958392,72.45
14.59,98110.0,9.679827356354282,72.4
13.97,98100.0,9.063193473280313,72.3
13.59,98130.0,9.748572740386411,77.6
14.18,98160.0,10.330304117274705,77.65
15.35,98180.0,10.420842576477694,72.45
16.54,98200.0,12.150185760758122,75.3
17.65,98190.0,12.705310814287312,72.8
18.86,98190.0,12.832863594405001,68.05
19.8,98140.0,11.61458370638157,59.25
20.21,98170.0,10.955400848189047,55.3
20.56,98140.0,10.25382315737444,51.65
20.71,98120.0,9.846397183874481,49.8
20.77,98090.0,9.901457867459591,49.8
20.51,98090.0,9.130787429565542,48.05
20.29,98080.0,9.431033933952499,49.7
19.95,98080.0,10.147159446105347,53.25
19.11,98090.0,9.865104100732438,55.05
18.09,98110.0,8.863171717862949,54.85
16.86,98130.0,8.181787281806166,56.6
15.9,98160.0,8.300625434374084,60.65
15.17,98180.0,7.577365261711618,60.5
14.51,98180.0,7.4665956192435505,62.65
13.89,98180.0,7.8956946558284615,67.15
13.26,98190.0,7.809865640821698,69.55
12.59,98180.0,7.6855204435214075,72.05
11.89,98150.0,8.042984533257938,77.3
11.75,98140.0,8.44045623505755,80.15
12.58,98160.0,9.276322178554512,80.3
14.57,98160.0,9.127304329389391,69.85
15.92,98170.0,10.989607519404807,72.55
17.21,98160.0,11.214806966021266,67.85
18.37,98140.0,10.722918054873258,61.05
19.02,98110.0,9.258533070947903,53.15
19.46,98130.0,8.594789243681722,49.45
19.78,98100.0,7.853592754446449,46.1
19.54,98100.0,8.167410475381587,47.8
19.55,98080.0,8.70721990006903,49.55
19.27,98070.0,9.489874062721903,53.15
19.24,98030.0,9.462114048270411,53.15
18.97,98010.0,9.734999829873436,55.05
18.21,98010.0,10.572328794186918,61.05
17.4,98030.0,10.85281907205811,65.45
15.78,98060.0,10.85499638828625,72.55
14.45,98080.0,10.071735301037364,75.0
13.59,98090.0,9.748572740386411,77.6
13.23,98070.0,9.918550936611584,80.35
13.05,98070.0,9.205788056731553,77.5
13.14,98070.0,9.293049175792095,77.5
13.07,98060.0,9.225179499513827,77.5
12.9,98050.0,9.587924722308326,80.3
12.96,98050.0,9.655626402307748,80.35
13.91,98090.0,11.132368342607727,83.35
16.35,98110.0,11.423860593648307,72.65
17.03,98140.0,12.109062099300429,72.8
18.59,98160.0,13.105384883880488,70.45
19.75,98170.0,13.715368775299456,68.2
20.96,98180.0,13.837060948767991,63.8
21.42,98210.0,13.223227212131825,59.6
21.86,98200.0,12.584998765906128,55.65
22.2,98180.0,12.399122250778293,53.85
22.4,98170.0,12.051993063397168,52.0
22.08,98160.0,11.224044516723291,50.2
22.08,98150.0,10.153940844965335,46.75
21.15,98130.0,11.35633908265074,53.6
20.3,98170.0,12.108904739008226,59.35
18.99,98230.0,11.90212310168585,63.5
16.95,98310.0,11.50236215919356,70.3
15.6,98340.0,11.212209391179888,75.15
14.74,98340.0,10.892671722567838,77.75
14.33,98380.0,10.475752678131794,77.65
14.1,98380.0,9.72383060691779,74.95
13.65,98380.0,8.735064546302734,72.2
12.89,98400.0,8.506079501770023,74.7
12.64,98410.0,7.73357993518114,72.05
13.04,98460.0,7.5993134159670594,69.55
14.55,98490.0,8.56850965030474,67.35
17.09,98520.0,10.558518092015952,65.45
18.5,98590.0,11.943276934777199,65.65
19.81,98620.0,12.701427551810056,63.6
21.13,98640.0,12.41673848561421,57.55
22.34,98640.0,11.996671753205996,52.0
23.04,98630.0,10.570310836776317,45.35
23.45,98600.0,10.402242348310377,43.75
23.42,98580.0,9.314784332089715,40.75
23.14,98570.0,9.064202945075092,40.75
22.99,98580.0,9.413823574113954,42.1
22.51,98580.0,8.982475145218332,42.1
21.37,98610.0,11.559999944384911,53.6
20.32,98620.0,12.669866354086032,61.5
19.9,98650.0,12.249614749234688,61.4
18.07,98680.0,11.511922109309237,65.55
16.74,98710.0,10.74445606799438,67.75
16.42,98740.0,10.417196602784147,67.65
16.27,98750.0,10.274197486881922,67.65
15.82,98770.0,10.35597102034356,70.0
15.13,98760.0,10.209326273540476,72.45
14.68,98750.0,10.293813812339998,75.0
14.07,98730.0,9.694864258172593,74.95
13.69,98770.0,9.845538153426613,77.6
14.23,98800.0,10.91100584399463,80.45
16.93,98810.0,12.526824248920812,75.3
19.26,98880.0,13.225541683772134,68.1
20.71,98880.0,13.061950825098549,61.6
21.92,98880.0,13.180984971937846,57.65
22.91,98890.0,12.551489462710292,52.1
23.24,98890.0,11.290181658882323,47.0
23.72,98880.0,11.236586854051001,45.5
23.79,98860.0,11.300060336685773,45.5
23.84,98840.0,11.34539754478435,45.5
23.95,98810.0,10.90500487401757,43.9
23.69,98780.0,10.670272429610183,43.9
23.3,98760.0,12.41967326065029,50.45
22.22,98750.0,15.639709308872808,66.35
21.13,98800.0,14.557286075586145,66.15
20.55,98830.0,11.312332933432222,55.45
18.56,98880.0,11.471684388433834,63.4
15.6,98920.0,11.212209391179888,75.15
13.98,98900.0,10.136368584095045,77.65
13.31,98910.0,9.996453068373144,80.35
13.97,98870.0,9.063193473280313,72.3
15.16,98850.0,9.171915371015677,67.45
14.62,98820.0,8.635228814435282,67.35
14.12,98810.0,9.207399721521256,72.3
14.38,98810.0,10.524234943378886,77.65
17.18,98810.0,11.722622543666024,70.3
19.31,98800.0,12.735538097388623,65.75
20.86,98790.0,13.203200821505604,61.6
22.29,98770.0,13.026007544353467,55.8
23.26,98740.0,12.382938479517636,50.45
24.0,98700.0,12.03047369283137,47.15
24.57,98640.0,11.550567459780211,44.15
24.93,98580.0,11.35231190438432,42.65
25.1,98510.0,11.0012770378664,41.25
24.9,98470.0,10.785640313451578,41.15
24.38,98400.0,10.80464476975299,42.5
23.58,98370.0,11.64798657995808,47.15
22.36,98360.0,12.547279080585435,53.85
20.74,98360.0,12.026112831665953,57.45
19.06,98400.0,11.968310211933089,63.5
17.78,98440.0,12.297174789367478,70.3
16.84,98470.0,12.43990944554523,75.3
16.13,98470.0,12.817980664574717,80.75
15.63,98460.0,12.851120097537471,83.55
15.13,98440.0,12.891696632881828,86.5
14.62,98420.0,12.381868548013536,86.45
14.03,98390.0,11.793504059454373,86.4
14.09,98410.0,11.317473197278314,83.4
14.19,98440.0,10.340000770371534,77.65
14.18,98490.0,9.265081282408262,72.3
14.71,98490.0,10.322780056063422,75.0
14.89,98500.0,9.968256868021284,72.4
15.35,98490.0,9.353019761494789,67.45
16.02,98470.0,7.907221741455532,58.6
16.56,98460.0,6.309194271968251,50.75
17.05,98410.0,6.2654450807770266,49.05
16.98,98370.0,6.2012456256292205,49.05
16.48,98330.0,6.235513902914765,50.75
16.2,98310.0,6.4689828595141465,52.5
15.68,98280.0,7.016101156949043,56.35
15.12,98280.0,7.5303224890862595,60.5
14.7,98260.0,7.6461278606327046,62.65
14.09,98270.0,7.574455443332768,64.85
13.26,98310.0,7.809865640821698,69.55
12.57,98330.0,7.6662965415052655,72.05
12.1,98320.0,7.723779822216195,74.6
11.68,98310.0,7.839405605923682,77.3
11.48,98280.0,7.645516004055818,77.3
10.93,98250.0,7.09339702670725,77.2
10.39,98210.0,6.560499731020842,77.15
10.04,98200.0,6.7390073686691645,79.95
9.96,98190.0,6.661124738072041,79.95
10.34,98190.0,7.031061264419677,79.95
10.92,98200.0,6.555412440159885,74.45
11.8,98220.0,7.955737068103903,77.3
12.49,98160.0,7.589400331420765,72.05
13.44,98120.0,6.408981720126089,62.45
14.36,98050.0,5.694661634551505,56.0
15.32,97980.0,5.053292724713185,50.35
15.46,97940.0,4.689581497769924,48.65
15.56,97870.0,4.7812521719589,48.65
15.29,97820.0,5.558457953821115,52.25
14.22,97810.0,6.635292232814285,60.3
13.38,97790.0,7.924708929902343,69.55
12.49,97770.0,8.119941813455759,74.7
12.02,97740.0,8.71255960280414,80.2
11.29,97690.0,9.592547096372876,89.3
10.91,97690.0,9.21770672421082,89.3
10.72,97670.0,9.553491550905642,92.5
10.53,97650.0,8.834565986908968,89.25
10.28,97670.0,9.11761044921414,92.5
9.82,97650.0,8.653914945847236,92.45
9.35,97630.0,8.721418895420049,95.85
8.88,97640.0,7.722734242671482,92.45
8.53,97690.0,7.3680945888942775,92.4
8.4,97740.0,7.239318256396727,92.4
8.61,97790.0,7.985174128437646,95.85
8.86,97860.0,8.233906723855952,95.85
9.48,97930.0,7.782372035664025,89.15
10.64,97960.0,8.943068169543054,89.25
11.91,97980.0,9.140447511831834,83.15
12.78,98010.0,9.47107500094646,80.3
13.35,98020.0,8.960027780467419,74.75
14.07,98010.0,8.089114231069443,67.25
14.37,97990.0,8.375022220125247,67.25
14.48,97970.0,7.967168814413567,64.95
14.41,97980.0,8.413142062442223,67.25
13.88,98010.0,7.886165483969026,67.15
12.92,97990.0,7.484463368708131,69.55
11.81,98080.0,7.965431278791793,77.3
11.13,98180.0,6.7581009467036415,74.45
10.51,98210.0,6.676822831094595,77.15
9.91,98240.0,6.612447753603893,79.95
9.47,98230.0,6.7102089606332065,82.9
9.23,98250.0,7.001423814823469,85.95
8.67,98240.0,6.4430255628181925,85.9
8.18,98240.0,6.483818302926823,89.05
7.83,98210.0,6.666802046844506,92.35
7.23,98210.0,6.072466697832929,92.35
7.06,98230.0,5.904069180374092,92.35
8.84,98240.0,7.142928721786665,89.1
10.31,98260.0,7.001856298948996,79.95
11.24,98250.0,7.934713448583379,80.1
12.09,98260.0,7.71412712424604,74.6
13.04,98230.0,6.533095451850512,64.65
13.84,98210.0,6.253748680269777,60.2
14.38,98210.0,5.713310097603943,56.0
14.82,98160.0,5.624689372793999,54.1
15.25,98130.0,5.521475832303793,52.25
15.63,98100.0,5.91422519809049,52.4
15.78,98090.0,6.052937008151006,52.4
15.68,98050.0,5.42747793551744,50.5
14.76,98050.0,5.568979033694299,54.1
13.82,98050.0,6.234936812561404,60.2
11.65,98130.0,8.343091587568429,80.15
11.18,98120.0,7.876295977317022,80.1
10.5,98110.0,7.734978481377973,83.0
9.92,98100.0,7.159013133609121,82.95
9.57,98070.0,6.807987874244403,82.9
9.36,98040.0,7.129087262457016,85.95
9.01,98000.0,6.251667801384162,82.85
8.57,97960.0,6.344824861140414,85.9
8.26,97930.0,6.562718186864723,89.05
8.32,97920.0,7.1600709636241335,92.4
9.6,97890.0,7.364770440113335,85.95
10.17,97900.0,7.403466414704393,82.95
11.93,97910.0,8.624927423959104,80.2
12.72,97890.0,9.412649585624006,80.3
13.27,97850.0,9.419091319067421,77.5
14.09,97810.0,9.178558739991896,72.3
14.62,97800.0,9.175169910212595,69.85
15.25,97750.0,8.720607671057914,65.05
15.69,97720.0,8.103017674196463,60.65
16.05,97680.0,7.935333788587131,58.6
16.11,97650.0,7.991557245144692,58.6
16.04,97590.0,7.925963129828868,58.6
15.81,97560.0,7.672834904162668,58.45
15.16,97510.0,7.567956751873557,60.5
13.38,97600.0,7.924708929902343,69.55
12.01,97620.0,8.702822735357529,80.2
11.0,97630.0,8.232761984886842,83.05
10.18,97620.0,7.94286914841466,86.0
9.82,97620.0,8.117714676961633,89.15
9.17,97600.0,7.468398214159044,89.1
8.4,97610.0,7.239318256396727,92.4
7.82,97590.0,7.191547622826829,95.8
7.32,97590.0,6.694101432731269,95.8
7.62,97620.0,6.992569769127412,95.8
8.98,97650.0,7.821797603411056,92.45
11.06,97680.0,8.291434038366361,83.05
11.86,97680.0,9.082626755391065,83.1
12.66,97700.0,9.891819298621467,83.25
13.48,97710.0,9.641909423424762,77.6
14.47,97720.0,10.091046755195002,75.0
14.99,97750.0,10.074721259725086,72.45
15.53,97730.0,10.078330005123972,70.0
15.56,97720.0,9.575244937465087,67.55
15.82,97710.0,9.284353450810015,65.15
15.71,97710.0,8.121837883409906,60.65
15.61,97700.0,6.950805759679444,56.35
15.33,97690.0,5.06249764134689,50.35
14.89,97710.0,5.689683549992048,54.1
14.62,97780.0,4.380490692735457,50.25
13.88,97820.0,4.685476408832365,53.85
13.05,97870.0,4.409060172647997,55.75
12.1,97890.0,4.533404130680624,59.85
11.28,97920.0,5.300413271347739,66.65
10.5,97920.0,5.074577214389725,69.1
9.62,97940.0,4.720361438831304,71.5
8.88,97940.0,4.528400355833767,74.15
8.53,97960.0,4.701489336546451,76.85
8.11,97990.0,4.8150235118007005,79.7
8.77,98040.0,5.9995280166167175,82.75
11.67,98050.0,7.298897637959116,74.55
13.31,98100.0,8.387774363594906,72.1
14.36,98090.0,7.83065560415963,64.85
15.26,98110.0,7.132533932556609,58.35
16.15,98110.0,5.888770174275143,50.6
16.96,98130.0,4.586209875650747,43.9
17.37,98100.0,4.957305477184772,43.9
17.59,98090.0,5.156406013459605,43.9
17.61,98070.0,5.174505233471662,43.9
17.53,98090.0,5.633132612566477,45.55
17.38,98080.0,5.496786672757913,45.55
17.03,98110.0,6.247102531714516,49.05
16.43,98120.0,7.754626922807437,56.5
15.48,98110.0,8.961646468024142,65.15
13.74,98160.0,8.821578606493441,72.2
12.94,98200.0,8.032132966746568,72.1
12.66,98200.0,7.752803626493524,72.05
12.2,98230.0,7.820306057266952,74.6
12.07,98240.0,7.694821687688049,74.6
11.72,98220.0,7.8781829515592925,77.3
11.01,98210.0,7.710777778274166,80.1
10.52,98210.0,7.754535334097744,83.0
10.66,98230.0,7.891432320010939,83.0
12.32,98270.0,10.078987988298152,86.2
14.8,98310.0,10.409678069161195,75.0
16.81,98340.0,10.81119558679238,67.75
18.07,98360.0,9.903961206222762,58.9
18.49,98360.0,8.726218942863941,53.0
19.1,98380.0,8.792596554436924,51.25
19.86,98380.0,8.459725425196854,47.8
20.32,98360.0,7.857823123472902,44.6
20.37,98350.0,7.903109413869175,44.6
20.58,98340.0,7.055208845074177,41.55
20.54,98340.0,7.554773200031625,43.1
20.44,98300.0,8.485782690331515,46.2
20.05,98300.0,10.267792534948116,53.35
19.49,98320.0,11.323967911602283,59.25
18.76,98280.0,10.588739194518096,59.05
16.06,98310.0,10.073992024926634,67.65
14.25,98310.0,9.868660551298783,74.95
12.76,98300.0,9.451599903590505,80.3
11.72,98260.0,9.481047102995356,86.15
11.15,98230.0,8.91262173648492,86.1
10.83,98200.0,8.589762598324914,86.05
10.3,98140.0,8.599414273263546,89.2
10.26,98100.0,8.02143142677478,86.0
10.85,98090.0,8.60940365103845,86.05
12.82,98080.0,10.04829957703599,83.25
16.39,98060.0,9.848205560637325,65.25
17.41,98090.0,11.942874416791248,70.3
18.17,98090.0,12.152494979709525,67.95
18.96,98080.0,12.38001331963392,65.65
20.15,98050.0,11.435650475359024,57.3
21.51,98010.0,9.587140652060558,46.6
22.35,97970.0,9.32399112990631,43.5
22.56,97960.0,9.0274111332654,42.1
22.53,97970.0,9.000449648169019,42.1
22.36,98000.0,9.333014394981994,43.5
21.78,98030.0,9.295948944047517,44.95
20.88,98040.0,10.002399662290856,49.8
19.67,98120.0,10.426273441362573,55.2
18.99,98100.0,10.300170786681791,57.1
17.69,98170.0,11.128116273283936,65.45
16.74,98240.0,11.27974943195915,70.2
15.93,98250.0,12.06612402269986,77.85
15.3,98290.0,12.519185200779042,83.5
14.95,98300.0,12.176831665611928,83.5
14.8,98310.0,13.088790794862069,89.5
14.45,98340.0,12.743515422653687,89.5
13.64,98350.0,12.4706738520162,92.65
13.17,98400.0,12.53776045047272,95.95
13.6,98450.0,12.431045146325612,92.65
14.07,98490.0,12.368637673523695,89.5
14.85,98580.0,12.607804521021587,86.45
15.73,98620.0,11.337743432738517,75.15
16.47,98650.0,9.947015216776775,65.35
17.32,98620.0,8.650053146235823,56.75
18.33,98600.0,8.01114421899027,51.0
19.09,98580.0,7.178338740525055,45.95
19.57,98550.0,6.595102843364024,42.85
19.91,98530.0,6.365854142419392,41.3
19.92,98560.0,5.839132075409367,39.8
19.73,98550.0,5.6693274702419165,39.8
19.36,98560.0,6.889765154511278,44.3
18.55,98570.0,7.186228419063975,47.55
17.19,98620.0,7.453945956446712,52.75
15.66,98650.0,8.600214043738646,62.85
14.2,98710.0,9.820384236380832,74.95
13.68,98740.0,9.298447226358928,74.85
13.57,98740.0,9.192247597286405,74.85
13.64,98760.0,9.797055594374498,77.6
13.59,98740.0,10.27842371670301,80.4
13.5,98730.0,10.19077976785698,80.4
13.41,98700.0,10.625301491824558,83.25
13.48,98720.0,10.171303222425976,80.4
14.19,98730.0,10.872052761758175,80.45
14.81,98760.0,9.89134363690707,72.4
13.7,98830.0,11.460583446516827,86.35
13.73,98850.0,11.490051328692891,86.35
13.81,98900.0,11.568632041553052,86.35
14.04,98930.0,10.72597725200286,80.45
14.7,98940.0,10.853881583115106,77.75
15.98,98940.0,11.068060349978154,72.65
17.55,98920.0,12.076936607374407,70.3
18.2,98890.0,12.181100424173279,67.95
18.39,98920.0,12.362264575808883,67.95
18.52,98880.0,11.962266307836849,65.65
18.49,98850.0,11.933782219794185,65.65
18.39,98840.0,12.892119174245058,70.35
17.58,98810.0,13.174856508558474,75.4
16.35,98810.0,13.03227449832754,80.75
15.32,98810.0,12.53874794546875,83.5
14.71,98800.0,12.470278711701818,86.45
14.35,98800.0,12.644864124804014,89.5
13.89,98740.0,12.718351933051762,92.65
13.54,98700.0,11.837292284530745,89.45
13.08,98640.0,11.915866632139576,92.65
12.53,98570.0,11.362798079345385,92.6
12.45,98520.0,11.283542543149133,92.6
14.59,98490.0,12.881626349981584,89.5
18.22,98450.0,14.88241544941419,80.9
20.96,98430.0,15.994828985578893,73.3
22.93,98370.0,16.33784189310402,66.45
24.59,98350.0,16.391220690188362,60.35
25.89,98310.0,16.596422018935485,56.6
26.72,98300.0,15.820086659265964,51.3
27.35,98230.0,15.357668826345947,48.0
27.7,98190.0,14.11092274242391,43.4
27.42,98160.0,14.349224500296215,44.8
27.47,98130.0,14.938844832609243,46.4
25.72,98170.0,15.902111864569491,54.7
24.34,98160.0,16.66944323551406,62.35
23.54,98140.0,16.42341993756771,64.4
22.46,98070.0,17.49163661397664,73.55
20.75,98120.0,17.405203926260857,81.2
20.04,98130.0,17.23967328322008,83.95
19.88,98110.0,17.621298351153314,86.85
19.27,98150.0,17.01283543097264,86.8
18.56,98170.0,16.84164385127456,89.75
18.2,98200.0,17.02203931840974,92.85
18.0,98200.0,16.823875650397145,92.85
17.79,98210.0,16.615802264400102,92.85
17.38,98260.0,14.590617212239774,83.7
16.76,98310.0,13.441137571444772,80.8
16.46,98370.0,11.540045893980976,72.7
16.7,98440.0,10.165356253688785,65.35
17.31,98490.0,8.640721518253343,56.75
18.28,98520.0,7.9650929694352,51.0
19.37,98550.0,7.432951750829632,45.95
20.33,98580.0,6.795600192833025,41.45
21.02,98560.0,6.433146146070512,38.75
21.47,98550.0,7.370087856095559,40.2
21.65,98530.0,7.585602607621875,40.35
21.5,98550.0,7.986967034611214,41.85
21.12,98530.0,8.128986147125525,43.25
20.46,98520.0,9.038718965251578,47.9
19.53,98550.0,9.232147143997652,51.4
18.19,98590.0,8.956086148042012,54.85
16.61,98600.0,7.948534438068267,56.6
15.2,98640.0,8.142024152729705,62.75
13.69,98690.0,9.308101657762776,74.85
12.8,98760.0,8.953826141753373,77.45
11.69,98740.0,8.382037570848023,80.15
10.88,98730.0,8.106552679026846,83.0
10.34,98730.0,8.09999324747808,86.0
9.86,98750.0,8.15716633586072,89.15
9.6,98760.0,7.9007289854871505,89.15
11.63,98770.0,8.857715338413941,83.1
13.41,98770.0,8.5043544628517,72.2
14.9,98800.0,10.506230153791094,75.0
16.28,98780.0,10.28373088534124,67.65
17.53,98750.0,10.450364644895378,63.2
18.76,98710.0,10.588739194518096,59.05
19.95,98670.0,11.222567595570824,57.2
20.91,98610.0,10.576428742711625,51.65
21.65,98570.0,10.250014545510918,48.3
21.83,98530.0,10.94941473914427,50.05
21.58,98520.0,10.719928157389772,50.05
21.26,98450.0,10.928122544225417,51.75
20.8,98450.0,11.544759637755623,55.45
20.03,98440.0,11.323622738795992,57.3
18.83,98460.0,11.192857264213728,61.2
17.63,98470.0,10.001890856160147,60.95
16.72,98500.0,9.64918973062821,63.05
16.02,98480.0,8.963978776047217,62.95
15.46,98450.0,8.411200455722291,62.85
15.03,98390.0,8.511814104921003,65.05
14.66,98350.0,8.673353656853008,67.35
14.33,98300.0,8.87632296979119,69.75
13.87,98270.0,9.481879133674155,74.85
13.69,98230.0,10.375804911767222,80.4
14.81,98180.0,11.494597240554818,80.55
16.75,98160.0,12.352993579695317,75.3
18.93,98180.0,15.054621408660603,78.25
20.9,98130.0,16.47415662975409,75.85
22.19,98110.0,17.77257790825625,76.1
22.57,98130.0,18.150233732980467,76.15
21.41,98110.0,19.142995876840693,86.95
21.88,98070.0,18.535597466460125,81.35
22.89,98080.0,18.99722908345138,78.75
23.23,98050.0,18.79850038424321,76.2
22.94,98010.0,19.045746272286785,78.75
20.18,98090.0,18.457721705670593,89.85
19.66,98080.0,17.94463734974368,89.85
19.36,98150.0,18.179946806136513,92.9
19.1,98240.0,17.383246229081685,89.8
18.21,98310.0,16.496318814147592,89.75
17.43,98390.0,15.717996385944971,89.7
17.04,98470.0,14.794807583626612,86.65
16.48,98540.0,14.235699892480701,86.6
15.74,98590.0,14.033306802814142,89.6
15.03,98620.0,12.793459050847641,86.5
14.05,98620.0,11.813150244154427,86.4
13.13,98640.0,11.424372793485007,89.4
12.74,98670.0,11.039654640472088,89.4
13.74,98710.0,12.034589519892041,89.45
15.48,98750.0,12.165964053159101,80.65
16.46,98800.0,12.60945857304969,78.0
17.6,98820.0,12.124815196968187,70.3
18.71,98800.0,11.6134986669691,63.4
19.35,98790.0,11.167226718060677,59.15
20.24,98770.0,10.443639409979921,53.35
20.77,98740.0,9.901457867459591,49.8
21.21,98710.0,9.282163418036328,46.5
21.53,98680.0,9.06941565917183,44.95
21.62,98660.0,9.150970061168701,44.95
21.49,98630.0,9.536946112342553,46.5
21.14,98600.0,9.218463777594787,46.5
20.37,98590.0,11.104120974415835,55.3
18.92,98580.0,12.342037835929828,65.65
16.85,98580.0,10.849332066176883,67.75
15.25,98570.0,10.324699690523278,72.45
14.27,98570.0,9.887970983968524,74.95
13.49,98540.0,9.65160614759158,77.6
12.73,98520.0,9.422387180522495,80.3
12.04,98470.0,9.267577946625295,83.15
11.39,98400.0,9.691188003180242,89.3
11.43,98360.0,9.196227211776705,86.15
12.11,98360.0,9.872734162834739,86.2
14.21,98360.0,9.830039526020943,74.95
15.77,98400.0,10.30810285647962,70.0
16.51,98390.0,11.588128676486502,72.7
16.67,98410.0,10.67771568388635,67.75
16.86,98370.0,10.317239689684747,65.35
17.84,98380.0,9.663076462683625,58.8
17.76,98400.0,10.124237398310708,60.95
18.37,98440.0,10.185100119037823,58.9
19.15,98440.0,9.378832524753083,53.15
19.6,98430.0,9.296653920289923,51.4
19.59,98450.0,8.74391881601995,49.55
19.49,98460.0,8.65217062420057,49.55
19.08,98470.0,8.774169790427868,51.25
18.4,98520.0,9.151197921782277,54.85
17.23,98550.0,8.566067598692484,56.75
15.99,98600.0,8.409616950241958,60.75
15.08,98620.0,8.559268011369815,65.05
14.53,98650.0,9.089011569990099,69.85
13.94,98650.0,9.56934202741834,74.95
13.65,98650.0,10.336852556307345,80.4
13.7,98620.0,10.385542975097797,80.4
14.19,98590.0,10.872052761758175,80.45
14.51,98540.0,11.202418838206192,80.55
14.56,98560.0,11.786257336994195,83.45
14.91,98550.0,12.666743739191514,86.45
15.43,98550.0,12.646342433596885,83.5
16.36,98550.0,11.966259510831742,75.25
16.61,98550.0,12.217789009828966,75.3
17.05,98560.0,12.662971841565735,75.4
18.13,98580.0,13.187930339984065,72.9
18.35,98580.0,13.39950909746325,72.9
18.62,98590.0,13.669717421442614,72.95
19.24,98590.0,14.287160142241715,73.05
19.86,98560.0,13.820271359688899,68.2
20.32,98550.0,13.207724341597928,63.7
20.66,98520.0,13.014866414434147,61.6
20.49,98520.0,12.854775384306832,61.6
19.95,98530.0,13.906099184045953,68.2
18.91,98540.0,12.880541758829507,68.05
17.56,98590.0,12.618762060225956,72.8
16.77,98620.0,12.372308308370616,75.3
15.81,98640.0,13.027191397672498,83.55
15.14,98640.0,12.90152035324692,86.5
14.73,98610.0,13.019736239381473,89.5
14.36,98590.0,13.192253197097099,92.7
14.17,98570.0,12.467290454167074,89.5
14.2,98560.0,12.49688618509315,89.5
14.4,98570.0,13.23188340145277,92.7
15.32,98580.0,13.610351682273045,89.55
16.76,98590.0,12.900432185942222,78.0
17.93,98590.0,13.512873445063173,75.4
19.03,98570.0,12.469672584045144,65.75
20.12,98550.0,11.940149002985477,59.35
21.08,98540.0,11.291535152527004,53.6
21.81,98510.0,10.931056494712701,50.05
22.44,98500.0,10.481624745314852,46.75
22.93,98470.0,9.898680227478467,43.65
23.2,98450.0,9.655511201335962,42.25
23.32,98430.0,9.225294312096509,40.75
23.17,98410.0,9.091052339416422,40.75
22.74,98380.0,10.265235342886653,45.25
21.73,98380.0,11.405079716960572,51.9
20.26,98350.0,13.150986167514981,63.7
17.94,98380.0,12.984182096601945,72.8
16.38,98430.0,11.98557370203165,75.25
15.41,98470.0,12.088358099924504,80.6
14.93,98490.0,11.086615044599244,77.8
14.67,98520.0,11.358248453835149,80.55
14.45,98490.0,10.61143896680755,77.75
14.25,98490.0,10.93048232400327,80.45
13.67,98510.0,10.897635549971715,83.35
13.41,98550.0,11.700575681343148,89.4
14.65,98580.0,11.87428867015938,83.45
16.46,98620.0,11.011631682781433,70.2
17.46,98710.0,11.990754132558008,70.3
18.08,98750.0,11.521415863595298,65.55
18.91,98760.0,11.268164117242659,61.2
19.53,98790.0,9.75848693619355,53.25
20.2,98800.0,9.878529551129407,51.5
20.51,98800.0,9.130787429565542,48.05
20.95,98800.0,9.532830522883097,48.05
21.22,98790.0,8.755526710076595,44.85
21.61,98780.0,8.622151354728272,43.4
19.09,98760.0,8.612136571510515,50.66
18.93,98740.0,9.339256501440156,53.74
18.77,98760.0,10.018671062010414,56.81
18.62,98800.0,10.66959275023177,59.89
18.46,98840.0,11.271933701108688,62.96
18.31,98860.0,11.852697559275526,66.04
18.15,98870.0,12.393269987578783,69.12
17.99,98880.0,12.90346678211458,72.19
17.84,98830.0,13.39944921380221,75.27
17.68,98810.0,13.86168639897201,78.35
17.53,98780.0,14.30935581468872,81.42
17.37,98770.0,14.728404770228241,84.5
17.22,98760.0,15.136008165344771,87.57
17.06,98780.0,15.517388396961062,90.65
16.9,98790.0,15.881626646813737,93.73
16.75,98840.0,16.2380802006562,96.8
22.79,98840.0,17.28263328462163,71.15
23.7,98840.0,17.11685488062147,66.65
23.99,98850.0,16.84921651621658,64.4
24.3,98870.0,17.167069225001182,64.5
24.76,98840.0,17.090536313294013,62.45
24.88,98820.0,17.20362411986651,62.45
25.12,98780.0,17.45516321637705,62.55
24.74,98740.0,17.608014657125576,64.6
23.14,98750.0,17.640285423141226,71.25
22.57,98730.0,18.150233732980467,76.15
21.97,98740.0,19.15649645432618,84.1
21.09,98760.0,18.285937409005943,84.05
19.8,98790.0,18.61591294686571,92.9
18.9,98810.0,18.26351602037089,96.1
18.11,98810.0,16.93286584425346,92.85
17.07,98800.0,16.434362982919954,96.05
17.08,98770.0,16.444313145302484,96.05
17.55,98760.0,16.911968579017707,96.05
16.76,98740.0,16.665111637899333,99.4
17.02,98710.0,16.92491766659634,99.4
16.79,98700.0,16.69508926669927,99.4
17.57,98710.0,16.931868714748138,96.05
19.53,98700.0,17.81636410143973,89.85
21.14,98720.0,18.334859648570895,84.05
21.97,98710.0,19.15649645432618,84.1
23.11,98700.0,19.231108320415952,78.85
24.01,98660.0,19.02642215482411,73.75
24.66,98610.0,18.61699581917413,69.15
25.1,98570.0,17.973329896125424,64.7
25.35,98530.0,17.671937945455845,62.55
25.4,98480.0,17.719061422423835,62.55
23.83,98400.0,17.778672018998655,68.95
23.37,98420.0,17.860684645452597,71.25
22.88,98400.0,17.90655099976386,73.6
22.29,98390.0,18.404852931458304,78.7
21.44,98410.0,18.628388784539275,84.05
20.2,98400.0,17.935707415301597,86.85
18.66,98420.0,18.02470460665091,96.1
18.11,98400.0,17.477424270836543,96.1
17.15,98400.0,17.054820606701515,99.4
16.39,98380.0,16.295387332640342,99.4
16.04,98350.0,15.94564775594183,99.4
15.84,98310.0,15.745796408176119,99.4
15.89,98270.0,15.79575925610034,99.4
16.34,98280.0,16.24542455793468,99.4
17.55,98270.0,17.4545216504261,99.4
18.26,98270.0,17.62668312137261,96.1
19.64,98260.0,17.924903060070598,89.85
21.08,98240.0,17.74627467908408,81.3
22.37,98200.0,17.946508844611373,76.1
23.57,98190.0,18.052329481839926,71.25
24.4,98170.0,17.805836556179703,66.75
25.01,98140.0,17.3261325003972,62.45
25.42,98070.0,16.6648710832713,58.45
25.6,98050.0,15.790888286924512,54.7
25.88,98010.0,16.05040409314326,54.7
25.72,97970.0,15.902111864569491,54.7
25.29,97930.0,16.010209334846202,56.5
24.61,97930.0,18.569272408420563,69.15
22.6,97950.0,17.63713167757747,73.6
21.22,97970.0,17.882689871158192,81.3
19.9,97980.0,18.18144723123732,89.85
19.36,97980.0,18.179946806136513,92.9
18.99,97970.0,17.804771867778452,92.85
18.8,97970.0,17.61652176743184,92.85
18.57,97990.0,17.93515004082855,96.1
18.47,97930.0,17.835644784935266,96.1
18.12,97950.0,17.487374874338773,96.1
17.99,97960.0,17.894192257295,99.4
18.04,97970.0,17.40776999245491,96.1
18.1,98000.0,17.467473665410534,96.1
19.28,98010.0,18.100679499012134,92.9
20.46,98050.0,17.6505890474993,83.95
21.18,98040.0,17.29748814847055,78.55
22.01,98030.0,17.577767187448607,76.0
22.82,97990.0,17.311378084509517,71.15
23.46,97970.0,17.402574011410287,68.85
23.99,97930.0,17.392424286357695,66.65
24.02,97880.0,16.877601534027686,64.4
23.72,97860.0,16.059987959204573,62.25
23.63,97840.0,14.36873022141389,56.15
23.2,97800.0,13.927378813927762,56.0
22.41,97830.0,14.750429738355772,61.95
21.14,97920.0,13.491783978548085,61.7
19.81,97940.0,13.772588627266373,68.2
18.47,97950.0,13.525453712812652,72.95
17.0,97980.0,13.152842145659044,78.1
15.99,97990.0,13.736511439836047,86.5
15.28,98000.0,13.039051715996433,86.5
14.65,97990.0,12.94081642967408,89.5
13.94,97960.0,12.76788727418531,92.65
13.46,97950.0,12.292344214278396,92.65
13.64,97960.0,11.935941168315985,89.45
15.37,97950.0,13.65967820233225,89.55
17.51,97950.0,13.657386523329908,78.15
19.15,97960.0,15.277982397695768,78.3
20.42,97960.0,14.376966221194415,68.3
21.39,97950.0,12.659519628253268,57.55
22.19,97960.0,11.85836403508197,52.0
22.85,97920.0,11.961159380648796,50.3
23.34,97890.0,11.381230727206528,47.0
23.48,97850.0,11.508694054069645,47.0
23.43,97790.0,11.46317215634332,47.0
23.49,97770.0,11.517798337749367,47.0
23.54,97700.0,11.563319276829514,47.0
23.16,97670.0,11.754790201747333,48.7
22.25,97650.0,15.129852343323865,64.1
20.92,97640.0,15.95634979177125,73.3
19.98,97670.0,13.394995471943634,65.85
20.58,97680.0,10.80051677089585,53.5
19.67,97720.0,10.961205701292645,57.2
18.78,97730.0,11.145789770978071,61.2
17.98,97720.0,11.426477464166794,65.55
17.02,97680.0,11.033635861524242,67.85
16.09,97600.0,11.17384089996832,72.65
15.11,97580.0,11.26117795567218,77.8
14.36,97570.0,11.58155673210351,83.4
16.05,97570.0,12.740054432388915,80.75
18.02,97590.0,13.092643020373826,72.95
18.74,97630.0,14.870314413486566,78.25
18.6,97660.0,15.271817663791042,81.0
17.94,97690.0,15.688007547285812,86.7
17.93,97700.0,15.67818295254441,86.7
18.44,97680.0,15.646181643681583,83.8
19.4,97680.0,16.060823885920485,81.05
20.45,97660.0,14.40557788326127,68.3
21.15,97630.0,12.970030572020812,59.6
21.67,97590.0,12.40833028669797,55.65
21.74,97560.0,11.944910844904765,53.75
21.55,97510.0,11.726621816697017,53.6
21.02,97490.0,13.893801544865665,63.8
19.23,97510.0,13.19693410259583,68.1
17.92,97550.0,12.985962241078173,72.9
17.14,97590.0,12.749898238360236,75.4
16.4,97600.0,13.080976966401172,80.75
15.96,97600.0,13.173915384537617,83.55
15.8,97570.0,13.017409730780386,83.55
15.29,97540.0,13.048875333167274,86.5
15.17,97500.0,12.930991473064216,86.5
14.82,97490.0,13.108520620197309,89.5
14.65,97490.0,12.94081642967408,89.5
15.44,97500.0,13.728735109113082,89.55
16.84,97520.0,13.519064018325214,80.8
17.35,97510.0,13.492341687087103,78.1
18.5,97480.0,13.019195026034636,70.45
19.39,97440.0,13.349506056172057,68.1
19.26,97420.0,13.225541683772134,68.1
17.19,97440.0,12.798190223993407,75.4
17.64,97430.0,13.242972110238755,75.45
18.09,97390.0,12.626535946913345,70.45
18.72,97340.0,12.152155865395219,65.65
18.87,97320.0,11.76476216926327,63.4
17.19,97340.0,11.195736622561961,67.85
17.02,97330.0,11.569398829422534,70.3
17.03,97320.0,11.578975432237176,70.3
16.5,97370.0,11.028449797811133,70.1
15.75,97430.0,10.288955476988878,70.0
15.24,97440.0,9.779344546609291,69.9
14.84,97450.0,9.38577360274162,69.85
14.3,97440.0,9.380442795521628,72.3
13.93,97410.0,9.004215421848157,72.2
13.74,97400.0,8.821578606493441,72.2
13.39,97370.0,8.998640988253037,74.75
13.15,97380.0,9.302744796408689,77.5
12.96,97360.0,9.646349028354754,80.3
13.28,97380.0,9.967239845780451,80.35
13.94,97370.0,10.087946524741898,77.6
14.09,97360.0,10.7746693432159,80.45
14.1,97340.0,10.78440773090301,80.45
13.96,97360.0,11.715969677435716,86.35
13.89,97360.0,12.182561049373332,89.45
15.53,97370.0,12.753301522606828,83.55
17.06,97360.0,13.2110430679704,78.1
17.89,97360.0,14.02599198357731,78.15
17.24,97310.0,12.311023588637692,72.8
15.5,97430.0,11.649114955687505,77.85
15.79,97440.0,11.395681468327178,75.15
16.2,97460.0,10.741218261621052,70.1
15.98,97500.0,10.509146410077504,70.0
15.18,97590.0,8.65417437148786,65.05
14.6,97690.0,8.616166285710117,67.35
14.24,97760.0,9.322762307072562,72.3
13.96,97800.0,9.568766245012405,74.85
13.67,97840.0,9.288792781566837,74.85
13.15,97840.0,9.302744796408689,77.5
12.65,97850.0,9.344486133738144,80.3
12.35,97850.0,9.570729208064842,83.15
12.14,97870.0,8.829401206550488,80.2
11.94,97900.0,9.160855731991067,83.1
12.02,97940.0,8.71255960280414,80.2
12.39,97990.0,9.072816437579686,80.2
12.84,98010.0,10.598406972452732,86.25
13.65,98030.0,10.336852556307345,80.4
14.43,98030.0,10.572716914444467,77.65
15.18,98060.0,9.721906936640124,69.9
15.76,98040.0,8.694717719611624,62.85
16.46,98010.0,7.782613518764084,56.5
16.64,98010.0,6.9174558120054295,52.65
17.08,97990.0,5.7672315562998095,47.3
16.95,97990.0,6.129365484875065,48.9
16.87,97940.0,6.594688047011693,50.75
16.64,97940.0,6.38287277176832,50.75
16.12,97950.0,6.925479064827842,54.45
14.83,97970.0,7.2332853706290035,60.4
13.73,98010.0,7.210282537515959,64.75
13.05,98000.0,7.60888414556748,69.55
12.63,97990.0,7.723968066949695,72.05
12.04,98000.0,8.732033306712085,80.2
11.47,97990.0,9.235513067488704,86.15
11.14,97960.0,9.444584723361034,89.3
10.72,97950.0,9.021978435288652,89.25
10.31,97950.0,9.147329845562252,92.5
10.14,97950.0,8.978919487251078,92.5
10.74,97930.0,9.573304155982026,92.5
11.47,97930.0,9.235513067488704,86.15
12.71,97930.0,9.940719623181954,83.25
13.74,97920.0,10.966099791816912,83.35
14.69,97910.0,10.844184018978359,77.75
15.48,97890.0,11.086294438991905,75.1
15.85,97870.0,10.92230231497742,72.55
16.25,97860.0,10.255130636791375,67.65
16.37,97830.0,10.369530673905302,67.65
14.97,97850.0,10.045169149832184,72.4
14.12,97890.0,9.743141439438253,74.95
12.75,97920.0,11.049519310120896,89.4
12.38,97930.0,10.676115472302989,89.35
12.17,97970.0,10.468966148824759,89.35
11.93,98030.0,10.76025342501742,92.55
11.79,98100.0,10.621562044445154,92.55
11.7,98160.0,9.996971381616243,89.3
11.72,98170.0,10.016699163267235,89.3
11.66,98190.0,9.422119337431857,86.15
11.51,98210.0,9.274798810087866,86.15
11.38,98240.0,9.681323936806566,89.3
11.33,98220.0,9.08939842370087,86.1
11.12,98220.0,8.883158731741036,86.1
11.12,98230.0,8.883158731741036,86.1
11.38,98240.0,9.681323936806566,89.3
11.64,98240.0,9.40247669235552,86.15
12.31,98240.0,10.069166447983667,86.2
12.98,98260.0,10.204777644046965,83.25
13.64,98270.0,10.3271144419079,80.4
15.16,98240.0,10.23816982761339,72.45
16.44,98220.0,9.895663865593859,65.25
16.99,98190.0,10.440641368108622,65.35
17.0,98190.0,9.949330550003081,63.2
16.77,98190.0,11.308475582568143,70.2
16.21,98190.0,11.821401400527794,75.25
16.83,98160.0,11.365927447683765,70.2
15.97,98150.0,11.569492722362401,75.15
14.38,98200.0,11.601118227339848,83.4
13.48,98230.0,11.244483729644879,86.35
12.72,98280.0,11.019925285128588,89.4
12.46,98280.0,10.763441718746575,89.4
12.43,98290.0,11.263728622165107,92.6
12.16,98290.0,10.996239242866983,92.6
12.15,98270.0,10.986332177109311,92.6
11.81,98240.0,11.176723232003344,95.9
11.68,98210.0,11.047382124766903,95.9
11.48,98190.0,10.314457107584754,92.55
11.37,98180.0,10.738951950117048,95.9
12.21,98170.0,11.582583902346826,95.95
13.65,98160.0,11.945806027422933,89.45
15.16,98100.0,12.921167773338103,86.5
16.06,98100.0,13.280910209678314,83.6
17.07,98080.0,13.752626926042595,80.85
18.09,98060.0,13.159971055830924,72.95
17.98,98050.0,13.571355608829329,75.45
18.3,98020.0,13.36195090081793,72.95
18.86,98010.0,14.441730392559638,75.55
19.72,97960.0,14.2312590230318,70.65
20.09,97930.0,13.522771716605156,65.95
19.82,97890.0,13.782125208481562,68.2
19.5,97860.0,13.998675726574298,70.55
19.06,97850.0,13.577281577917464,70.55
17.78,97810.0,13.91929210705061,78.15
17.3,97840.0,13.443842615450347,78.1
16.95,97850.0,13.626211839298566,80.8
16.48,97860.0,13.691753753886346,83.6
16.07,97890.0,13.824001614578975,86.55
15.52,97920.0,13.81625856644715,89.6
15.08,97940.0,13.91390380861653,92.75
14.48,97960.0,13.849178850975909,96.0
13.95,98000.0,13.857195387356155,99.4
13.3,98050.0,13.207674100066521,99.4
13.81,98060.0,13.717298599266378,99.4
16.32,98100.0,14.614164143270024,89.65
17.76,98100.0,14.434324902190758,80.9
18.42,98120.0,14.016742001198033,75.55
18.96,98120.0,14.538315162344242,75.55
19.1,98110.0,14.152504057792253,73.05
19.51,98120.0,15.627202820376928,78.3
20.47,98100.0,16.038044796682943,75.75
21.16,98090.0,15.128197542731241,68.5
21.83,98050.0,13.633473411659876,59.7
22.21,98070.0,12.95160629453101,55.8
22.26,98090.0,11.922908426693844,52.0
21.8,98060.0,13.06892585286373,57.65
21.8,98030.0,12.529209718326682,55.65
20.16,98000.0,15.203929197946165,73.2
18.05,98030.0,13.659345967748646,75.55
16.87,98040.0,13.54828627114356,80.8
16.63,98080.0,12.774344898051707,78.0
16.47,98010.0,13.6819719378236,83.6
16.34,98000.0,14.089240981634582,86.55
16.1,97990.0,13.85347290204361,86.55
15.81,97950.0,14.102367073144697,89.6
15.64,97960.0,14.468743397755178,92.75
15.72,97940.0,14.548005270454535,92.75
16.39,97960.0,15.220212258917044,92.8
17.66,97990.0,15.953652404490404,89.75
19.04,97990.0,16.786856441558747,86.8
19.52,98030.0,17.25846073718918,86.8
19.58,98050.0,16.780206998408246,83.9
20.02,98070.0,17.210674687189556,83.9
20.76,98070.0,16.338906465576162,75.85
21.45,98090.0,17.026295562303414,75.95
22.36,98070.0,17.936846122246987,76.1
22.99,98070.0,18.012391281477864,73.6
23.18,98080.0,17.678616311362983,71.25
23.07,98070.0,17.57320577230342,71.25
22.31,98100.0,17.34730951987792,73.55
21.76,98110.0,17.880445869919406,78.65
20.82,98110.0,18.021753775808076,84.05
19.78,98170.0,18.063042658469957,89.85
18.91,98190.0,17.725508824469667,92.85
18.17,98230.0,16.99231485910592,92.85
17.64,98250.0,16.46717745479292,92.85
17.15,98260.0,16.51396422741318,96.05
16.91,98270.0,16.27516011975883,96.05
17.17,98300.0,16.533864519048276,96.05
17.73,98330.0,16.55635243680434,92.85
17.78,98340.0,16.605893968712554,92.85
18.12,98350.0,16.942774022307105,92.85
19.02,98410.0,17.83449545020555,92.85
19.08,98500.0,16.281651941009805,83.85
19.78,98500.0,16.440712832924863,81.1
20.79,98510.0,16.36788885460622,75.85
21.28,98540.0,16.31337175705314,73.35
21.7,98540.0,16.204996331338073,71.0
22.25,98540.0,16.213670572223265,68.7
22.78,98540.0,16.19533180703951,66.45
23.27,98510.0,15.610818930493968,62.15
23.46,98520.0,15.789826183481262,62.15
23.53,98530.0,15.855774295745398,62.15
23.2,98570.0,15.544866961538014,62.15
22.31,98610.0,15.725209255076956,66.35
21.28,98630.0,15.242669122995213,68.5
19.85,98700.0,14.895103476486462,73.15
18.44,98760.0,14.579294977404565,78.25
17.28,98810.0,14.492791899794904,83.7
16.3,98870.0,13.515679772964713,83.6
15.6,98890.0,13.353404053238162,86.5
15.32,98910.0,13.078346143402483,86.5
14.89,98920.0,12.647097360761077,86.45
14.38,98920.0,12.67445956976308,89.5
14.11,98930.0,12.40809884933008,89.5
15.57,98960.0,13.323933820876478,86.5
18.33,98970.0,14.47258527634705,78.25
20.33,99020.0,15.367455123229238,73.2
21.6,99020.0,13.962435334771895,61.85
22.59,99010.0,12.802756394489993,54.0
23.34,98990.0,12.45640757240185,50.45
23.87,98980.0,12.43524629037555,48.8
24.14,98940.0,11.650650473244959,45.6
24.33,98940.0,11.299541164300294,44.05
24.28,98890.0,11.254389975926665,44.05
24.25,98880.0,10.687760579658548,42.5
24.13,98820.0,11.118931269249483,44.05
23.91,98790.0,12.471825221205304,48.8
22.94,98760.0,14.739181738126055,59.95
21.52,98680.0,13.316999509743557,59.6
19.71,98670.0,12.606871341286528,63.6
18.49,98610.0,11.933782219794185,65.65
17.75,98580.0,11.208111921527141,65.55
17.18,98520.0,11.186201424439812,67.85
16.6,98460.0,11.145692140332448,70.2
15.92,98390.0,11.52121224768848,75.15
15.37,98290.0,11.513317701830486,77.8
15.09,98200.0,11.241782263546863,77.8
15.13,98090.0,11.815654974577091,80.6
16.29,98010.0,12.97383120617202,80.75
18.48,97950.0,14.618098162551847,78.25
20.3,97930.0,16.423600377085798,78.45
22.19,97880.0,17.231845556143146,73.55
22.86,97890.0,17.88730712894476,73.6
22.53,97860.0,18.101110683549905,76.1
23.05,97840.0,18.07012162539702,73.6
22.71,97850.0,17.205979800559394,71.15
22.26,97800.0,16.752600344417193,71.05
22.45,97740.0,16.934632288205066,71.05
22.66,97740.0,16.616298067089307,68.75
22.8,97700.0,16.74987223439525,68.75
22.05,97630.0,17.07561991515554,73.45
21.12,97600.0,16.707458709651927,75.95
19.37,97630.0,16.031598052073406,81.05
18.74,97590.0,15.408204365048478,81.0
18.29,97570.0,13.89117244486704,75.55
17.36,97540.0,12.962380533348933,75.4
15.73,97530.0,13.481107678023847,86.5
15.06,97520.0,12.822930397694908,86.5
14.68,97470.0,12.970411398030674,89.5
14.41,97480.0,13.241790943436756,92.7
14.15,97470.0,12.984193668207316,92.7
13.84,97490.0,12.668816500227363,92.65
13.71,97500.0,12.540023945768933,92.65
13.85,97530.0,12.678723594127524,92.65
14.18,97600.0,11.940849768654953,86.4
14.77,97640.0,11.455640646913661,80.55
15.54,97670.0,10.62422772759092,72.55
16.52,97640.0,9.994481522255603,65.35
16.95,97690.0,10.402671965931354,65.35
17.39,97670.0,9.776010537979321,60.95
17.72,97660.0,9.575939193806077,58.9
17.63,97690.0,9.491586043285729,58.9
17.38,97770.0,10.833832466033124,65.45
16.43,97780.0,10.961430411298208,70.1
15.79,97820.0,11.395681468327178,75.15
15.72,97870.0,11.328087047248141,75.15
15.2,97890.0,9.74105287199501,69.9
14.81,97970.0,9.357055384047625,69.85
14.54,98020.0,9.631754473135741,72.4
14.28,98070.0,9.897626180311196,74.95
14.03,98100.0,9.656242273244088,74.95
13.79,98100.0,9.942502386733713,77.6
13.61,98090.0,9.76796591737413,77.6
13.14,98080.0,9.293049175792095,77.5
12.56,98070.0,9.256846670344533,80.3
12.25,98060.0,9.472939391411147,83.15
12.69,98090.0,9.383436739300864,80.3
13.74,98100.0,9.894020417545455,77.6
14.89,98110.0,11.038133076942733,77.75
15.79,98120.0,11.395681468327178,75.15
15.55,98110.0,11.163926473159787,75.15
15.41,98140.0,11.018702604167734,75.1
15.54,98100.0,11.154269849932339,75.15
17.11,98080.0,12.186000568045246,72.8
17.5,98040.0,12.029057615580554,70.3
16.31,98100.0,11.385396671271824,72.65
17.4,98120.0,10.85281907205811,65.45
17.73,98150.0,9.585311649085149,58.9
17.78,98190.0,9.632173574484156,58.9
17.1,98250.0,9.503054893132138,60.95
15.82,98340.0,9.823096059083413,67.55
15.03,98400.0,9.578310337926705,69.9
14.47,98430.0,10.611502279488054,77.65
14.13,98450.0,10.28182067527481,77.65
13.74,98480.0,10.424495126282993,80.4
13.5,98460.0,9.661302859960635,77.6
13.24,98430.0,9.928288738930203,80.35
13.02,98380.0,9.714054721888473,80.35
13.05,98350.0,9.205788056731553,77.5
13.02,98340.0,9.176700803638514,77.5
13.48,98340.0,9.105355786713806,74.85
14.29,98360.0,10.43696665412164,77.65
15.16,98340.0,11.844873545311627,80.6
15.93,98350.0,12.604250279520805,80.65
16.92,98350.0,13.055613857758567,78.0
18.06,98340.0,13.131116270460764,72.95
18.62,98340.0,12.604002327996705,68.05
19.08,98350.0,12.517149655426566,65.75
19.32,98350.0,13.282756375517595,68.1
19.03,98340.0,13.006212885771989,68.1
18.63,98340.0,12.066706503415338,65.65
18.43,98380.0,10.816302023174732,61.2
18.01,98400.0,10.927887002393993,63.3
17.45,98440.0,10.374740555653283,63.2
16.63,98420.0,10.098905707294334,65.35
15.94,98460.0,10.470852953299891,70.0
15.25,98480.0,10.324699690523278,72.45
14.47,98490.0,11.144720915315903,80.45
13.86,98520.0,11.083466085142579,83.35
13.09,98490.0,10.852672648560738,86.3
12.08,98470.0,10.380187141706518,89.35
11.37,98450.0,10.2054835289019,92.55
11.25,98430.0,10.086602747983198,92.55
11.73,98390.0,10.562122658189853,92.55
12.87,98360.0,11.699631471044723,92.6
15.11,98380.0,11.79617587692221,80.6
16.3,98380.0,12.983571779900126,80.75
17.44,98380.0,13.039645255533513,75.4
19.34,98350.0,13.301827799995003,68.1
20.74,98310.0,12.55989223034216,59.5
21.88,98270.0,13.143632319686409,57.65
22.83,98170.0,13.555705432521039,55.9
23.78,98150.0,13.427116637665998,52.35
23.99,98100.0,13.62081045262959,52.35
24.41,98070.0,14.052328587806887,52.5
24.47,98020.0,14.643736317833538,54.35
24.31,97990.0,15.560374801539579,58.2
23.11,97950.0,17.611537094307323,71.25
21.81,97850.0,15.771051451880767,68.6
20.6,97850.0,15.107086293431243,70.8
19.97,97800.0,15.544732283364075,75.7
19.44,97800.0,15.559300005050195,78.3
20.46,97800.0,14.950995599766964,70.7
20.25,97800.0,14.749859068260779,70.7
17.91,97770.0,15.118375474642662,83.75
18.25,97720.0,14.930842445671772,81.0
18.87,97690.0,15.534847426645765,81.0
18.93,97630.0,15.593297507800543,81.0
19.28,97630.0,15.943920019027326,81.05
20.65,97650.0,16.773205521903336,78.5
20.7,97670.0,17.904336910430114,84.05
21.73,97690.0,18.3894366487937,81.35
22.21,97750.0,17.791903770080296,76.1
20.62,97810.0,17.826058344681478,84.05
20.09,97810.0,17.827630072160837,86.85
22.09,97780.0,17.675947840763275,76.1
23.82,97720.0,17.230885467821608,66.65
24.26,97680.0,17.12921741393557,64.5
24.32,97690.0,16.6505969544689,62.35
23.99,97670.0,16.84921651621658,64.4
23.63,97660.0,16.508582450149834,64.4
22.97,97620.0,16.912064954771047,68.75
22.42,97590.0,16.90589077711235,71.05
20.86,97580.0,16.435513981449873,75.85
19.8,97540.0,15.91851067874673,78.35
19.25,97520.0,15.91469383084235,81.05
19.16,97480.0,15.287683164263006,78.3
19.52,97440.0,14.577670974459796,73.15
20.04,97420.0,14.548715553617965,70.7
20.3,97370.0,14.79774935199686,70.7
20.09,97300.0,15.136593788884609,73.2
19.62,97300.0,15.206643080354159,75.7
19.97,97330.0,16.083422591354715,78.35
21.16,97350.0,16.197929233755303,73.35
22.53,97250.0,18.101110683549905,76.1
23.57,97250.0,17.530558967247252,68.95
23.27,97290.0,17.764859903582863,71.25
22.55,97280.0,18.120435685919677,76.1
22.95,97270.0,17.43593726647401,71.15
24.75,97200.0,17.08111219301211,62.45
24.34,97190.0,16.66944323551406,62.35
23.26,97320.0,17.211740750509268,68.85
20.69,97380.0,17.346746711654678,81.2
21.39,97360.0,18.04833433383362,81.3
21.12,97360.0,17.23927413192779,78.55
19.89,97460.0,16.54787753611322,81.1
18.53,97530.0,15.203623587603271,81.0
17.72,97600.0,14.93250144311614,83.75
16.99,97690.0,15.275184066439133,89.65
16.29,97760.0,14.58456568853967,89.65
16.23,97820.0,14.525368638233145,89.65
16.16,97830.0,14.456305175523216,89.65
15.77,97860.0,14.597543823366381,92.75
15.34,97880.0,14.704874401214187,96.0
15.49,97910.0,13.786660883061073,89.6
15.18,97960.0,14.012983138412832,92.75
14.91,98010.0,13.737163399167148,92.7
15.42,98060.0,14.250772054491,92.75
16.67,98020.0,14.959475979517165,89.65
17.61,98050.0,15.363792345681649,86.7
18.65,98050.0,14.783009661531645,78.25
18.26,98100.0,13.862194543719806,75.55
18.55,98130.0,14.686003297010771,78.25
19.7,98100.0,14.212102783570248,70.65
20.37,98060.0,12.716945099646514,61.5
20.67,98030.0,11.423899760346034,55.45
19.79,98070.0,11.605209350512895,59.25
19.6,98080.0,10.895862220978723,57.2
19.21,98100.0,10.505521464168057,57.1
18.46,98130.0,9.766166511430212,56.95
16.56,98180.0,12.169501040366804,75.3
15.88,98210.0,12.555552817006863,80.65
14.98,98260.0,12.735505846142676,86.45
14.49,98290.0,11.717788044799027,83.45
14.14,98350.0,11.90155773207889,86.4
13.95,98360.0,11.706147217101773,86.35
13.69,98350.0,11.98526541062989,89.45
13.31,98340.0,12.143735275069659,92.65
13.28,98350.0,12.114013388198826,92.65
13.11,98380.0,11.404643855328228,89.4
13.05,98450.0,11.345456912494543,89.4
13.41,98500.0,11.700575681343148,89.4
14.01,98550.0,11.239225026330258,83.4
14.86,98570.0,12.07969242825468,83.45
15.46,98600.0,12.675686206430695,83.5
16.56,98630.0,12.706450933638225,78.0
17.2,98660.0,12.807848581946395,75.4
17.54,98670.0,12.620479874720955,72.9
17.9,98690.0,12.96672684997159,72.9
18.23,98700.0,12.2320813152871,68.05
18.21,98730.0,11.140766545879659,63.4
16.46,98800.0,11.52963516918911,72.65
16.44,98810.0,11.510403560288871,72.65
16.43,98850.0,11.500787733821024,72.65
15.94,98900.0,11.008837445153564,72.55
15.41,98950.0,11.018702604167734,75.1
14.49,98980.0,10.110358156159226,75.0
14.16,99000.0,10.310910775777964,77.65
13.61,99030.0,9.76796591737413,77.6
13.03,99030.0,9.723792739302054,80.35
12.47,99030.0,9.705996095706409,83.25
11.95,99030.0,10.243567099358316,89.3
11.33,99020.0,10.165856661438115,92.55
10.89,99010.0,9.72189821656394,92.5
11.32,99010.0,10.155949935273885,92.55
13.28,99040.0,10.498168059432123,83.25
14.56,99060.0,11.25111587162377,80.55
16.04,99030.0,10.588022141864673,70.1
17.34,99020.0,9.19453377702853,58.8
18.39,99010.0,8.109624593779055,51.15
19.1,98970.0,7.71930131587897,47.65
19.65,98940.0,7.7353542048435395,46.1
20.02,98890.0,8.071864778664322,46.1
20.21,98860.0,7.223157962144452,43.0
20.28,98870.0,7.821593480790823,44.6
20.0,98830.0,9.120054972115383,49.55
19.84,98770.0,10.584277513326795,55.2
19.06,98740.0,11.968310211933089,63.5
18.01,98690.0,10.951659409151448,63.4
15.55,98680.0,10.633843257972948,72.55
14.27,98660.0,10.949958763272356,80.45
13.67,98660.0,10.356328754464833,80.4
13.24,98640.0,10.459049786551482,83.25
12.8,98600.0,10.028739663171267,83.25
11.9,98570.0,9.657828872710363,86.15
11.35,98490.0,9.109040135906218,86.1
11.31,98450.0,9.069756683109738,86.1
11.32,98400.0,9.07957755695353,86.1
12.31,98380.0,10.069166447983667,86.2
15.9,98350.0,10.970377534696691,72.55
18.03,98310.0,11.497004824308917,65.65
19.77,98260.0,13.195587264302922,65.85
21.3,98200.0,13.11069743277915,59.6
22.56,98160.0,12.228742311604101,52.1
23.52,98100.0,12.621706166934052,50.45
24.34,98060.0,12.372335953748658,47.25
24.98,98000.0,12.462366857861772,45.75
25.42,97950.0,12.36980602856928,44.3
25.59,97910.0,12.034519361122232,42.9
25.43,97880.0,12.920541459978926,45.9
24.73,97900.0,13.839148336032784,50.8
23.39,97920.0,14.647283517309333,58.0
21.55,97940.0,13.370871210351595,59.7
20.02,98030.0,14.518594998921127,70.65
18.86,98100.0,14.986719310969109,78.25
18.21,98170.0,14.35617311780418,78.25
17.75,98210.0,14.424583570024486,80.9
17.31,98240.0,13.986414645513328,80.85
16.67,98310.0,13.353469554800729,80.8
15.74,98370.0,12.95871955153565,83.55
14.9,98450.0,12.656920553429561,86.45
14.29,98500.0,11.513091229308092,83.4
13.99,98570.0,10.67728490615922,80.45
14.09,98670.0,10.243033709854696,77.65
15.24,98760.0,10.854548304862018,75.1
16.43,98810.0,10.426729735390078,67.65
17.69,98810.0,9.547821687568764,58.9
18.6,98830.0,9.364089738874066,54.95
19.23,98840.0,9.452860655299721,53.15
19.23,98850.0,9.452860655299721,53.15
19.75,98860.0,9.43487799392135,51.4
19.95,98840.0,9.61916672033942,51.4
20.14,98850.0,8.74639090721516,47.9
20.05,98860.0,8.664167863733448,47.9
19.74,98860.0,9.9528292178309,53.25
18.95,98890.0,13.45013136142624,70.45
19.09,98870.0,11.462287887998041,61.3
18.9,98910.0,10.71995774997676,59.05
17.89,98930.0,10.271133412413723,61.05
17.11,98960.0,10.053323505173944,63.2
16.69,98960.0,10.155863375999122,65.35
16.32,98930.0,10.321864301939959,67.65
15.79,98900.0,10.327250170858674,70.0
15.16,98860.0,10.23816982761339,72.45
14.72,98840.0,10.332435444042469,75.0
13.69,98840.0,9.845538153426613,77.6
13.29,98850.0,10.507947606057831,83.25
15.61,98850.0,12.292582168867417,80.65
18.08,98870.0,12.616958560324413,70.45
19.62,98850.0,12.521769018453588,63.6
20.94,98830.0,11.67491156150462,55.45
21.88,98800.0,10.99530983125253,50.05
22.6,98750.0,10.659351065963003,46.85
23.27,98680.0,10.778828941492442,45.35
23.88,98600.0,10.841809965465469,43.9
24.25,98530.0,10.687760579658548,42.5
24.39,98510.0,11.353721459262083,44.05
24.31,98460.0,11.281480791778453,44.05
23.68,98420.0,13.334877158070153,52.35
22.43,98380.0,14.22200405590629,59.8
20.84,98340.0,13.723577581856267,63.8
18.74,98330.0,13.249031768275835,70.45
17.03,98310.0,12.643654720860598,75.4
15.77,98270.0,11.910960374671987,77.85
15.17,98190.0,11.319364751727996,77.8
14.82,98130.0,10.97025143942534,77.75
14.45,98090.0,11.125244883435316,80.45
14.18,98040.0,10.330304117274705,77.65
14.09,98000.0,10.7746693432159,80.45
14.23,97980.0,10.91100584399463,80.45
16.09,98060.0,11.705512782349563,75.25
18.2,98160.0,12.731886143746511,70.45
19.28,98280.0,14.325632789686091,73.05
20.25,98380.0,12.603955201435195,61.5
20.49,98450.0,12.287027683457627,59.35
20.6,98540.0,11.358819562026424,55.45
20.54,98610.0,10.23538749854757,51.65
20.4,98670.0,9.531967058678449,49.7
20.33,98700.0,8.919964558584288,47.9
20.36,98720.0,8.413019531307542,46.2
20.34,98740.0,8.394828415211876,46.2
20.21,98770.0,7.758190300555044,44.6
19.84,98800.0,8.441456682749616,47.8
18.87,98850.0,8.55182698619481,51.15
17.82,98830.0,7.541387457459836,51.0
16.76,98910.0,7.5602019722671,54.6
15.87,98950.0,7.729044533530925,58.45
15.14,98990.0,7.549139665167082,60.5
14.51,99020.0,7.4665956192435505,62.65
13.88,99040.0,8.424397224749466,69.65
12.88,99040.0,9.031387983032465,77.45
12.04,99050.0,8.732033306712085,80.2
11.15,99060.0,8.379441527968785,83.05
10.41,99100.0,8.7079105314916,89.2
11.11,99120.0,8.873337715966533,86.1
13.66,99160.0,8.744677279483795,72.2
14.1,99180.0,8.656164865309062,69.75
14.75,99200.0,8.759133504023696,67.35
15.95,99190.0,8.347673455627165,60.65
16.97,99190.0,8.284413585096384,56.6
17.45,99160.0,7.69445344775595,52.75
18.49,99130.0,8.201755579772788,51.15
18.8,99100.0,7.944652543409985,49.3
18.85,99040.0,7.46019632149455,47.55
18.56,99030.0,7.1953611408000295,47.55
16.4,98960.0,7.172130330645006,54.4
16.08,98950.0,7.394386770236066,56.37
15.75,98960.0,7.5915243317244805,58.35
15.43,98910.0,7.780665309655136,60.33
15.1,98920.0,7.941691591452122,62.3
14.77,98890.0,8.089681317306216,64.28
14.45,98880.0,8.230334258690931,66.25
14.12,98830.0,8.349942064413957,68.23
13.8,98790.0,8.463881314499547,70.2
13.47,98750.0,8.557940004440688,72.18
13.15,98690.0,8.647758940639099,74.15
12.82,98630.0,8.718677834386794,76.13
12.49,98600.0,8.778781624793686,78.11
12.17,98570.0,8.836439023137189,80.08
11.84,98550.0,8.876399499409155,82.06
11.52,98530.0,8.91492184905397,84.03
18.29,98480.0,11.743883936596333,65.65
20.02,98430.0,12.8999889952538,63.6
21.35,98360.0,13.157585241523996,59.6
22.71,98290.0,12.913899817647446,54.0
23.71,98230.0,12.288925676215392,48.8
24.1,98180.0,11.614375075561345,45.6
24.33,98140.0,11.822951393086012,45.6
24.65,98090.0,11.622820893312262,44.15
24.38,98030.0,12.408765443127985,47.25
24.08,97990.0,13.211694577481522,50.7
22.77,97960.0,15.646100179188664,64.2
23.16,97920.0,13.890171357073777,56.0
21.34,97930.0,14.220616292339699,63.9
18.62,97890.0,14.209921654778748,75.55
17.51,97860.0,13.117409733848353,75.45
18.13,97840.0,13.198443900066087,72.95
17.8,97810.0,13.397507397249006,75.45
15.67,97770.0,12.890247290314946,83.55
13.8,97730.0,12.093778275379055,89.45
13.36,97680.0,12.193271679832698,92.65
13.27,97660.0,11.562474761557047,89.4
14.35,97640.0,12.644864124804014,89.5
17.9,97630.0,14.570702510036588,80.9
20.25,97690.0,15.825530250180435,75.75
22.22,97690.0,16.185047585943355,68.7
23.49,97710.0,15.818089787304068,62.15
24.36,97700.0,15.607090838456642,58.2
24.97,97700.0,16.217399217419196,58.35
25.34,97710.0,15.506996221594033,54.55
24.85,97720.0,15.024363113548127,54.45
23.97,97750.0,15.757374584706811,60.15
23.44,97790.0,15.234155807097357,60.05
22.65,97820.0,15.001584580742971,62.05
21.59,97850.0,15.017699678074317,66.25
20.21,97910.0,15.252025488510137,73.2
18.82,97960.0,15.486138754226085,81.0
17.94,98010.0,15.147723730062928,83.75
17.28,98050.0,15.03059371103152,86.65
16.79,98110.0,15.077867138067726,89.65
16.15,98140.0,14.44643894569844,89.65
15.67,98180.0,13.964246275584689,89.6
15.22,98180.0,14.052614769075785,92.75
14.85,98190.0,13.67771918521112,92.7
14.53,98220.0,12.82243607964925,89.5
14.28,98230.0,12.575807901218111,89.5
14.04,98260.0,12.339041736063308,89.5
14.19,98300.0,11.95067276046451,86.4
14.5,98330.0,12.792840872992858,89.5
14.73,98360.0,12.489925338770016,86.45
15.03,98400.0,12.25508482012424,83.5
15.48,98400.0,12.156532644087333,80.6
16.78,98390.0,10.782593041834202,67.75
18.36,98350.0,10.213803882916721,59.05
19.47,98350.0,10.748193266253063,57.1
20.17,98330.0,9.850882644190644,51.5
20.4,98320.0,9.531967058678449,49.7
20.23,98330.0,8.828611414283202,47.9
19.8,98360.0,8.936580233169943,49.55
18.99,98380.0,9.726468581590636,54.95
18.2,98430.0,8.992377845965544,54.95
16.88,98470.0,8.738238300765651,58.7
15.75,98520.0,9.217915602024688,65.15
14.61,98550.0,9.165596826796703,69.85
13.48,98580.0,9.105355786713806,74.85
12.52,98600.0,9.21789553066609,80.3
11.9,98620.0,9.121741313463067,83.1
11.37,98640.0,9.128681819725838,86.1
11.02,98640.0,8.784948254647368,86.1
10.55,98670.0,8.314784868381725,86.05
11.22,98710.0,9.523498140212972,89.3
14.25,98770.0,10.93048232400327,80.45
16.32,98800.0,12.463891367419867,77.95
17.95,98830.0,12.470793161286396,70.35
18.99,98840.0,11.878206367400697,63.4
19.83,98850.0,11.110557711400432,57.2
20.35,98860.0,10.016760224662859,51.5
20.72,98860.0,9.855574039119437,49.8
21.09,98840.0,9.17296306287597,46.5
21.06,98840.0,9.14566224541579,46.5
21.11,98820.0,8.65586060330921,44.85
20.86,98830.0,9.450599347752462,48.05
20.6,98850.0,9.213028429191878,48.05
19.57,98870.0,11.398967665543484,59.25
18.28,98860.0,10.675084794046489,61.2
16.87,98910.0,10.326732241497538,65.35
16.46,98940.0,9.91464705293188,65.25
16.25,98960.0,9.181358457040377,62.95
16.4,98970.0,8.795462376565514,60.75
16.36,98950.0,8.757820560765206,60.75
15.94,98940.0,8.864819097992374,62.85
15.56,98940.0,8.505708289131732,62.85
14.16,98950.0,8.713598252602129,69.75
12.39,98960.0,8.53722535994321,77.35
12.46,98990.0,9.678297002275432,83.15
15.44,98990.0,11.047670612801916,75.1
17.57,99000.0,11.580352960473752,67.95
19.33,98990.0,12.223594014606839,63.5
20.92,99000.0,11.65631873856517,55.45
22.01,98990.0,10.04216122701066,46.6
22.59,98990.0,9.591809764934986,43.65
23.14,98960.0,9.601578588665333,42.25
23.46,98940.0,9.350579303374117,40.75
23.76,98910.0,9.136871723525987,39.45
23.8,98910.0,9.172522240269386,39.45
23.62,98880.0,9.012090110413421,39.45
23.07,98890.0,10.059240476640012,43.75
21.75,98880.0,10.875981049671847,50.05
20.42,98870.0,11.150594656024756,55.3
18.36,98920.0,10.750401261456577,61.2
16.73,98940.0,10.734921780386076,67.75
15.49,98960.0,11.105986535676463,75.15
15.2,98960.0,11.348457992076874,77.8
15.7,98960.0,11.308774236645213,75.15
15.49,98940.0,11.105986535676463,75.15
14.26,98920.0,11.483748742648311,83.4
13.35,98920.0,11.108051997368573,86.3
12.91,98920.0,11.207353297091908,89.4
13.2,98940.0,11.493423908557515,89.4
16.56,98950.0,13.246318658241057,80.8
19.09,98950.0,14.684396688795454,75.65
20.91,98950.0,14.867003402837094,68.4
22.53,98930.0,14.315791792530693,59.8
23.62,98930.0,12.743786697230487,50.55
24.33,98910.0,11.822951393086012,45.6
24.94,98890.0,11.884721248459513,44.15
25.28,98850.0,11.702517024646339,42.75
25.27,98830.0,11.153520677795658,41.25
25.24,98810.0,11.126654920916511,41.25
24.89,98790.0,11.839568065918256,44.15
24.26,98770.0,12.299475451131697,47.25
22.94,98770.0,12.579151900942529,52.1
21.39,98740.0,11.047953709400002,51.75
20.05,98770.0,10.267792534948116,53.35
18.94,98780.0,11.296403826626662,61.2
18.09,98780.0,11.027303243676922,63.4
17.45,98790.0,11.981178221581555,70.3
16.85,98760.0,12.449566698387807,75.3
16.34,98740.0,13.022533974670417,80.75
15.79,98710.0,13.007628055417243,83.55
15.23,98680.0,12.989933526948585,86.5
14.68,98690.0,12.970411398030674,89.5
14.95,98660.0,13.776792802300427,92.7
17.6,98670.0,14.278462396104239,80.9
20.4,98700.0,15.434788123252163,73.2
22.29,98700.0,15.706209396574629,66.35
23.94,98690.0,15.187864035129945,58.1
25.12,98660.0,13.163492689938174,47.5
25.9,98640.0,12.855016696479822,44.45
26.53,98610.0,12.391944729478125,41.55
26.79,98580.0,12.140567273972685,40.25
26.81,98540.0,11.621185174802807,38.85
26.63,98530.0,11.461257489945092,38.85
26.11,98520.0,12.015655847571498,41.55
25.42,98490.0,12.911469661774886,45.9
24.12,98500.0,12.710727978979476,48.95
23.41,98500.0,11.444963173563382,47.0
22.51,98560.0,11.618829558056374,50.2
21.48,98560.0,11.661825463693754,53.6
20.64,98580.0,11.932741379011254,57.45
19.7,98590.0,12.597415608732327,63.6
18.85,98570.0,12.8233279091318,68.05
17.93,98540.0,13.523064862319819,75.45
17.12,98500.0,13.269243576100784,78.1
16.58,98460.0,13.26580072930685,80.8
16.09,98460.0,13.310256671055527,83.6
16.49,98470.0,14.236594027127751,86.55
18.15,98470.0,14.297966421994426,78.25
20.64,98510.0,16.222975758570954,75.85
22.63,98520.0,16.052817571832907,66.45
24.39,98520.0,16.177483387395437,60.25
25.63,98500.0,14.742067621743654,51.05
26.05,98490.0,14.059335745231774,47.65
26.46,98460.0,13.938520893255458,46.15
26.71,98450.0,13.130965127379676,43.15
26.69,98400.0,12.571949007952144,41.65
26.25,98390.0,12.14109258714336,41.55
25.18,98390.0,12.693736670157284,45.9
24.06,98440.0,13.685372320342116,52.35
22.99,98450.0,14.24691784384265,57.9
21.72,98480.0,15.141191334899432,66.25
20.6,98510.0,15.107086293431243,70.8
19.59,98520.0,16.255607366701526,81.1
18.99,98520.0,16.728643504542433,86.75
18.62,98500.0,16.36512933502868,86.75
17.71,98490.0,15.462040155152595,86.7
17.26,98470.0,15.550269489532711,89.7
16.85,98430.0,15.675982684347183,92.8
16.94,98430.0,15.765154270257598,92.8
17.71,98450.0,15.462040155152595,86.7
17.68,98480.0,15.432565883408982,86.7
18.23,98490.0,15.981955756464847,86.75
18.72,98560.0,16.999504618703313,89.75
19.23,98570.0,16.428399468430722,83.85
19.73,98580.0,16.392001211633048,81.1
20.22,98570.0,15.796550512093004,75.75
21.37,98550.0,15.866743413991882,70.9
22.61,98520.0,14.429609052419131,59.95
23.67,98480.0,13.85988504762692,54.2
24.04,98450.0,13.666926212075658,52.35
24.28,98400.0,12.857083342253176,48.95
24.11,98370.0,12.162856532101344,47.25
23.71,98350.0,12.288925676215392,48.8
22.68,98360.0,12.886114323106595,54.0
21.12,98380.0,14.547787496577858,66.15
20.62,98390.0,13.515517211235117,63.8
20.08,98390.0,13.513274719583356,65.95
19.3,98400.0,13.807136754776968,70.55
18.43,98380.0,13.486982839766222,72.95
17.82,98350.0,13.416824073634155,75.45
17.49,98310.0,13.087935282539558,75.4
17.94,98290.0,11.933181331137462,67.95
18.21,98270.0,11.140766545879659,63.4
17.89,98260.0,11.341031277172824,65.55
17.7,98250.0,11.160639818855667,65.55
18.0,98250.0,15.206420015191561,83.75
20.12,98250.0,15.165451907378994,73.2
21.68,98250.0,15.103194236332032,66.25
22.67,98260.0,15.551494417395725,64.2
23.52,98250.0,15.846353200419397,62.15
23.94,98230.0,16.26727905203575,62.25
24.26,98230.0,16.055500876137383,60.25
24.47,98120.0,15.709864023856433,58.2
23.4,98160.0,16.266522918167706,64.3
21.19,98180.0,17.307190445215976,78.55
20.4,98160.0,17.591887686291244,83.95
20.34,98150.0,17.533186028143003,83.95
19.5,98160.0,18.31866404861694,92.9
18.31,98250.0,16.594983755907403,89.75
17.5,98270.0,16.328460242187514,92.85
16.82,98270.0,16.185608289987016,96.05
16.36,98300.0,15.727896472529483,96.05
16.27,98290.0,15.638343678075758,96.05
16.22,98300.0,15.051773439864592,92.8
15.74,98290.0,14.567820702467737,92.75
15.04,98300.0,13.874271975442102,92.75
14.68,98290.0,13.509293200346578,92.7
14.82,98310.0,14.18747883673223,96.0
14.94,98300.0,14.306878286894985,96.0
16.09,98330.0,13.843649146407698,86.55
17.32,98360.0,15.069891018234763,86.65
17.7,98390.0,14.375876760265614,80.9
18.1,98420.0,13.707643766469111,75.55
18.25,98450.0,13.852535217401705,75.55
18.73,98450.0,14.86061393115724,78.25
19.81,98480.0,15.390179176412541,75.7
20.75,98450.0,15.792810669401062,73.3
21.04,98440.0,15.550605904938466,70.9
21.09,98420.0,15.598506627251139,70.9
20.87,98420.0,15.365719202381312,70.8
20.32,98450.0,14.816905354648952,70.7
19.81,98470.0,14.856627643079158,73.15
18.83,98510.0,14.412754708782701,75.55
18.33,98560.0,13.390804642597535,72.95
17.83,98560.0,13.42648239228605,75.45
17.48,98580.0,13.618437927330357,78.1
16.83,98580.0,13.509323247414706,80.8
16.4,98570.0,13.613498988978982,83.6
15.87,98540.0,13.618633358386232,86.5
15.5,98580.0,13.255169704588061,86.5
15.24,98580.0,13.531428976183829,89.55
15.22,98590.0,13.511698246970072,89.55
15.25,98600.0,13.009580823206477,86.5
15.53,98600.0,12.214663529854864,80.65
16.92,98640.0,13.596989826131143,80.8
17.41,98630.0,12.474511511387295,72.8
18.26,98600.0,12.260691567076849,68.05
19.3,98550.0,12.726043155652754,65.75
20.71,98520.0,13.061950825098549,61.6
21.07,98490.0,12.895006139703098,59.6
20.61,98460.0,12.967781464489942,61.6
19.13,98460.0,14.18135917115715,73.05
17.67,98460.0,15.422741112618727,86.7
17.42,98400.0,15.708130139440547,89.7
17.19,98370.0,15.48120503740216,89.7
16.95,98300.0,15.775062206295699,92.8
17.03,98250.0,15.323342477560558,89.7
16.75,98250.0,15.038403502012045,89.65
16.34,98270.0,15.170671537499127,92.8
15.91,98230.0,14.736251290572433,92.75
15.47,98260.0,14.3003111498305,92.75
15.03,98250.0,13.864364008107763,92.75
14.81,98230.0,13.63808963640285,92.7
14.49,98200.0,13.321051148197908,92.7
14.53,98180.0,13.360681163171552,92.7
14.41,98210.0,13.779528570645185,96.0
14.43,98230.0,13.799428660609513,96.0
14.48,98260.0,13.311143635349623,92.7
15.07,98310.0,13.36371710604628,89.55
15.59,98350.0,12.273102569540937,80.65
16.83,98370.0,10.830263861802525,67.75
18.13,98360.0,9.458172720767914,56.95
19.2,98350.0,9.948739864032357,55.05
19.47,98340.0,10.199634492814925,55.05
19.6,98310.0,10.361210762107401,55.2
20.19,98260.0,9.869313944085054,51.5
20.04,98230.0,10.258537163709077,53.35
19.53,98230.0,11.361467973751406,59.25
19.14,98270.0,11.50936132382406,61.3
18.27,98270.0,11.19749709469849,63.4
17.09,98320.0,11.100383849556971,67.85
16.41,98360.0,11.481556036849701,72.65
15.5,98400.0,11.115643224943547,75.15
14.4,98420.0,11.620679688358155,83.4
13.56,98450.0,11.323065834683781,86.35
12.77,98470.0,11.069248633372638,89.4
12.37,98490.0,11.204286770568853,92.6
11.93,98470.0,10.76025342501742,92.55
11.57,98460.0,9.868740274245273,89.3
11.04,98470.0,9.87856009262415,92.55
11.26,98510.0,10.09650950018271,92.55
13.37,98540.0,11.661118382657232,89.4
15.12,98610.0,12.343118968764436,83.5
16.23,98650.0,12.376602618366872,77.95
17.32,98650.0,11.319692597021575,67.85
18.15,98650.0,10.016947925721759,59.05
18.82,98640.0,9.56851345906303,54.95
19.3,98610.0,8.97685785849474,51.25
19.8,98610.0,8.936580233169943,49.55
19.86,98590.0,8.991623917359405,49.55
19.84,98580.0,8.973276142871391,49.55
19.75,98570.0,9.43487799392135,51.4
19.39,98600.0,10.673526791927664,57.1
19.24,98600.0,9.462114048270411,53.15
19.02,98570.0,10.288761015245768,56.95
18.24,98600.0,9.560840310228217,56.95
16.12,98620.0,10.131194383089937,67.65
14.41,98600.0,10.553324161319846,77.65
13.66,98610.0,10.346590660492986,80.4
13.12,98640.0,9.811434435101152,80.35
12.25,98610.0,10.010237058211585,86.2
11.76,98570.0,10.056154661752378,89.3
11.59,98570.0,9.888468196333683,89.3
11.12,98550.0,9.424856315131503,89.3
11.17,98550.0,10.007348596490923,92.55
14.05,98570.0,11.813150244154427,86.4
17.3,98590.0,12.904431443300656,75.4
19.41,98600.0,13.3685772366373,68.1
20.92,98580.0,13.259699461162715,61.6
22.13,98560.0,12.877203413180121,55.8
23.14,98550.0,12.272731319743158,50.45
23.95,98520.0,12.508403662970561,48.8
24.58,98470.0,12.099555022050543,45.75
24.96,98450.0,12.44422751663206,45.75
25.03,98420.0,12.507714635066897,45.75
24.8,98380.0,12.839700531136348,47.4
24.11,98370.0,13.77555750713024,52.5
22.62,98370.0,14.43899040529703,59.95
20.57,98360.0,14.001986742742725,66.05
18.39,98370.0,13.448511734823104,72.95
16.85,98380.0,12.987722240554307,78.0
15.73,98370.0,12.409458918861851,80.65
14.9,98380.0,12.11881652727013,83.45
14.14,98360.0,11.90155773207889,86.4
13.56,98350.0,11.323065834683781,86.35
13.21,98310.0,11.503288332174128,89.4
12.87,98300.0,11.167894928715151,89.4
12.43,98290.0,11.263728622165107,92.6
12.76,98280.0,11.05938397442108,89.4
15.8,98300.0,13.549870686745196,86.5
20.6,98340.0,15.107086293431243,70.8
22.47,98330.0,15.33796077295409,64.1
24.1,98320.0,15.364160944383016,58.2
25.46,98320.0,15.618190297645217,54.55
26.54,98290.0,15.624109720825665,51.2
27.31,98280.0,15.321206334445732,48.0
27.64,98250.0,14.056909087011235,43.4
27.48,98240.0,14.403453569937854,44.8
27.4,98230.0,14.33114787483162,44.8
26.94,98190.0,14.407564972470635,46.25
25.94,98160.0,15.567254141226483,52.85
24.48,98160.0,15.719206897817394,58.2
22.74,98130.0,16.15732841668579,66.45
20.91,98180.0,15.94672995762385,73.3
19.71,98200.0,15.831203043254895,78.35
19.11,98250.0,15.239179217555241,78.3
18.36,98280.0,15.03800738874051,81.0
17.32,98270.0,15.069891018234763,86.65
16.96,98230.0,15.245586660197805,89.65
16.39,98220.0,15.220212258917044,92.8
16.19,98190.0,15.022048834669295,92.8
15.62,98190.0,14.448927893418622,92.75
15.62,98210.0,14.448927893418622,92.75
17.55,98230.0,15.845117248126115,89.75
19.54,98230.0,16.741072777637438,83.9
20.91,98240.0,17.56108811459136,81.2
22.45,98210.0,16.934632288205066,71.05
23.6,98180.0,15.41021992971395,60.15
24.16,98150.0,15.420223118230599,58.2
24.72,98100.0,15.438181261500016,56.35
25.41,98040.0,16.121888374532983,56.5
25.37,98000.0,16.61814285705555,58.45
24.87,97950.0,16.653980774580603,60.35
22.63,97960.0,17.665998562111742,73.6
21.84,97960.0,17.95807101129541,78.65
21.2,97960.0,17.863202102991927,81.3
20.9,98020.0,15.394455482514058,70.8
20.17,98110.0,13.598747017061758,65.95
19.15,98230.0,12.05340646047563,63.5
18.07,98340.0,11.534987060919473,65.65
17.17,98400.0,12.24370380694896,72.8
16.41,98460.0,12.55117917752414,77.95
15.78,98490.0,11.920658190048714,77.85
15.17,98550.0,11.319364751727996,77.8
14.71,98590.0,11.397205452605869,80.55
14.29,98640.0,11.513091229308092,83.4
13.86,98710.0,11.617744760865326,86.35
14.76,98760.0,11.445901473182937,80.55
15.86,98800.0,12.53607376150694,80.65
17.25,98840.0,11.789656623432744,70.3
18.6,98870.0,10.97634227242348,61.2
19.75,98880.0,10.50062923260992,55.2
20.68,98900.0,10.36443471749822,51.65
21.24,98900.0,9.309462778179668,46.5
21.7,98900.0,9.2234605778816,44.95
22.05,98900.0,9.01914556803577,43.4
21.93,98870.0,8.910881110622752,43.4
21.73,98840.0,9.250643967205905,44.95
21.28,98840.0,10.41452364164592,49.95
19.83,98850.0,13.791661772331363,68.2
19.49,98870.0,10.766859638667114,57.1
19.12,98930.0,9.874397067533156,55.05
17.82,98940.0,9.669662693613011,58.9
16.58,98970.0,9.516861299087827,63.05
15.65,98960.0,9.661040917362646,67.55
14.54,99000.0,9.631754473135741,72.4
13.89,99000.0,10.039465440329247,77.6
13.38,98990.0,9.525740798454098,77.5
13.07,98980.0,9.225179499513827,77.5
12.89,98970.0,9.57818730201893,80.3
12.6,98990.0,9.295797645678505,80.3
14.45,99000.0,11.669583191200655,83.4
17.94,99010.0,12.461217208835519,70.35
20.16,99030.0,13.056420927626627,63.7
22.04,99040.0,12.752360378848254,55.65
23.44,99030.0,12.010829345786961,48.7
24.53,99020.0,12.004307897951428,45.6
25.4,98970.0,12.351740676638283,44.3
26.11,98960.0,12.015655847571498,41.55
26.57,98940.0,12.969452723028684,43.05
26.74,98900.0,13.157962734325682,43.15
26.59,98870.0,13.512874252886352,44.55
25.73,98850.0,14.833967716640498,51.05
23.95,98830.0,14.66643824724171,56.15
22.27,98840.0,13.53444911465488,57.75
20.77,98880.0,13.118451406059544,61.6
19.47,98910.0,13.42579035973318,68.1
18.33,98920.0,12.85638842671307,70.45
17.43,98930.0,13.029987210960858,75.4
16.78,98930.0,12.919830056793447,78.0
16.37,98900.0,13.5841533128278,83.6
16.04,98850.0,12.730313608300094,80.75
15.81,98850.0,13.027191397672498,83.55
15.65,98810.0,12.870683710868606,83.55
15.86,98810.0,13.608810140217846,86.5
18.4,98790.0,15.07697616278787,81.0
22.14,98810.0,16.10871887250837,68.7
24.23,98800.0,16.565787647621292,62.35
26.16,98800.0,17.424033892382173,58.7
27.83,98780.0,17.46022137328719,53.35
29.14,98760.0,17.651417345048618,50.05
30.03,98720.0,17.964419995062602,48.5
30.58,98670.0,17.431847148618978,45.45
30.83,98600.0,16.633393859037007,42.6
30.82,98550.0,16.07994513127925,41.15
30.33,98490.0,16.675640508323276,43.95
29.15,98460.0,17.1291762322399,48.4
27.09,98470.0,16.70274168730926,53.1
25.9,98430.0,14.990191254961843,51.05
24.49,98430.0,14.126129981050298,52.5
23.51,98430.0,13.683235303065004,54.1
22.67,98420.0,12.876852438075296,54.0
22.15,98440.0,12.352821830724935,53.85
21.26,98430.0,13.073186773645954,59.6
20.22,98440.0,13.11316031402475,63.7
19.86,98450.0,14.365350922164502,70.65
19.08,98540.0,15.749077091167658,81.05
18.23,98590.0,15.44073592548413,83.8
17.85,98680.0,15.599585950855836,86.7
18.2,98710.0,14.882130713029976,81.0
19.28,98690.0,18.100679499012134,92.9
19.75,98730.0,18.033441400284808,89.85
20.2,98740.0,17.935707415301597,86.85
21.03,98730.0,18.2272304511483,84.05
21.88,98730.0,17.99688331357776,78.65
21.47,98740.0,16.496151556395777,73.35
20.89,98750.0,16.46449598685887,75.85
19.9,98710.0,16.557619722972643,81.1
19.22,98720.0,16.418616358063858,83.85
19.29,98690.0,15.953662062070055,81.05
19.12,98700.0,15.788045991714485,81.05
18.73,98720.0,15.92988635673114,83.8
16.41,98820.0,14.702959225770751,89.65
16.19,98840.0,13.941886394414572,86.55
15.9,98870.0,13.648102971616584,86.5
15.34,98880.0,13.097993315828258,86.5
14.71,98940.0,12.470278711701818,86.45
14.17,98930.0,11.395720820717132,83.4
13.37,98930.0,11.127696367000054,86.3
12.62,98900.0,10.382324364349133,86.25
12.29,98930.0,10.587337481061683,89.35
12.0,98970.0,9.764695205296182,86.2
11.76,99010.0,10.056154661752378,89.3
13.89,99050.0,11.112807465368833,83.35
15.07,99090.0,12.294211193399986,83.5
16.47,99120.0,12.60937052929629,77.95
17.72,99120.0,11.723394381608102,67.95
18.5,99100.0,10.882201714138937,61.2
19.13,99130.0,10.430849869258997,57.1
19.57,99100.0,9.79550544298465,53.25
19.95,99080.0,9.61916672033942,51.4
20.17,99060.0,8.773798024722453,47.9
20.34,99060.0,8.929099700802949,47.9
20.2,99050.0,8.267486947380416,46.2
19.72,99060.0,8.863186970832313,49.55
18.39,99100.0,11.310955987842474,63.4
18.99,99180.0,7.588038274634735,47.55
18.21,99210.0,6.875697070960869,47.55
17.4,99230.0,7.648203462606365,52.75
16.58,99250.0,7.392977925241693,54.6
15.88,99270.0,8.281806070211873,60.65
15.23,99240.0,8.170372934737186,62.75
14.66,99230.0,8.137988319902258,64.95
14.04,99200.0,8.060522541940458,67.25
13.44,99190.0,8.512724568084279,72.1
12.53,99190.0,8.158556552776602,74.7
11.27,99210.0,8.496783744967203,83.05
13.45,99230.0,9.593607902091883,77.5
15.98,99280.0,12.652947490270813,80.65
18.01,99260.0,11.99992994492379,67.95
19.3,99240.0,10.589525125084577,57.1
20.33,99190.0,9.998329839997943,51.5
21.14,99120.0,9.218463777594787,46.5
21.82,99090.0,8.811634282671093,43.4
21.82,99020.0,8.274452750235326,41.85
22.11,98960.0,8.051602614773952,40.5
22.24,98890.0,7.632187812832253,39.05
22.05,98810.0,7.943365488536577,40.35
21.22,98760.0,8.755526710076595,44.85
19.64,98740.0,8.258762351010338,47.8
18.31,98690.0,6.967033613994419,47.55
17.29,98680.0,7.010153594115078,50.85
16.47,98660.0,7.7919423339569995,56.5
15.77,98660.0,7.635361343451702,58.45
15.08,98610.0,7.492687868799061,60.5
14.39,98590.0,7.8591214110516905,64.85
13.72,98520.0,7.733696279604258,67.15
13.29,98480.0,8.368551029946248,72.1
12.96,98420.0,8.573651379992834,74.7
12.69,98360.0,8.847177367996933,77.45
12.69,98330.0,9.383436739300864,80.3
14.09,98270.0,9.714175170664689,74.95
16.13,98250.0,10.674195470016281,70.1
17.97,98200.0,10.890071826348027,63.3
19.69,98160.0,10.9798750461854,57.2
21.24,98130.0,10.909686554300118,51.75
22.57,98060.0,10.63204015116319,46.85
23.65,97980.0,11.173111748180327,45.5
24.47,97920.0,10.885561075198783,42.5
25.01,97860.0,10.884131202262186,41.15
25.25,97830.0,11.135610209771027,41.25
25.13,97800.0,11.028144330391298,41.25
24.27,97780.0,12.308583125075614,47.25
22.4,97750.0,12.584317213227733,53.85
20.31,97750.0,12.118279838475587,59.35
18.12,97760.0,12.127175713844187,68.05
16.92,97740.0,11.982393679882392,72.7
16.03,97750.0,11.647567763266146,75.25
15.23,97740.0,11.913049856871421,80.6
14.69,97750.0,11.377726973477143,80.55
14.27,97720.0,11.493529580089529,83.4
14.06,97720.0,11.288130197334342,83.4
13.6,97720.0,11.36235672014004,86.35
13.15,97710.0,11.444101710247955,89.4
13.14,97730.0,11.434237254540708,89.4
15.65,97760.0,13.402520969587714,86.5
18.99,97820.0,15.651747233596032,81.0
21.41,97840.0,16.438432175402173,73.35
23.03,97880.0,16.969308270494885,68.75
24.09,97900.0,16.433858669495997,62.35
24.26,97870.0,16.594057606053,62.35
24.56,97870.0,17.413098327287823,64.5
24.94,97860.0,17.797288168957788,64.6
25.22,97830.0,17.549414458167327,62.55
25.53,97800.0,17.299497047018207,60.45
25.38,97790.0,16.627488549573126,58.45
21.88,97930.0,17.99688331357776,78.65
20.37,97920.0,18.102734444397402,86.85
20.71,98000.0,16.290602228108355,75.85
19.93,98020.0,17.12262578160517,83.9
19.36,98030.0,17.101261024817653,86.8
19.14,98050.0,17.422713161390046,89.8
18.81,98090.0,17.088300719503287,89.75
18.37,98160.0,16.119506426415917,86.75
17.79,98230.0,16.08192042009795,89.75
17.42,98240.0,15.708130139440547,89.7
17.1,98280.0,15.392407510978964,89.7
16.65,98280.0,14.939744046730015,89.65
16.2,98320.0,15.031957039991587,92.8
16.56,98380.0,14.850950090977605,89.65
17.06,98430.0,14.277573259948445,83.7
17.98,98450.0,13.571355608829329,75.45
19.18,98480.0,13.149254452032993,68.1
20.35,98470.0,12.698113666340584,61.5
21.53,98440.0,12.790241135050726,57.55
22.33,98410.0,12.519500198971546,53.85
22.84,98390.0,12.486942789066775,52.1
22.75,98350.0,12.403952183485872,52.1
22.53,98320.0,13.249201505187017,55.8
22.38,98310.0,13.637179382576964,57.75
21.83,98310.0,14.179080123124331,61.85
20.85,98340.0,15.34656160343326,70.8
19.61,98400.0,15.734193480398348,78.35
18.84,98440.0,16.03749665628945,83.8
18.06,98420.0,15.274420033747301,83.8
17.01,98450.0,14.76533404237213,86.65
15.83,98430.0,14.656989967527679,92.75
15.03,98440.0,13.864364008107763,92.75
14.52,98450.0,13.350773664891062,92.7
14.13,98450.0,13.500926482075327,96.0
13.58,98450.0,12.945694820221128,95.95
13.19,98460.0,13.09775499056389,99.4
13.38,98470.0,13.287615248355173,99.4
15.62,98490.0,14.983469802068626,96.0
19.06,98520.0,16.806506929520122,86.8
21.29,98520.0,17.40421279439729,78.55
22.99,98540.0,16.931146128058735,68.75
23.64,98510.0,15.447751648233634,60.15
24.29,98470.0,14.476972145946025,54.35
24.9,98410.0,14.533823298422437,52.6
25.47,98380.0,14.023965891884865,49.2
25.76,98370.0,13.253275083831618,46.0
25.53,98330.0,13.537010352611926,47.5
25.18,98290.0,13.218157122841838,47.5
24.44,98300.0,14.61594288521415,54.35
22.98,98270.0,15.312468697952271,62.05
21.46,98280.0,15.952959765465087,70.9
19.6,98280.0,14.654625745384603,73.15
18.03,98280.0,13.640026757481776,75.55
17.27,98270.0,13.94745042388635,80.85
16.78,98230.0,13.46061924307855,80.8
16.89,98190.0,13.567767723094962,80.8
16.83,98140.0,13.509323247414706,80.8
16.79,98100.0,13.470360063916981,80.8
17.13,98050.0,13.278943620521899,78.1
17.15,98020.0,13.830556803125774,80.85
17.31,98010.0,13.986414645513328,80.85
18.05,98000.0,14.735994034269062,81.0
20.22,97980.0,16.87909474083469,81.15
21.9,97960.0,16.396609544222777,71.0
22.86,97930.0,16.27133770260007,66.45
23.38,97880.0,15.714455640924701,62.15
23.54,97860.0,15.865195369881963,62.15
23.78,97850.0,15.038386281571668,58.1
23.37,97880.0,14.628600461929782,58.0
22.99,97890.0,14.24691784384265,57.9
22.2,97930.0,12.942306023587458,55.8
21.21,97960.0,11.953258064683922,55.55
20.45,97980.0,11.715704399815769,57.3
19.49,98020.0,10.218218524673631,55.05
18.83,98090.0,8.514979328304497,51.15
18.1,98150.0,6.775223222007803,47.55
17.27,98220.0,6.467205073694821,49.05
16.77,98240.0,6.50259634735969,50.75
15.98,98280.0,6.237876288788449,52.4
15.37,98260.0,6.1754310030779545,54.25
14.66,98240.0,6.01307597794099,56.15
14.24,98230.0,6.114708442711702,58.1
13.94,98240.0,5.808850433871891,58.0
13.53,98250.0,5.424898490898465,58.0
13.19,98300.0,6.1379417358596555,62.3
13.58,98340.0,7.067958640932965,64.75
13.77,98470.0,7.781343402311232,67.15
14.48,98490.0,7.944517778596963,64.85
15.09,98520.0,7.502096557386755,60.5
15.64,98520.0,6.978789652422016,56.35
16.23,98540.0,7.027652399074843,54.45
16.92,98550.0,6.640732801724835,50.75
17.28,98580.0,5.949858657974112,47.3
17.68,98560.0,5.286901794302299,44.05
17.68,98570.0,4.755922543972602,42.45
17.36,98600.0,4.948255055685024,43.9
16.65,98640.0,5.328831838097466,47.15
15.12,98720.0,6.4679050072926545,56.25
13.85,98800.0,8.395684164433376,69.65
13.45,98840.0,8.522336017153101,72.1
12.69,98860.0,7.781639050586372,72.05
12.0,98840.0,7.627252233246371,74.6
11.41,98840.0,8.100227586759877,80.1
10.57,98830.0,7.273235177734164,80.05
9.79,98830.0,7.551350023445206,85.95
9.01,98810.0,7.310595572929397,89.1
8.71,98790.0,7.014711820478109,89.1
8.58,98770.0,6.886493988389477,89.1
9.12,98770.0,6.893399950030845,85.95
11.0,98790.0,7.161253063646318,77.2
13.14,98780.0,9.830910254831572,80.35
14.73,98810.0,9.814429456471967,72.4
16.02,98820.0,8.437850806034245,60.75
16.61,98800.0,6.889705442592937,52.65
17.3,98790.0,6.494716657045996,49.05
17.79,98780.0,5.386482584760453,44.05
18.09,98760.0,5.1761209285926455,42.6
18.58,98710.0,5.084492568333933,41.05
18.6,98680.0,5.102441585267238,41.05
18.5,98680.0,5.5457373226100275,42.6
17.88,98710.0,5.99879833302918,45.7
16.64,98750.0,6.38287277176832,50.75
15.73,98800.0,7.062739971158511,56.35
14.63,98830.0,8.644760051918716,67.35
15.13,98850.0,7.01075137989658,58.35
13.36,98870.0,7.368817937204696,67.05
11.89,98890.0,7.5112493735348576,74.55
10.98,98870.0,7.14186568468379,77.2
10.53,98870.0,7.23429035716369,80.05
9.94,98840.0,7.1785695986345965,82.95
9.74,98820.0,7.502250384329768,85.95
9.33,98800.0,7.0996265745262015,85.95
8.91,98790.0,7.211968206195384,89.1
11.03,98820.0,7.7302506633644406,80.1
14.3,98830.0,9.916936533012287,74.95
17.02,98810.0,9.427753524115692,60.95
19.05,98810.0,9.809345752804473,55.05
20.57,98770.0,9.185615043374076,48.05
21.62,98720.0,8.631174699857853,43.4
22.39,98650.0,8.821772537041676,41.95
22.96,98590.0,9.38686672085854,42.1
23.28,98530.0,9.189497267347734,40.75
23.31,98470.0,8.679416047846324,39.3
20.35,98440.0,8.298204122649391,45.87
19.54,98430.0,8.665180628268322,49.44
18.72,98400.0,8.944605381245866,53.02
17.91,98360.0,9.158655671579766,56.59
17.1,98340.0,9.308998331896873,60.16
16.29,98310.0,9.404530329148809,63.74
15.48,98320.0,9.44600974087051,67.31
14.67,98270.0,9.442740941105555,70.89
13.86,98220.0,9.394502235010615,74.46
13.04,98230.0,9.29733842726034,78.03
12.23,98210.0,9.175515816819896,81.61
11.42,98210.0,9.018389925854015,85.18
10.61,98200.0,8.83027225586138,88.75
9.8,98210.0,8.614905199656356,92.33
8.99,98230.0,8.370939360702788,95.9
8.18,98260.0,8.101762317595998,99.47
15.21,98270.0,10.286242121693682,72.45
16.61,98290.0,10.0799196643659,65.35
17.71,98290.0,10.620514037795074,63.2
18.79,98240.0,10.07413337089918,56.95
19.37,98230.0,9.582405662607385,53.15
19.96,98190.0,8.5819422837207,47.9
20.2,98190.0,8.801204860410351,47.9
19.86,98170.0,8.991623917359405,49.55
19.06,98150.0,9.295548780922386,53.15
17.97,98150.0,9.810243556022536,58.9
16.37,98210.0,9.829222104008885,65.25
15.2,98210.0,9.74105287199501,69.9
13.98,98260.0,9.60796449218559,74.95
12.94,98260.0,9.636150213837881,80.35
12.06,98280.0,9.823625651406724,86.2
11.17,98270.0,10.007348596490923,92.55
10.37,98270.0,9.20676853714009,92.5
9.71,98230.0,9.079587967643114,95.85
9.21,98210.0,8.582130205630111,95.85
8.9,98200.0,8.273703820260536,95.85
8.47,98200.0,8.381192543465405,99.4
8.29,98200.0,8.201322344974315,99.4
10.16,98210.0,9.535060718534709,95.9
13.32,98220.0,11.61179663896184,89.4
15.69,98210.0,11.83337743225222,77.85
17.4,98200.0,12.443940934361908,72.7
19.59,98180.0,12.493401212582407,63.6
21.32,98170.0,12.05553151677454,55.55
22.6,98130.0,11.731609413494905,50.3
23.49,98090.0,11.566017749623503,47.15
23.98,98080.0,12.012261294083332,47.15
24.03,98060.0,11.028621179923825,44.05
23.74,98040.0,11.793702577694967,47.15
22.74,98060.0,14.551564873079743,59.95
21.29,98080.0,13.633048109117698,61.7
18.74,98110.0,13.785126040488086,72.95
17.03,98110.0,13.162299540135319,78.0
15.85,98140.0,13.066317980530819,83.55
14.97,98120.0,12.196395005235331,83.5
14.14,98150.0,11.90155773207889,86.4
13.78,98170.0,12.074048711504854,89.45
13.2,98180.0,11.493423908557515,89.4
12.64,98140.0,11.471774055646378,92.6
12.1,98140.0,10.93679679291747,92.6
11.85,98130.0,10.681001296808514,92.55
11.73,98150.0,10.562122658189853,92.55
13.94,98170.0,11.705095885075934,86.4
17.66,98170.0,14.327344789219788,80.85
20.53,98170.0,15.040031440083583,70.8
22.47,98180.0,15.362276933279535,64.2
23.87,98180.0,15.663552040812323,60.15
24.71,98150.0,15.42887614030498,56.35
25.3,98130.0,15.469930686775152,54.55
25.58,98110.0,15.23500695506342,52.85
25.68,98070.0,15.32730142123916,52.85
25.7,98050.0,15.345759983896592,52.85
25.44,97980.0,15.599658215007011,54.55
24.42,97970.0,16.744827517575644,62.35
22.55,97970.0,15.976808283122049,66.45
21.32,97960.0,15.818844891116106,70.9
19.63,97970.0,15.75359548383176,78.35
18.2,97960.0,15.402072125458638,83.75
17.06,97950.0,15.34424449843479,89.65
16.3,97960.0,14.594431845332958,89.65
15.78,97920.0,14.07276984588852,89.6
15.36,97910.0,13.649812908858623,89.55
15.18,97850.0,13.472236725312557,89.55
15.12,97840.0,13.413044284750823,89.55
15.2,97800.0,13.491967496679656,89.55
15.34,97800.0,14.171509313904316,92.75
16.62,97800.0,14.910146108426597,89.65
19.29,97870.0,17.03248560995592,86.8
20.53,97860.0,17.190859088719545,81.2
21.22,97870.0,17.882689871158192,81.3
22.53,97860.0,17.569775120304847,73.6
24.41,97880.0,18.35525887214874,69.05
25.21,97840.0,18.07744359817238,64.7
26.02,97810.0,17.293148465146015,58.7
26.49,97740.0,17.732531348601462,58.7
26.41,97710.0,17.108283082505977,56.7
25.49,97670.0,17.261959150308684,60.45
24.15,97720.0,17.568252091485455,66.75
22.4,97750.0,17.975496935870435,76.1
21.22,97760.0,17.336297268004028,78.55
19.98,97770.0,17.71955191956927,86.85
19.29,97760.0,18.110587924788796,92.9
18.97,97760.0,17.793516544633103,92.9
18.76,97740.0,18.12420949703006,96.1
18.53,97710.0,17.8953479615564,96.1
18.29,97700.0,17.648268409486068,96.05
18.06,97680.0,17.419419605134006,96.05
17.81,97670.0,17.170669735490197,96.05
17.55,97690.0,16.911968579017707,96.05
17.22,97730.0,16.583615214031678,96.05
17.07,97790.0,16.434362982919954,96.05
17.34,97870.0,16.70301668321273,96.05
17.91,97930.0,16.73470153460505,92.85
18.3,98010.0,16.585117284967342,89.75
17.96,98070.0,14.629149460558624,80.9
18.39,98110.0,11.287114833456387,63.3
19.04,98170.0,8.737315916793913,51.25
19.44,98190.0,7.011491259613924,44.45
19.28,98210.0,7.88369548386821,47.65
18.97,98270.0,8.672820529061177,51.25
18.05,98350.0,8.82600521202301,54.85
17.21,98430.0,9.047455443636581,58.7
16.4,98480.0,8.795462376565514,60.75
16.13,98570.0,7.47474855649734,56.5
15.81,98630.0,7.137360764796354,56.35
15.2,98690.0,7.076327100301595,58.35
14.63,98720.0,7.045132867228925,60.4
14.11,98770.0,7.593433720617824,64.85
13.66,98780.0,7.6765191367318995,67.15
13.39,98800.0,7.419213952593034,67.15
13.05,98800.0,7.0734280969634575,67.05
12.76,98760.0,7.310283648426868,69.45
12.51,98780.0,7.071039505233982,69.45
12.3,98770.0,7.386443435584634,71.95
12.86,98780.0,7.945037228639971,72.05
14.27,98800.0,10.417573571511927,77.65
15.67,98770.0,10.212365307902328,70.0
16.98,98730.0,10.431149046316467,65.35
18.02,98640.0,9.329373940815264,56.85
19.05,98590.0,8.218677645515776,49.45
19.88,98520.0,7.94454172170071,46.1
20.45,98440.0,7.473595259130045,43.1
20.55,98420.0,7.563792795613526,43.1
20.5,98360.0,7.518694466448673,43.1
20.29,98290.0,7.830650942325856,44.6
19.45,98220.0,7.553437944305453,46.1
18.41,98230.0,8.084824710459715,51.0
17.32,98150.0,8.08039986763017,54.6
16.8,98100.0,8.125808023752631,56.6
16.44,98060.0,7.789913582381422,56.6
16.22,97940.0,8.094631373871568,58.6
16.25,97850.0,8.654303738516626,60.75
16.1,97740.0,9.03959034300801,62.95
15.79,97650.0,9.794498466463132,67.55
15.06,97560.0,10.142024129292219,72.45
14.24,97460.0,11.464187042101935,83.4
14.17,97430.0,11.395720820717132,83.4
14.0,97470.0,11.764034730400132,86.4
13.67,97570.0,11.431115501693084,86.35
13.75,97650.0,10.975880363464494,83.35
14.31,97700.0,10.456359689661538,77.65
15.21,97730.0,9.750625815160449,69.9
16.14,97750.0,8.55078423394924,60.75
16.78,97780.0,7.578781893948376,54.6
17.36,97780.0,7.045895165300798,50.75
17.39,97800.0,7.073517813458374,50.75
17.09,97830.0,6.79727950706377,50.75
16.72,97860.0,6.456549402386103,50.75
16.11,97870.0,6.916190420820475,54.45
15.7,97900.0,7.034756758158794,56.35
15.15,97910.0,7.029487419000133,58.35
14.41,97920.0,7.372101931642597,62.65
13.99,97930.0,8.012869367026362,67.25
13.67,97900.0,8.223402684017772,69.65
13.43,97860.0,7.993685727090163,69.65
13.17,97800.0,8.253209766539914,72.1
13.0,97730.0,8.622153034081286,74.75
12.68,97670.0,8.83748195361642,77.45
12.36,97620.0,9.580508141915306,83.15
11.66,97590.0,9.95751575349725,89.3
11.42,97550.0,9.72078016989198,89.3
11.43,97540.0,9.730644214659472,89.3
11.67,97530.0,9.967379668629139,89.3
11.66,97570.0,10.492776538333523,92.55
11.9,97580.0,10.202627821323327,89.35
12.29,97620.0,10.587337481061683,89.35
12.46,97630.0,10.225171244038304,86.25
12.55,97650.0,10.313570095191986,86.25
12.82,97620.0,10.578763239289541,86.25
13.22,97600.0,10.980362913446063,86.3
12.77,97590.0,11.069248633372638,89.4
12.45,97600.0,10.21534911438945,86.25
12.43,97570.0,10.195704834045925,86.25
12.43,97570.0,10.195704834045925,86.25
12.46,97600.0,10.763441718746575,89.4
12.67,97630.0,10.970601803168616,89.4
12.71,97670.0,11.010060599433883,89.4
12.65,97720.0,10.950872372944044,89.4
12.53,97750.0,10.832495342307348,89.4
12.29,97770.0,11.125030761603488,92.6
12.07,97800.0,10.90707551807951,92.6
12.01,97810.0,10.8476328686769,92.6
12.16,97820.0,10.996239242866983,92.6
12.3,97810.0,11.134937775651506,92.6
12.49,97840.0,11.3231703407952,92.6
12.76,97870.0,11.590656429186279,92.6
13.08,97910.0,11.915866632139576,92.65
13.72,97930.0,12.549931087348625,92.65
14.65,97950.0,12.411338664736723,86.45
15.62,97990.0,11.765491745995345,77.85
16.85,98030.0,11.385077940174657,70.2
17.64,98040.0,11.624802327961385,67.85
18.29,98030.0,12.266915811056899,67.95
18.74,98020.0,13.249031768275835,70.45
18.93,97980.0,13.967852085949822,72.95
18.93,97970.0,14.509339867553395,75.55
18.84,97970.0,14.967318608884025,78.25
18.41,98000.0,15.067490197134525,80.9
17.92,98030.0,15.128158234809145,83.75
17.34,98060.0,15.620483670498729,89.65
17.11,98070.0,15.393573221945916,89.65
16.95,98070.0,15.775062206295699,92.8
16.94,98100.0,15.765154270257598,92.8
16.94,98080.0,15.765154270257598,92.8
16.9,98100.0,16.265209924246186,96.05
16.86,98080.0,16.225409122707298,96.05
16.81,98070.0,16.17565807693485,96.05
16.72,98070.0,16.08610607176748,96.05
16.65,98080.0,16.016454403057573,96.05
16.56,98100.0,15.926902117256258,96.05
16.74,98100.0,16.10600653100213,96.05
18.12,98130.0,17.47911939261275,96.05
18.91,98120.0,17.725508824469667,92.85
20.53,98130.0,17.190859088719545,81.2
21.79,98110.0,16.825478101385343,73.45
22.67,98090.0,16.625839189623633,68.75
23.34,98060.0,16.751063394319313,66.55
23.5,98030.0,16.38556941887438,64.4
23.7,97990.0,17.11685488062147,66.65
23.81,97950.0,17.221383019593127,66.65
23.64,97910.0,17.5973597579311,68.95
22.83,97890.0,17.858441217002532,73.6
21.51,97890.0,17.09467177375278,76.0
20.91,97890.0,17.56108811459136,81.2
20.26,97890.0,16.918065113090954,81.15
19.75,97890.0,16.41148588959272,81.1
19.34,97880.0,16.536013134409654,83.85
19.04,97860.0,16.24251895147724,83.85
18.75,97840.0,16.49285158175464,86.75
18.5,97800.0,16.247230864926227,86.75
18.26,97790.0,16.545651349571788,89.75
18.14,97770.0,16.42725304768394,89.75
18.17,97790.0,15.913971357551858,86.7
18.1,97820.0,15.845200142294829,86.7
18.5,97880.0,15.704879745416214,83.8
20.32,97910.0,18.05360904829056,86.85
21.93,97930.0,18.04539843980288,78.65
23.18,97950.0,17.678616311362983,71.25
24.29,97920.0,17.70130079656115,66.75
24.96,97880.0,17.279014312174247,62.45
25.43,97830.0,16.14050119819111,56.5
26.04,97790.0,15.689101665311048,52.95
25.08,97750.0,16.34710749141498,58.45
23.64,97720.0,17.5973597579311,68.95
19.56,97820.0,17.306882436629902,86.85
18.21,97870.0,17.031947464381773,92.85
17.82,97830.0,17.18061975366128,96.05
17.65,97750.0,17.554446838139118,99.4
17.64,97770.0,17.001519128417602,96.05
16.73,97830.0,15.557086784075825,92.8
16.38,97850.0,15.210304121814449,92.8
16.02,97850.0,14.31817748326735,89.65
15.47,97860.0,13.76692906792233,89.6
15.06,97880.0,13.353851654497713,89.55
14.69,97900.0,12.980276376891842,89.5
14.34,97950.0,13.172438073067397,92.7
14.26,98000.0,12.556077503961058,89.5
14.14,98040.0,12.43769467557942,89.5
13.99,98090.0,11.754211606847578,86.4
14.35,98160.0,12.107839686429925,86.4
15.16,98160.0,11.30966698158525,77.8
16.37,98140.0,10.903984590503363,70.1
17.75,98120.0,10.658324109975846,63.2
18.85,98050.0,10.673094504162114,59.05
19.78,98010.0,10.528512226308399,55.2
20.55,97960.0,10.244605342204373,51.65
21.09,97910.0,10.771413008248608,51.75
21.17,97850.0,11.374854247687814,53.6
20.74,97800.0,11.488978696701196,55.45
19.9,97830.0,11.175897240008759,57.2
19.47,97850.0,10.774506852220746,57.2
19.65,97850.0,12.014236812105747,61.4
19.65,97860.0,12.014236812105747,61.4
19.23,97890.0,12.65957803427226,65.75
18.94,97880.0,12.920386063473304,68.1
18.57,97890.0,13.621629880894446,72.95
18.26,97870.0,13.841777771046221,75.45
18.11,97880.0,13.696910025639811,75.45
17.98,97870.0,14.11329084981196,78.15
17.88,97880.0,14.541637493960922,80.85
17.74,97870.0,14.405269966677933,80.85
17.58,97870.0,14.24941897454926,80.85
17.58,97900.0,14.24941897454926,80.85
17.38,97940.0,14.581352348711702,83.65
17.35,97950.0,13.472649934306146,78.0
17.2,97970.0,12.787562284396394,75.3
17.9,97950.0,12.412078288613024,70.3
19.07,97960.0,11.977765432027816,63.5
19.71,97930.0,11.530213670333234,59.25
19.78,97920.0,11.595834971499142,59.25
19.49,97930.0,11.323967911602283,59.25
19.11,97940.0,11.481117327670715,61.3
18.6,97930.0,10.97634227242348,61.2
17.82,97960.0,10.724490945300353,63.2
17.1,98020.0,9.47861349694542,60.85
16.41,98020.0,9.890055017557616,65.35
15.59,98050.0,10.135774097002122,70.0
14.94,98090.0,10.02664733738358,72.45
14.59,98070.0,10.206914363086877,75.0
14.29,98100.0,10.43696665412164,77.65
13.93,98060.0,10.0878839652995,77.65
13.76,98080.0,9.913413240612279,77.6
13.42,98060.0,9.047427310503968,74.85
13.09,98090.0,9.244570894872501,77.5
12.67,98130.0,8.82778652735052,77.45
12.47,98180.0,8.100634362918845,74.7
12.49,98240.0,8.119941813455759,74.7
13.26,98290.0,9.94776431284014,80.35
13.88,98360.0,8.976668115596585,72.3
14.33,98400.0,9.409282838667787,72.3
15.02,98410.0,8.50232326551911,65.05
15.78,98460.0,7.644729769214758,58.45
16.26,98440.0,6.524471349102133,52.5
16.55,98450.0,5.762612518072095,48.9
16.53,98430.0,4.6925582995265485,45.45
16.41,98450.0,4.58347060562596,45.45
16.18,98470.0,4.854029984279665,47.0
15.55,98460.0,4.7720852431864555,48.65
14.77,98510.0,5.0501525203801805,52.15
13.72,98540.0,5.602832466679343,58.0
12.79,98560.0,6.273448692203299,64.55
12.23,98580.0,6.248675998430738,66.85
11.76,98580.0,6.8471760346035735,71.85
11.27,98590.0,7.422977968983251,77.2
10.87,98570.0,7.035234240056931,77.2
10.72,98560.0,7.950101930161865,83.0
10.51,98550.0,8.275501879610326,86.05
10.42,98540.0,8.187114738126931,86.05
10.27,98560.0,8.569824270113333,89.2
10.42,98570.0,8.726063147472344,89.25
11.08,98600.0,8.843874626063302,86.1
11.98,98650.0,9.745051666920421,86.2
13.45,98710.0,9.076391608858863,74.85
14.65,98750.0,8.128498512592154,64.95
15.62,98760.0,7.494832110112205,58.45
16.37,98790.0,7.15768654857719,54.45
16.46,98790.0,6.750949841708964,52.65
16.73,98790.0,7.0007054187752304,52.65
16.97,98780.0,6.686776826385878,50.75
16.71,98770.0,6.447339925777355,50.75
16.46,98770.0,6.750949841708964,52.65
15.81,98760.0,7.137360764796354,56.35
14.62,98800.0,7.570536258655485,62.65
13.2,98820.0,8.815226334957638,74.75
11.78,98830.0,9.004397220612091,83.1
11.36,98850.0,7.529179943932122,77.3
12.24,98850.0,7.858916172196297,74.6
11.83,98840.0,7.98481966424769,77.3
11.34,98810.0,8.032075069831944,80.1
10.81,98790.0,7.506900601762578,80.05
10.4,98790.0,7.107718539441923,80.05
9.97,98750.0,7.207904230127264,82.95
9.61,98760.0,7.374590482787038,85.95
9.3,98730.0,7.596611822019491,89.1
9.08,98760.0,7.3796344019504865,89.1
11.12,98770.0,9.424856315131503,89.3
12.92,98760.0,9.616673984396316,80.35
14.5,98740.0,9.59329589954793,72.4
15.75,98730.0,10.288955476988878,70.0
16.84,98660.0,9.76261087914917,63.05
17.53,98630.0,8.846011586682742,56.75
18.05,98560.0,8.82600521202301,54.85
18.39,98500.0,9.141907146973596,54.85
18.57,98440.0,8.8002364233758,53.0
18.07,98370.0,9.376032886633107,56.85
16.68,98330.0,9.611382020334434,63.05
15.36,98330.0,9.362551392984374,67.45
14.53,98320.0,9.089011569990099,69.85
13.84,98300.0,9.452916522250217,74.85
13.35,98270.0,9.496654719067106,77.5
12.76,98230.0,9.451599903590505,80.3
12.35,98170.0,9.033870434390295,80.2
12.23,98130.0,9.453381323756382,83.15
11.9,98090.0,8.595716511763579,80.2
12.01,98050.0,8.702822735357529,80.2
12.34,97990.0,10.09863104780073,86.2
13.06,97980.0,10.28301584829077,83.25
13.86,97970.0,11.617744760865326,86.35
14.65,97950.0,12.94081642967408,89.5
15.72,97990.0,13.471284363546745,86.5
17.37,97970.0,14.571570573668852,83.65
18.2,97960.0,14.862933688541265,80.9
19.15,97950.0,14.742355343766583,75.65
19.76,97950.0,13.724905460707967,68.2
20.09,97890.0,12.990224057465266,63.7
19.94,97860.0,12.848370287349686,63.7
19.69,97790.0,13.119620047984641,65.85
19.25,97760.0,13.216005840810034,68.1
18.85,97710.0,13.890915441306957,72.95
17.92,97690.0,13.513406673937565,75.45
16.87,97690.0,13.54828627114356,80.8
16.26,97680.0,14.010652060311456,86.55
16.15,97630.0,13.902591577438942,86.55
15.55,97600.0,13.845856202646889,89.6
15.17,97550.0,14.003075221706439,92.75
14.73,97530.0,13.55883036397551,92.7
14.34,97470.0,13.709878193589965,96.0
14.23,97410.0,13.06345463050181,92.7
14.13,97340.0,12.964378391213518,92.7
13.72,97280.0,12.014859892153357,89.45
13.33,97210.0,11.088407599785702,86.3
12.92,97180.0,10.14609862806373,83.25
12.96,97190.0,10.18521800660512,83.25
13.1,97120.0,10.862495018556887,86.3
13.59,97160.0,11.352534009217385,86.35
13.59,97170.0,10.819390187190445,83.35
13.83,97200.0,11.05412462767457,83.35
13.9,97200.0,10.058793052803656,77.65
14.07,97220.0,10.223640156537439,77.65
13.79,97250.0,9.942502386733713,77.6
13.69,97260.0,9.845538153426613,77.6
13.72,97270.0,9.33706487164514,74.85
13.47,97320.0,8.562032791405397,72.2
12.95,97340.0,8.041745166727665,72.1
12.39,97430.0,8.023404021589322,74.7
11.85,97460.0,6.933665436108106,71.85
11.55,97510.0,6.645362651427553,71.85
11.31,97510.0,6.394494087568571,71.75
11.02,97540.0,6.115823988198068,71.75
10.66,97550.0,6.294713097589171,74.4
10.37,97580.0,6.014812103426969,74.4
10.1,97610.0,6.269978077029227,77.1
9.75,97600.0,6.447595439173991,79.9
9.4,97600.0,6.1068686906885254,79.9
9.04,97610.0,6.281000683765969,82.85
8.61,97660.0,6.384105228281706,85.9
8.73,97720.0,7.034437558185566,89.1
10.59,97760.0,8.35406774317154,86.05
11.88,97810.0,8.042802451921673,77.35
12.82,97860.0,7.90659098980061,72.05
13.76,97920.0,7.238746788419468,64.75
14.33,97930.0,7.273150327212513,62.55
14.39,98010.0,6.819338028195694,60.4
14.52,98030.0,6.941645168714448,60.4
14.78,98070.0,7.186248085290581,60.4
14.92,98140.0,7.342145812549328,60.5
14.74,98200.0,7.683923159427033,62.65
14.02,98280.0,8.041461325929943,67.25
13.02,98390.0,8.109030146062322,72.1
11.66,98490.0,7.820016861264432,77.3
10.56,98540.0,7.793648934201975,83.0
9.53,98590.0,7.831687527340711,89.15
8.56,98610.0,7.397812112964171,92.4
7.79,98640.0,7.161700997670456,95.8
7.66,98690.0,6.498408428443089,92.35
7.17,98760.0,6.544866564397298,95.8
6.44,98810.0,5.818583541870673,95.8
6.1,98850.0,4.945330157102902,92.3
5.83,98850.0,4.677880211123029,92.3
5.71,98890.0,5.0847930649352895,95.75
6.26,98950.0,5.639498357827974,95.8
9.73,99040.0,9.099486171559896,95.85
12.64,99100.0,10.40196837811477,86.25
14.39,99120.0,10.01380061940179,75.0
15.83,99100.0,9.293844494855481,65.15
16.62,99090.0,7.957864851707869,56.6
17.33,99070.0,8.620260347551909,56.6
17.53,99030.0,7.768451982443706,52.75
17.71,99020.0,7.934942198810372,52.75
17.52,99000.0,7.759202262633498,52.75
16.86,99020.0,8.181787281806166,56.6
15.63,99030.0,8.571862535626755,62.85
14.17,99080.0,8.18441869249711,67.25
12.81,99100.0,8.963521413510964,77.45
11.05,99100.0,8.281655384661237,83.05
9.98,99090.0,7.746461450239556,86.0
9.23,99050.0,8.06945435544357,92.45
8.36,99040.0,7.199694640384618,92.4
7.84,99000.0,6.68458210407399,92.4
7.26,98990.0,6.6344075414087635,95.8
6.81,98950.0,6.722386004027591,99.4
6.52,98910.0,5.898176741248679,95.8
6.25,98920.0,5.629549161228534,95.8
5.96,98900.0,5.341021557413158,95.8
6.83,98910.0,6.206599134786926,95.8
10.4,98940.0,9.236487832369933,92.5
13.53,98920.0,10.219994509398171,80.4
15.27,98890.0,10.34392838612728,72.45
16.61,98860.0,10.0799196643659,65.35
17.64,98800.0,9.475666429082702,58.8
18.51,98730.0,9.280458208314814,54.95
19.05,98690.0,9.286294894547629,53.15
19.24,98620.0,8.921580676853402,51.25
19.11,98580.0,8.801809893239948,51.25
18.38,98560.0,9.66530451089759,56.85
16.97,98570.0,9.356272246144005,60.85
15.46,98590.0,8.411200455722291,62.85
13.95,98620.0,9.043965720288766,72.3
12.45,98600.0,8.61448414245389,77.45
11.34,98590.0,9.099219283351765,86.1
10.62,98560.0,8.383529824463785,86.05
10.33,98540.0,8.62900422732398,89.2
10.34,98530.0,8.638867534435306,89.2
10.37,98500.0,8.138010521298273,86.05
11.07,98470.0,9.375535200028342,89.3
11.38,98430.0,9.147119733071039,86.15
11.95,98430.0,9.715586306538853,86.2
12.48,98430.0,9.71577634202846,83.25
13.05,98490.0,10.273236102993488,83.25
13.53,98530.0,10.76070580463044,83.35
14.78,98540.0,10.390367492666742,75.0
15.18,98560.0,9.721906936640124,69.9
15.38,98590.0,9.381614602403962,67.45
15.89,98570.0,8.817569390652043,62.85
16.35,98560.0,8.216442568986796,58.6
16.44,98550.0,7.789913582381422,56.6
16.46,98560.0,7.808575234412774,56.6
16.17,98550.0,8.047779851444151,58.6
15.76,98550.0,8.694717719611624,62.85
14.94,98580.0,8.426395852948419,65.05
14.1,98620.0,8.656164865309062,69.75
13.19,98680.0,8.272433460622663,72.1
12.26,98700.0,8.411198941352565,77.35
11.53,98720.0,8.22625264344644,80.15
11.03,98720.0,8.262098051001267,83.05
10.19,98710.0,8.490917355050698,89.2
9.67,98680.0,8.505324514715237,92.45
9.44,98690.0,8.277484205772959,92.45
9.15,98660.0,7.990204451220458,92.45
9.0,98610.0,7.841610230306666,92.45
8.59,98600.0,7.9652754654715325,95.85
8.77,98600.0,8.144363137058818,95.85
9.05,98640.0,8.422942639746555,95.85
11.26,98700.0,10.629508517337328,95.9
12.99,98700.0,10.21455744981071,83.25
13.92,98720.0,9.015123979082322,72.3
14.87,98680.0,8.873504375827128,67.35
15.83,98650.0,7.6915715421777895,58.45
16.38,98620.0,7.166974503283051,54.45
16.8,98580.0,6.530224163892727,50.75
16.82,98560.0,6.010176140927026,48.9
16.65,98540.0,5.854305349871357,48.9
16.32,98530.0,6.57995883359048,52.5
15.36,98540.0,8.825000938525378,65.05
15.05,98570.0,6.402613536033695,56.25
13.93,98600.0,6.362482312619285,60.3
12.3,98610.0,6.849072721538264,69.35
11.53,98620.0,6.626141980220053,71.85
10.97,98600.0,6.603672153601562,74.45
10.73,98610.0,6.890077336606762,77.15
9.94,98600.0,6.641653975701407,79.95
8.83,98600.0,6.600145186698246,85.9
7.57,98580.0,5.8740777128330315,89.0
7.0,98540.0,5.311923970900781,89.0
6.68,98540.0,5.519842776668606,92.3
6.62,98540.0,4.929085781744929,88.95
6.88,98550.0,5.193573512541251,89.0
9.48,98600.0,7.782372035664025,89.15
12.86,98590.0,9.01199759402282,77.45
15.02,98600.0,8.50232326551911,65.05
16.56,98580.0,8.438366889337965,58.7
17.67,98540.0,8.97664445177383,56.75
18.46,98520.0,8.698461933464948,53.0
18.94,98460.0,8.64517921656626,51.25
19.18,98450.0,9.406593279289293,53.15
19.11,98430.0,9.341817801613036,53.15
18.44,98420.0,10.288793926521215,59.05
16.85,98440.0,10.307747118703194,65.35
14.86,98480.0,9.93941451760088,72.4
13.2,98480.0,9.351222721656193,77.5
11.6,98510.0,9.363191317369699,86.15
10.89,98530.0,8.657273573469999,86.1
10.61,98540.0,8.373709137823507,86.05
9.89,98540.0,8.195013314499258,89.2
9.39,98530.0,7.693603805342581,89.15
9.27,98550.0,8.109079217051873,92.45
9.25,98560.0,8.089266793789644,92.45
8.57,98550.0,7.407717946727341,92.4
7.71,98550.0,7.082109905977636,95.8
7.19,98600.0,7.10211351450931,99.4
7.66,98600.0,7.032365406249865,95.8
10.45,98650.0,9.823599333837954,95.9
14.32,98660.0,10.998649683210365,80.45
16.89,98690.0,11.953545856011143,72.7
18.66,98720.0,12.642146570939437,68.05
19.87,98710.0,12.75816030503488,63.6
20.8,98710.0,12.082134533828278,57.45
21.15,98700.0,11.35633908265074,53.6
21.3,98720.0,11.4952001818419,53.6
21.23,98720.0,11.430399093294081,53.6
20.56,98730.0,12.391102849164982,59.5
19.74,98770.0,12.098974432576021,61.4
18.55,98830.0,11.46222993991907,63.4
16.26,98830.0,11.337316438024953,72.65
13.85,98850.0,11.073685607902343,83.35
12.77,98890.0,10.52965378361904,86.25
11.83,98920.0,10.661188227564251,92.55
11.16,98920.0,10.530014274999461,95.9
10.45,98930.0,9.823599333837954,95.9
9.78,98950.0,9.690245018530844,99.4
9.37,98940.0,8.741317246886668,95.85
8.99,98950.0,8.363247167284294,95.85
8.49,98980.0,8.401178115217839,99.4
8.07,99020.0,7.98148086239388,99.4
8.47,99060.0,8.381192543465405,99.4
12.06,99100.0,10.897168419079703,92.6
16.32,99110.0,13.535243683712928,83.6
18.98,99130.0,14.037082305439734,73.05
20.69,99130.0,14.115959610629517,66.05
21.94,99130.0,14.282688846467492,61.85
22.79,99120.0,13.518502364976255,55.9
23.26,99110.0,12.918182289245932,52.25
23.4,99110.0,13.047303047131441,52.25
23.07,99120.0,13.27569250501401,54.1
22.08,99130.0,13.893729059235252,59.8
20.49,99160.0,13.392567865353053,63.8
18.74,99210.0,13.785126040488086,72.95
17.23,99230.0,13.898946295265986,80.8
16.06,99260.0,12.749795246463128,80.75
15.19,99290.0,12.41158949731407,83.5
14.47,99310.0,11.69822531314266,83.45
14.01,99330.0,11.77385784701878,86.4
13.84,99330.0,12.13323733926322,89.45
13.75,99360.0,11.509696548672768,86.35
13.63,99370.0,11.391824811142476,86.35
14.03,99390.0,11.793504059454373,86.4
14.15,99400.0,11.911380751623595,86.4
13.89,99430.0,11.655979989955494,86.4
13.66,99490.0,11.955670881207793,89.45
13.53,99560.0,12.361694770160833,92.65
15.97,99570.0,13.725763544295415,86.55
17.81,99600.0,15.551274204284919,86.65
19.67,99640.0,15.25494250369995,75.7
20.76,99640.0,15.802430732004376,73.3
21.4,99650.0,15.895482339201525,70.9
21.63,99630.0,15.599328615802536,68.6
20.76,99580.0,15.802430732004376,73.3
19.63,99620.0,15.216302990777844,75.7
19.11,99620.0,15.239179217555241,78.3
18.2,99700.0,15.402072125458638,83.75
17.04,99770.0,14.785843730452083,86.6
16.0,99790.0,14.298444872336578,89.65
15.07,99810.0,13.903995855747356,92.75
14.35,99830.0,13.719828253376914,96.0
13.94,99820.0,12.776132533186116,92.7
13.42,99800.0,12.786501319637722,95.95
12.82,99830.0,12.728026816706535,99.4
12.39,99830.0,11.761680908474084,95.95
12.27,99830.0,12.178430141611495,99.4
12.06,99810.0,11.968583904675913,99.4
12.42,99810.0,11.791530346523817,95.95
13.1,99810.0,12.468112783213956,95.95
13.46,99850.0,12.826299742760181,95.95
14.31,99870.0,14.20915163729204,99.35
14.67,99890.0,14.038229124304767,96.0
16.08,99880.0,12.769276844567774,80.75
17.19,99890.0,13.859984709412794,80.8
18.41,99860.0,13.457211174970011,72.9
19.32,99820.0,12.745033020223623,65.75
19.9,99750.0,12.786526407971502,63.6
20.15,99720.0,12.509794572515485,61.5
19.93,99710.0,12.814892328459948,63.6
19.08,99690.0,12.517149655426566,65.75
17.46,99720.0,12.522595392311414,72.8
16.02,99740.0,11.637910214066826,75.25
14.97,99720.0,11.659821062160004,80.6
14.02,99740.0,11.78368095670352,86.4
13.23,99750.0,11.523017163362084,89.4
12.64,99750.0,10.94100764980876,89.4
11.96,99720.0,10.261814454955383,89.35
11.16,99700.0,10.530014274999461,95.9
10.71,99690.0,10.619569297492717,99.4
10.66,99680.0,10.032540027029366,95.9
10.51,99650.0,9.883296765839562,95.9
10.37,99630.0,9.744002644479307,95.9
10.04,99640.0,9.950056362372994,99.4
9.72,99660.0,9.630288526450569,99.4
11.52,99710.0,10.888192600104466,95.9
13.84,99740.0,12.668816500227363,92.65
16.21,99740.0,13.427641756657376,83.6
18.45,99720.0,13.506218305276391,72.95
20.06,99680.0,12.961853667161177,63.7
21.15,99640.0,12.435414541077499,57.55
21.74,99610.0,11.944910844904765,53.75
21.86,99580.0,12.056018818012749,53.75
21.49,99560.0,11.713423436970162,53.75
20.32,99570.0,12.669866354086032,61.5
18.44,99580.0,12.432349776841692,68.05
16.96,99600.0,12.020857239984528,72.7
15.9,99600.0,10.970377534696691,72.55
14.79,99610.0,10.400022787562708,75.0
13.65,99610.0,10.336852556307345,80.4
12.38,99590.0,10.146594010419468,86.25
11.72,99590.0,10.016699163267235,89.3
11.58,99590.0,9.343548587460104,86.15
11.69,99580.0,9.451583252025836,86.15
11.36,99570.0,8.593683005161775,83.1
10.71,99520.0,9.012114671068623,89.25
10.28,99530.0,8.579687609951167,89.2
10.14,99510.0,8.441600355866441,89.2
9.99,99530.0,7.7562819030833,86.0
12.38,99580.0,10.146594010419468,86.25
16.31,99600.0,11.91797380275252,75.25
18.91,99610.0,12.332543917587891,65.65
20.9,99580.0,12.709920988386205,59.5
22.37,99560.0,12.55653865405037,53.85
23.32,99520.0,12.438040475198147,50.45
23.8,99470.0,12.371231984582536,48.8
23.91,99450.0,12.471825221205304,48.8
23.45,99440.0,13.093416272978631,52.25
18.75,99430.0,12.124943357823225,65.41
18.18,99430.0,12.099248198958403,67.67
17.6,99430.0,12.044610099069763,69.93
17.03,99440.0,11.981213233748905,72.19
16.45,99450.0,11.88883377850956,74.44
15.87,99470.0,11.78208959067441,76.7
15.3,99470.0,11.669428131138883,78.96
14.72,99450.0,11.532223540214249,81.22
14.15,98010.0,11.39064948017116,83.48
13.57,97980.0,11.224071941862766,85.73
13.0,97930.0,11.056265252440676,87.99
12.42,97870.0,10.866326410216006,90.25
11.84,97850.0,10.664598754402947,92.51
11.27,97830.0,10.461511290426854,94.77
10.69,97820.0,10.236140435927767,97.02
10.12,97830.0,10.011940627232576,99.28
12.6,97830.0,11.43214647960916,92.6
13.09,97830.0,11.384914895777582,89.4
13.49,97800.0,11.787967643058336,89.45
14.56,97800.0,10.718114619631438,77.75
13.6,97830.0,9.758269334779035,77.6
13.62,97860.0,9.240520356781753,74.85
13.32,97880.0,8.931067733427323,74.75
13.32,97900.0,8.397386007892452,72.1
12.97,97920.0,6.997195634838123,67.05
12.15,97970.0,7.242280060118702,71.95
11.59,98090.0,6.68380381175302,71.85
10.48,98160.0,7.185609097112022,80.05
9.94,98210.0,6.641653975701407,79.95
9.71,98230.0,6.408655890399812,79.9
9.28,98240.0,6.5156608715358635,82.85
9.11,98250.0,5.815499612561116,79.85
9.03,98260.0,5.204735603084781,76.95
8.64,98270.0,5.339918868205221,79.75
8.51,98250.0,5.21337771979365,79.75
8.12,98220.0,5.355341472162096,82.7
7.99,98220.0,5.228248409267098,82.7
8.11,98210.0,5.884676527430097,85.85
8.15,98220.0,5.923955506050164,85.85
8.18,98240.0,6.483818302926823,89.05
8.71,98250.0,7.014711820478109,89.1
9.47,98260.0,6.17501506948229,79.9
10.56,98280.0,5.131982491021666,69.1
11.53,98240.0,4.50066010568888,62.0
11.95,98240.0,4.356529251705985,59.7
11.85,98190.0,4.802853009211493,62.0
11.46,98200.0,4.967051444196172,64.35
10.76,98200.0,6.3912280178858,74.4
10.28,98230.0,6.972651239234117,79.95
9.88,98290.0,7.639728921634527,85.95
9.61,98320.0,7.374590482787038,85.95
9.17,98350.0,7.468398214159044,89.1
8.94,98380.0,7.241556474043942,89.1
8.88,98410.0,7.714796910219399,92.4
8.74,98380.0,7.576116539803626,92.4
8.29,98400.0,7.659142312811978,95.8
8.07,98400.0,7.440268773074958,95.8
7.55,98360.0,6.397303345553409,92.4
7.48,98310.0,6.327959718531256,92.4
7.41,98270.0,6.250768747477447,92.35
7.19,98220.0,6.032843851937873,92.35
7.19,98190.0,5.499310558969205,89.0
7.47,98150.0,5.256197129920564,85.85
8.37,98090.0,7.2096005500828,92.4
9.64,98080.0,7.404050567738849,85.95
11.02,98050.0,6.6519315262799825,74.45
11.95,98000.0,7.029763329672258,71.85
12.56,97960.0,6.584787295500436,66.95
13.21,97870.0,6.694383826288165,64.65
13.62,97810.0,6.579040684130303,62.45
13.85,97750.0,6.796328317964784,62.45
13.93,97700.0,6.871904013695747,62.45
13.86,97630.0,6.805775353646229,62.45
13.37,97570.0,6.3079615791912484,62.3
13.23,97580.0,6.175724515867673,62.3
12.77,97540.0,6.784875071946754,66.95
12.37,97530.0,6.916053071465883,69.35
12.1,97500.0,6.124822319633571,66.85
11.95,97470.0,5.981910397053079,66.85
11.89,97460.0,6.435789853981884,69.25
11.87,97440.0,6.416654376841547,69.25
11.95,97430.0,6.493195883310582,69.25
11.8,97400.0,6.349679679097298,69.25
11.48,97370.0,6.043499177353938,69.25
11.39,97390.0,7.009040293529804,74.45
11.65,97360.0,6.741465097021691,71.85
11.79,97400.0,6.876005971664365,71.85
11.47,97450.0,7.105844906323124,74.55
11.38,97520.0,7.529604119425984,77.2
11.44,97600.0,8.12943565251736,80.1
11.54,97660.0,8.235989279087867,80.15
11.7,97700.0,8.391774040775363,80.15
11.85,97730.0,8.004208001810563,77.3
11.74,97740.0,7.3664648116769476,74.55
11.75,97780.0,7.3761172107867115,74.55
11.68,97800.0,7.30855013205645,74.55
11.51,97840.0,7.144455886893875,74.55
11.27,97900.0,6.893223278349585,74.45
10.78,97990.0,6.938543455494106,77.15
10.56,98020.0,7.263498988214052,80.05
10.07,98070.0,7.305685762711942,82.95
9.71,98150.0,7.472790514723117,85.95
9.47,98190.0,7.2371092321332835,85.95
8.97,98260.0,6.746093280028326,85.95
8.34,98260.0,7.179882809597932,92.4
7.93,98330.0,6.237253882813148,89.05
7.61,98350.0,5.921646377895224,89.05
7.04,98380.0,5.884257635100966,92.35
6.52,98410.0,5.369152090884242,92.35
5.88,98440.0,5.2539205814281855,95.75
6.07,98470.0,4.915613634987001,92.3
8.12,98510.0,7.490012847541909,95.8
9.5,98520.0,7.266569618572279,85.95
10.58,98520.0,7.2829713568392975,80.05
11.64,98490.0,6.731854920744939,71.85
12.11,98480.0,6.667264791966328,69.35
12.49,98430.0,7.0518995248239795,69.45
12.97,98360.0,7.532317844951906,69.55
12.89,98280.0,8.506079501770023,74.7
12.5,98230.0,8.662962462345023,77.45
11.81,98220.0,10.105473913327602,89.3
11.36,98180.0,10.19557681761492,92.55
11.18,98190.0,10.01725537844516,92.55
10.68,98170.0,9.513866295812374,92.5
10.57,98150.0,9.404896535338938,92.5
10.63,98140.0,9.464334642682173,92.5
10.78,98100.0,9.61292932119437,92.5
10.88,98040.0,10.251429319588267,95.9
11.04,97990.0,9.87856009262415,92.55
10.98,97960.0,9.819119032681392,92.55
11.25,97900.0,10.619559102212328,95.9
11.69,97870.0,10.52249632630168,92.55
12.34,97810.0,11.711931805076016,95.95
13.16,97820.0,11.995125510616711,92.65
13.77,97860.0,13.134736437490101,95.95
14.04,97920.0,12.875209464460942,92.7
14.52,97970.0,13.350773664891062,92.7
15.1,98030.0,13.93371970350602,92.75
15.98,98060.0,13.193478438780918,83.55
16.56,98080.0,12.169501040366804,75.3
16.97,98070.0,12.030473093392512,72.7
17.55,98050.0,11.018220655291572,65.55
17.93,98010.0,11.379007550635965,65.55
17.45,98020.0,11.981178221581555,70.3
16.23,97950.0,12.376602618366872,77.95
15.18,97900.0,12.940815165910676,86.5
15.3,97850.0,13.590621037365548,89.55
16.52,97850.0,14.811485975017074,89.65
16.54,97850.0,14.831218043430148,89.65
16.51,97880.0,14.801619932985922,89.65
16.49,97920.0,15.319293432466283,92.8
16.49,97960.0,15.319293432466283,92.8
16.46,97990.0,15.289569118101552,92.8
16.49,98020.0,15.319293432466283,92.8
16.31,98010.0,15.140947061562384,92.8
16.31,98000.0,15.140947061562384,92.8
16.41,98000.0,15.240028522350755,92.8
16.29,98010.0,15.12113072631869,92.8
16.3,98040.0,14.594431845332958,89.65
16.7,98060.0,14.989073839575262,89.65
17.16,98060.0,15.451605908638374,89.7
18.09,98100.0,15.303770071973176,83.8
19.12,98080.0,15.788045991714485,81.05
19.59,98090.0,15.71479143153357,78.35
20.46,98050.0,16.02838517945597,75.75
20.9,98000.0,15.394455482514058,70.8
21.05,97950.0,15.560186080822648,70.9
20.93,97930.0,16.503138481716785,75.85
20.04,97920.0,16.171350762532576,78.45
18.78,97940.0,15.978800254231588,83.8
17.75,97960.0,15.50133908934764,86.7
18.39,97740.0,15.597266329773873,83.8
18.53,97660.0,15.203623587603271,81.0
18.64,97610.0,14.773309076454277,78.25
18.8,97580.0,14.383778908308415,75.55
18.57,97520.0,13.621629880894446,72.95
18.41,97440.0,12.933003872746616,70.45
17.93,97450.0,12.995579914844093,72.9
17.14,97410.0,13.82081560334081,80.85
17.19,97320.0,13.869521502693551,80.85
17.24,97310.0,13.918227153117256,80.85
17.19,97380.0,14.404748401450815,83.7
17.02,97470.0,14.238442161991442,83.7
16.61,97500.0,14.363413762506175,86.6
16.58,97620.0,13.79878375364509,83.65
15.62,97800.0,13.373050840415933,86.5
14.16,97960.0,12.45742519993359,89.5
13.09,98130.0,10.852672648560738,86.3
12.73,98190.0,9.960279692537123,83.25
12.79,98220.0,9.480812534217675,80.3
12.89,98290.0,9.041083159709853,77.45
12.8,98340.0,8.419200402187123,74.7
12.51,98400.0,7.6086244742454445,72.05
12.12,98440.0,7.743085177538958,74.6
11.92,98510.0,7.540205919536617,74.55
11.32,98560.0,7.471444581479562,77.2
11.09,98600.0,7.248495673370703,77.2
10.79,98670.0,6.420182227592982,74.4
10.38,98740.0,6.005003232794977,74.3
10.25,98760.0,5.345726240068004,71.6
9.91,98730.0,6.603351954180835,79.9
9.71,98770.0,5.339014865884614,74.2
8.87,98800.0,6.097292084814851,82.75
8.47,98820.0,6.246623438874083,85.9
7.8,98840.0,5.58026051912506,85.85
7.3,98850.0,5.607796613481014,89.0
6.83,98920.0,5.676235486548939,92.35
8.54,99000.0,6.847042160487721,89.1
9.09,99040.0,5.262889344239129,76.95
9.57,99060.0,4.672322715526867,71.5
10.01,99060.0,4.585033550007614,69.0
10.62,99020.0,4.650209411278452,66.55
11.19,98970.0,4.688672551698789,64.25
11.32,98900.0,4.267781494043051,61.85
11.31,98850.0,4.258339860904662,61.85
10.99,98810.0,3.956196261218032,61.85
10.32,98800.0,3.80804891770566,64.0
9.15,98780.0,3.721006768298894,68.8
8.36,98770.0,3.460034999069311,71.25
7.2,98750.0,2.8593608683112577,73.9
6.71,98710.0,2.9006903983648287,76.65
6.29,98670.0,2.475323561335585,76.55
6.04,98630.0,2.233075851030766,76.55
5.89,98570.0,2.600819357367424,79.4
5.92,98470.0,2.1167941931490386,76.55
6.22,98440.0,2.9397153440505526,79.5
6.35,98320.0,3.0662414165246124,79.5
6.5,98230.0,3.2211203096865058,79.55
6.44,98170.0,3.162720543014121,79.55
6.46,98120.0,3.715168299263734,82.6
6.98,98060.0,4.232158202173892,82.65
8.65,97980.0,6.9555344751738,89.1
10.17,97950.0,7.933048831440453,86.0
11.24,97920.0,9.001010367501799,86.1
11.61,97920.0,10.443243484001608,92.55
11.69,97900.0,11.057331452853031,95.9
11.54,97870.0,10.908091319025413,95.9
11.8,97870.0,11.166773928206926,95.9
12.35,97840.0,11.184472790488657,92.6
13.11,97850.0,11.404643855328228,89.4
12.84,97850.0,11.138301096272597,89.4
11.93,97900.0,10.76025342501742,92.55
11.2,97920.0,10.037068931195595,92.55
10.92,97960.0,10.291227267522396,95.9
10.43,98000.0,9.803700173643639,95.9
10.32,98010.0,9.694254647842776,95.9
10.21,98020.0,9.58480887710998,95.9
10.14,98040.0,9.51516144093492,95.9
10.12,98030.0,8.959106432762443,92.5
10.35,98050.0,9.186955654927962,92.5
10.31,98010.0,8.609277596738107,89.2
9.89,98020.0,8.723256856687135,92.45
9.6,98030.0,7.9007289854871505,89.15
9.19,98040.0,8.02982943349981,92.45
9.05,98060.0,7.891141731552956,92.45
9.62,98070.0,8.455794182461368,92.45
10.13,98080.0,7.893767492033961,86.0
10.69,98070.0,7.920767164586277,83.0
11.37,98050.0,7.519910893180871,77.2
11.73,98040.0,7.356812398997617,74.55
12.29,97950.0,7.376832649667982,71.95
12.83,97900.0,7.377270146245806,69.45
12.68,97820.0,7.233726653286886,69.45
12.05,97750.0,7.675516196972948,74.6
11.52,97670.0,8.216515997447738,80.15
11.09,97600.0,7.78866906936829,80.1
10.7,97530.0,7.930545428555873,83.0
10.11,97370.0,8.412010090902012,89.2
9.91,97320.0,8.743068797275376,92.45
9.75,97290.0,8.584572850236233,92.45
9.38,97260.0,8.21804727537115,92.45
9.09,97210.0,7.930766864671892,92.45
8.94,97120.0,7.241556474043942,89.1
8.42,97120.0,7.259130041622182,92.4
7.73,97120.0,6.575614675012618,92.4
7.07,97150.0,5.380961368480037,89.0
6.73,97240.0,5.577176728048125,92.35
6.39,97320.0,5.768837724836985,95.8
6.62,97440.0,4.937144772329623,89.0
7.14,97580.0,5.449998493579186,89.0
7.2,97760.0,6.042749569145625,92.35
7.5,97920.0,5.813154989221079,89.05
7.71,98040.0,6.555802365823516,92.4
7.59,98150.0,4.837183348429867,82.7
8.27,98220.0,5.501985435374594,82.7
8.61,98280.0,4.248595026605073,74.05
8.67,98380.0,3.777724792844838,71.35
8.23,98470.0,3.3351596950344775,71.25
7.75,98580.0,2.3408739611522305,68.6
7.17,98650.0,1.2369775628706874,65.95
6.76,98710.0,0.2903334666911803,63.35
5.8,98800.0,0.9223523959326494,70.85
5.95,98840.0,0.5584343064451255,68.3
5.64,98870.0,1.3068355406554122,73.65
5.33,98880.0,2.0470032490575796,79.35
5.07,98880.0,2.3221316160296492,82.4
4.76,98890.0,2.5454225796155607,85.55
4.63,98910.0,2.4177858931642042,85.55
4.66,98890.0,2.447240624074333,85.55
4.4,98890.0,2.1919640776909035,85.55
4.12,98920.0,2.4396843114384827,88.8
3.88,98980.0,2.730948130723833,92.2
3.8,99010.0,3.1771710535135247,95.7
4.56,99060.0,3.9406792228801995,95.75
4.99,99090.0,3.305578669743093,88.85
6.03,99100.0,2.223385781177547,76.55
7.05,99090.0,0.0661168004938895,61.1
7.77,99090.0,-0.8147022860220768,54.55
8.16,99050.0,-0.9885835201460171,52.45
8.2,99030.0,-1.48114374707621,50.45
7.67,99020.0,-1.4428293434653146,52.45
7.24,99070.0,-0.8171409007492267,56.55
6.59,99120.0,-0.928232534951774,58.65
5.85,99160.0,-1.144871189012706,60.75
5.09,99200.0,-1.8842263313025096,60.65
3.85,99270.0,0.571692721095087,79.15
3.15,99310.0,-0.11815140963883922,79.1
2.83,99310.0,0.09046258503852007,82.15
2.39,99330.0,-0.33958061609807605,82.15
1.82,99350.0,0.14031189548582515,88.6
1.53,99360.0,-0.14563741312109574,88.6
1.19,99380.0,0.04391474584583597,92.05
0.88,99370.0,-0.26311982353050517,92.05
0.63,99380.0,-0.5181770646641551,92.0
0.71,99390.0,-0.438946151017119,92.0
0.76,99370.0,-0.38942696011499583,92.0
0.78,99370.0,0.16542803302934045,95.65
2.03,99390.0,0.35516373602750106,88.65
2.34,99430.0,0.12888079854635714,85.3
3.1,99450.0,-1.2274803882061902,73.2
3.7,99440.0,-2.2226360310031743,65.2
4.36,99410.0,-3.161545068265216,58.05
4.81,99350.0,-3.7571666582116388,53.8
5.17,99360.0,-4.450604316699561,49.8
5.08,99340.0,-4.533616568227325,49.8
4.93,99360.0,-4.671975736712953,49.8
4.6,99370.0,-4.481338087319614,51.7
4.14,99360.0,-4.417744516724951,53.65
3.49,99340.0,-4.527019275155789,55.7
2.66,99380.0,-4.309283942828472,60.05
2.34,99370.0,-3.5784952961590855,64.9
2.03,99330.0,-3.3490695438000357,67.5
1.73,99290.0,-3.13026469737689,70.1
1.74,99240.0,-2.5852490601573876,72.95
1.63,99240.0,-2.165661726507765,75.85
1.6,99220.0,-2.1947177581101034,75.85
1.39,99210.0,-2.3981132141136063,75.85
1.12,99190.0,-2.1450321087644855,78.8
1.07,99190.0,-1.6629042987850222,81.95
1.15,99170.0,-1.5847254398815684,81.95
1.32,99140.0,-1.4185973556049616,81.95
1.3,99140.0,0.15286157732879732,92.05
1.73,99120.0,-0.4779850594417194,85.25
2.4,99100.0,-0.8652526677170626,79.0
2.88,99090.0,-0.910160687080584,76.1
3.37,99070.0,-0.43549347960754725,76.1
3.8,99040.0,-0.5337450034554577,73.3
3.98,99010.0,-0.8740304200912254,70.6
3.94,99020.0,-0.9124399205117251,70.6
3.85,99000.0,-0.48552359264758493,73.3
3.71,99010.0,-0.6205444458777966,73.3
3.57,99020.0,-0.7555681083903238,73.3
3.43,99000.0,-0.36836116566510335,76.15
3.45,99050.0,0.7132458083204467,82.25
3.46,99030.0,0.7230201164052474,82.25
3.47,99020.0,1.262548043796819,85.45
3.41,98970.0,1.2036412543242911,85.45
3.32,98950.0,1.6350217718864661,88.7
3.25,98880.0,1.0384283074920229,85.4
2.77,98850.0,0.5590916593344236,85.35
2.21,98810.0,0.0012641112424568507,85.3
1.33,98770.0,-0.8786632875060186,85.2
0.66,98710.0,-1.5443310934862842,85.15
0.48,98630.0,-1.7210184751990172,85.15
1.5,98540.0,-0.7037645730513968,85.25
2.47,98400.0,1.3267406011349923,92.15
3.74,98230.0,3.117480096413619,95.7
5.24,98120.0,4.617202067363873,95.75
6.78,98040.0,6.692407498345489,99.4
7.64,98010.0,6.486459164058711,92.4
7.97,97960.0,5.747199190885039,85.85
8.38,97870.0,5.609523062523313,82.7
7.91,97850.0,4.620347278689338,79.7
6.93,97840.0,4.7175543672289155,85.8
6.17,97880.0,4.485287379800945,88.95
5.43,97980.0,3.747475788388415,88.9
4.83,98070.0,3.679609476337779,92.25
4.87,98100.0,3.719230881962576,92.25
4.47,98170.0,3.3230140360640763,92.25
4.1,98200.0,2.948859346599275,92.2
3.86,98240.0,3.236861934120019,95.7
3.72,98270.0,3.097583093715089,95.7
3.66,98270.0,3.03789203462374,95.7
3.76,98280.0,3.6745577707447046,99.4
3.94,98270.0,3.323841108739224,95.75
4.18,98250.0,4.094260325411,99.4
4.36,98240.0,4.27413269067897,99.4
4.39,98290.0,3.7715469947284617,95.75
4.29,98320.0,4.204182337684337,99.4
4.35,98350.0,4.264139783986976,99.4
4.44,98400.0,3.821291830705699,95.75
4.54,98450.0,3.3923524316052895,92.25
4.93,98490.0,2.7205569871811948,85.6
5.31,98540.0,3.6211491941494085,88.85
5.78,98540.0,4.09264492527096,88.9
6.13,98550.0,4.445838085392476,88.95
6.42,98570.0,4.208418069105811,85.75
5.88,98560.0,3.661587148042195,85.65
5.4,98630.0,3.190282106268329,85.65
5.0,98680.0,2.789287739950881,85.6
4.88,98710.0,3.7291362236825667,92.25
4.3,98750.0,3.1469588138033684,92.2
4.07,98790.0,2.919144291957893,92.2
3.94,98800.0,2.790378649543236,92.2
3.67,98790.0,3.0478405497843606,95.7
3.38,98800.0,2.228081384058572,92.15
3.4,98770.0,2.2478907064549984,92.15
3.25,98790.0,2.63000108355486,95.7
3.16,98800.0,2.5404635674247387,95.7
2.6,98780.0,1.9833373775717165,95.7
2.81,98780.0,2.725228657777298,99.4
2.73,98800.0,2.64528503285632,99.4
2.69,98800.0,2.072875964639615,95.7
3.56,98830.0,2.406364720260018,92.15
4.12,98830.0,2.9686693635252337,92.2
4.63,98850.0,3.481501518333192,92.25
5.68,98840.0,4.529295695492062,92.3
6.22,98830.0,4.534598872092734,88.95
6.83,98790.0,4.611016881263784,85.75
7.07,98780.0,4.3201477267473525,82.65
6.86,98770.0,3.571510818068402,79.55
6.45,98760.0,2.6487276453455433,76.65
5.69,98770.0,2.40618190879066,79.4
4.91,98820.0,1.6382642941301593,79.35
3.84,98820.0,2.155666253908344,88.75
2.43,98840.0,0.7495895865422549,88.65
1.71,98860.0,0.5589318904550176,92.05
1.34,98850.0,0.19247848761709346,92.05
0.65,98850.0,-0.4983693122288459,92.0
0.1,98820.0,-1.0430883399925603,92.0
-0.38,98810.0,-0.9957521879990577,95.6
-0.92,98800.0,-1.5329568190070413,95.6
-1.45,98790.0,-2.0602193841590983,95.6
-1.92,98750.0,-2.534844915035374,95.55
-2.15,98740.0,-3.2934536886807697,91.85
-2.5,98740.0,-3.1118276213779184,95.55
-2.59,98780.0,-3.201360084086126,95.55
-1.45,98780.0,-2.0602193841590983,95.6
1.11,98790.0,0.49372820895084824,95.65
3.7,98780.0,2.5450286578519736,92.15
5.77,98790.0,3.023472237172239,82.5
7.28,98740.0,3.462279446251423,76.7
8.1,98700.0,1.615097212255676,63.6
8.3,98640.0,0.21064827306055486,56.7
8.22,98590.0,-0.3956540276437427,54.55
7.86,98540.0,-0.7308883358223579,54.55
6.88,98490.0,-0.11684800877382673,61.0
4.68,98500.0,-0.18245537972046902,70.7
3.06,98490.0,-0.735789601824254,76.1
2.4,98490.0,0.19585888769041,85.35
1.47,98460.0,-0.20479994530111373,88.6
0.94,98450.0,-0.735133155940806,88.55
0.85,98400.0,-0.8238743157134065,88.55
0.06,98350.0,-1.0827047417588913,92.0
-1.13,98320.0,-2.2686624165877713,91.95
-1.74,98270.0,-2.3557828216372423,95.55
-1.83,98250.0,-2.9765550530780676,91.85
-1.74,98190.0,-2.8874280649023274,91.85
-1.53,98170.0,-3.20104894545385,88.35
-1.42,98160.0,-3.0926004319585365,88.35
-1.49,98160.0,-3.1616130396603355,88.35
-0.49,98170.0,-1.634816759177336,91.95
2.18,98150.0,-0.028186074342677055,85.3
4.1,98130.0,0.29877527350846256,76.25
5.51,98120.0,0.1174866371188662,68.2
6.5,98060.0,0.04390629494547492,63.35
7.16,98010.0,0.16992738693935802,61.1
7.54,97960.0,0.022627410823993967,58.9
7.57,97930.0,0.05081630599347542,58.9
7.0,97920.0,0.5504901090567028,63.5
5.45,97950.0,0.060117497007497946,68.2
3.93,97970.0,0.1340764212086663,76.25
3.08,97990.0,0.34319589311043924,82.2
2.38,97880.0,0.17622439104321816,85.35
1.8,97890.0,0.12059140940720194,88.6
1.31,97910.0,0.16276581086795064,92.05
0.86,97910.0,-0.814014163647195,88.55
0.49,97880.0,-0.6568317801529194,92.0
0.15,97900.0,-0.9935679278760193,92.0
-0.17,97880.0,-0.7868409889619751,95.6
-0.45,97850.0,-1.5952019536668272,91.95
-0.68,97830.0,-1.2941984221257705,95.6
-0.8,97820.0,-1.413577463945698,95.6
-0.77,97830.0,-1.3837326741243814,95.6
-0.75,97810.0,-1.3638361584532657,95.6
0.43,97800.0,-0.7162554698857434,92.0
1.92,97810.0,0.2466950150164941,88.65
3.49,97830.0,0.7523429854610958,82.25
5.06,97820.0,1.2561042038189765,76.4
6.54,97770.0,1.6722994413346541,71.05
7.58,97730.0,1.6484769766955785,66.05
8.18,97670.0,2.7521145901322783,68.6
8.21,97640.0,2.7808046118833762,68.6
7.6,97610.0,2.7299575359284205,71.25
6.27,97600.0,2.455944030133236,76.55
5.08,97580.0,2.331906516355137,82.4
4.35,97560.0,2.6664975516425065,88.8
3.57,97470.0,2.4162693127506345,92.15
3.1,97440.0,1.9507492215082234,92.15
2.66,97440.0,2.043029788074373,95.7
2.19,97370.0,1.5681487778189107,95.65
1.81,97320.0,1.1901147705350006,95.65
1.43,97290.0,0.8120776586183565,95.65
1.09,97280.0,0.4738312952444362,95.65
0.97,97200.0,0.35444963239964977,95.65
1.05,97200.0,0.4340374420307326,95.65
0.95,97180.0,0.33455265849108085,95.65
0.79,97210.0,0.7066463895914107,99.4
0.76,97230.0,0.1455309774174072,95.65
1.86,97190.0,0.7150115325035852,92.1
2.82,97180.0,1.6734139807884736,92.15
4.28,97190.0,2.065955060353124,85.5
5.62,97200.0,2.338057782180107,79.4
6.22,97230.0,2.9397153440505526,79.5
6.8,97230.0,2.9879063277980054,76.65
6.54,97250.0,3.2600532733994503,79.55
6.06,97260.0,4.376801605057846,88.95
5.69,97290.0,4.53920135680787,92.3
5.18,97320.0,4.5575092657438665,95.75
4.87,97340.0,4.783770543599607,99.4
4.82,97380.0,4.733806081897462,99.4
4.82,97350.0,4.199350868670766,95.75
4.59,97400.0,3.970526023680352,95.75
4.41,97420.0,3.7914449354185105,95.75
4.56,97460.0,3.9406792228801995,95.75
4.57,97490.0,3.9506281585799576,95.75
4.75,97490.0,4.129708642126298,95.75
4.69,97530.0,4.070015223200073,95.75
4.47,97550.0,3.3230140360640763,92.25
4.47,97590.0,3.3230140360640763,92.25
4.84,97630.0,4.219248628786246,95.75
4.37,97650.0,3.751649045639537,95.75
4.36,97720.0,3.741700067945494,95.75
5.0,97710.0,4.378430407355265,95.75
5.94,97760.0,4.786841638900979,92.3
7.06,97840.0,5.904069180374092,92.35
7.78,97890.0,6.625145381539461,92.4
8.74,97930.0,7.576116539803626,92.4
9.52,97930.0,7.286209840306716,85.95
10.0,97950.0,7.237238782365557,82.95
10.29,98000.0,7.520802034730337,82.95
9.93,98040.0,8.22620652792247,89.15
9.5,98110.0,7.802098248777667,89.15
8.81,98170.0,8.184160307239928,95.85
8.35,98220.0,7.718834922125295,95.8
8.14,98240.0,7.509910462807691,95.8
8.07,98240.0,7.440268773074958,95.8
8.06,98250.0,7.4303199519582765,95.8
8.14,98280.0,7.509910462807691,95.8
7.99,98330.0,7.360678146057372,95.8
7.84,98340.0,7.2114453625588375,95.8
7.4,98380.0,7.311962746753819,99.4
6.89,98400.0,6.80232867295954,99.4
6.18,98390.0,6.092836831147943,99.4
5.41,98390.0,5.32338626341139,99.4
4.65,98430.0,4.563926857339953,99.4
4.63,98460.0,4.54394106065065,99.4
6.19,98510.0,6.102829684241395,99.4
6.83,98520.0,6.742371673017895,99.4
7.35,98560.0,7.261998655553882,99.4
8.1,98550.0,7.47011522397842,95.8
8.71,98520.0,7.5463992207562685,92.4
9.5,98470.0,7.266569618572279,85.95
9.94,98440.0,6.641653975701407,79.95
9.98,98430.0,6.153658003801117,77.1
9.62,98440.0,6.321041291365444,79.9
9.1,98450.0,6.339666209253924,82.85
8.69,98430.0,6.46266561668382,85.9
8.45,98400.0,6.758275225510634,89.1
8.42,98290.0,7.259130041622182,92.4
8.95,98250.0,7.251419218978517,89.1
9.33,98220.0,7.626199445503969,89.1
9.42,98200.0,7.714962018564335,89.1
9.57,98150.0,7.335310269022802,85.95
9.64,98100.0,7.404050567738849,85.95
9.81,98100.0,7.042653662673936,82.9
9.85,98060.0,7.081764132721441,82.9
10.17,98050.0,6.86556521396071,79.95
10.24,98070.0,7.4719123471531015,82.95
10.34,98120.0,7.5696915021660605,82.95
10.44,98110.0,7.146663901598518,80.05
10.08,98120.0,8.91948027884314,92.5
10.22,98140.0,9.058171555399241,92.5
10.52,98180.0,9.355364676230103,92.5
11.01,98200.0,9.848839579389999,92.55
11.88,98230.0,10.174520638675668,89.3
12.34,98210.0,9.56095026552079,83.15
12.61,98240.0,8.235785384412702,74.7
12.58,98270.0,7.675908500038531,72.05
12.3,98270.0,7.916830938427131,74.6
11.46,98310.0,7.096192127254657,74.55
10.23,98340.0,7.462134383220541,82.95
9.48,98350.0,7.246929368124607,85.95
9.13,98360.0,7.4289476860290655,89.1
8.61,98360.0,7.447341243812754,92.4
8.65,98380.0,7.486964480150666,92.4
8.52,98380.0,7.358188739944177,92.4
8.71,98370.0,7.5463992207562685,92.4
8.84,98360.0,7.675174023176927,92.4
8.89,98350.0,7.72470262248836,92.4
8.8,98320.0,7.635551075387753,92.4
8.59,98300.0,7.427529602863494,92.4
8.33,98290.0,7.698937393985183,95.8
8.38,98300.0,7.748681198777373,95.8
8.36,98310.0,7.7287836830837335,95.8
8.67,98310.0,7.506776075539353,92.4
9.56,98310.0,7.86127675657496,89.15
10.24,98330.0,8.001790900090231,86.0
10.84,98320.0,7.536108357971115,80.05
11.39,98330.0,7.539297333639427,77.2
11.74,98320.0,7.3664648116769476,74.55
11.5,98340.0,7.134803162106597,74.55
11.57,98320.0,7.2023719506438075,74.55
11.16,98320.0,7.316350362679196,77.2
10.76,98370.0,7.4582207997899586,80.05
10.48,98400.0,7.185609097112022,80.05
10.24,98410.0,7.4719123471531015,82.95
10.24,98430.0,7.4719123471531015,82.95
10.05,98470.0,7.286129526642767,82.95
9.94,98500.0,7.707179567353424,86.0
9.88,98520.0,8.713350880736781,92.45
9.78,98580.0,8.61429091383746,92.45
9.65,98590.0,8.485512393126319,92.45
9.62,98650.0,8.455794182461368,92.45
9.66,98670.0,8.495418455806215,92.45
9.69,98660.0,8.525136621220668,92.45
9.67,98700.0,8.505324514715237,92.45
9.66,98730.0,9.029842421988535,95.85
9.61,98740.0,8.980096825101556,95.85
9.76,98810.0,9.129333462065382,95.85
9.84,98870.0,9.208926146578,95.85
10.12,98890.0,8.959106432762443,92.5
10.8,98920.0,9.10088835364001,89.25
11.15,98940.0,8.91262173648492,86.1
11.37,98920.0,8.594567963337472,83.05
11.41,98930.0,8.633681405698168,83.05
11.39,98940.0,8.614124702016827,83.05
11.07,98960.0,8.834053581902293,86.1
10.51,98960.0,8.275501879610326,86.05
9.99,99010.0,8.293648540137568,89.2
9.41,99010.0,8.781113925228144,95.85
8.72,98990.0,8.094616628222008,95.85
8.42,99000.0,7.79613649928686,95.85
8.18,99000.0,7.549705668446132,95.8
7.87,98980.0,7.241291956598507,95.8
7.63,98980.0,7.002518681519713,95.8
7.21,98950.0,7.122099161240281,99.4
6.71,98950.0,6.622457641502896,99.4
6.13,98950.0,6.042872561287377,99.4
5.47,98920.0,5.383343512892817,99.4
5.13,98890.0,5.0435856264166485,99.4
5.24,98890.0,5.15350733262106,99.4
5.31,98890.0,5.223457490844633,99.4
5.49,98880.0,4.865921260496216,95.75
6.48,98860.0,5.858380158155951,95.8
7.67,98840.0,7.042314310344335,95.8
8.96,98850.0,7.801984961431368,92.45
10.19,98830.0,7.952689458237917,86.0
11.21,98770.0,7.905504759686513,80.1
11.79,98740.0,7.414726671530664,74.55
11.97,98680.0,7.069279521306501,71.95
11.65,98650.0,7.279592609055111,74.55
10.74,98630.0,7.438748806098423,80.05
9.74,98650.0,7.502250384329768,85.95
9.0,98630.0,7.300732861039535,89.1
7.94,98630.0,6.783643004547473,92.4
7.37,98620.0,6.211146176812283,92.35
7.39,98630.0,6.763744211552032,95.8
7.2,98600.0,6.042749569145625,92.35
6.64,98610.0,6.017566291371965,95.8
5.87,98600.0,5.783058239978893,99.4
5.41,98630.0,4.7863312614703,95.75
4.77,98630.0,4.6838416128730955,99.4
4.4,98610.0,3.7814959661233445,95.75
4.11,98620.0,4.024309935512288,99.4
4.32,98650.0,4.23416106215366,99.4
4.76,98690.0,4.673848718189555,99.4
5.71,98750.0,5.623172405378894,99.4
7.38,98770.0,7.291977111152502,99.4
8.58,98810.0,7.417623776693781,92.4
9.42,98850.0,8.25767191072273,92.45
9.75,98880.0,8.584572850236233,92.45
10.08,98910.0,8.382419776847037,89.2
10.56,98930.0,8.324605597764936,86.05
10.62,98970.0,8.923340548826031,89.25
10.58,99010.0,8.883885242254994,89.25
10.35,99060.0,9.186955654927962,92.5
10.0,99120.0,8.84022779123593,92.5
9.62,99180.0,8.990045948577547,95.85
9.47,99230.0,8.84080888126102,95.85
9.43,99290.0,8.801012252103009,95.85
9.35,99340.0,8.721418895420049,95.85
9.18,99380.0,8.552282576988846,95.85
8.94,99390.0,8.313500883875617,95.85
8.66,99420.0,8.0349207499891,95.85
8.38,99410.0,8.29125745608167,99.4
8.11,99450.0,7.480064036797377,95.8
7.82,99430.0,7.191547622826829,95.8
7.51,99480.0,6.3576784386082155,92.4
7.14,99520.0,5.983315208559149,92.35
6.78,99540.0,5.626706155082937,92.35
6.6,99600.0,5.448399770493585,92.35
6.57,99590.0,5.4186819193110844,92.35
6.65,99630.0,4.966732895746474,89.0
6.85,99640.0,5.163985772831259,89.0
7.06,99650.0,4.845212934348756,85.8
7.46,99630.0,4.710084121687601,82.7
7.58,99570.0,4.827406538512588,82.7
7.71,99560.0,4.425666799034004,79.7
7.41,99530.0,4.133638116977107,79.7
6.94,99570.0,4.193051513468881,82.65
6.59,99610.0,3.8422610640803305,82.6
5.85,99610.0,3.63213107855749,85.65
5.51,99560.0,3.2982910059149355,85.65
5.14,99570.0,2.9267481620853992,85.6
4.76,99560.0,3.078758787638573,88.85
4.33,99540.0,2.6467747802027857,88.8
4.37,99510.0,2.1543153477950736,85.5
4.03,99500.0,1.820506661981022,85.5
3.6,99510.0,1.3901785006360448,85.45
3.16,99510.0,1.477250349589084,88.7
2.94,99490.0,1.2603122527761594,88.7
2.38,99480.0,0.7002868581104807,88.65
1.67,99480.0,0.5193155689118565,92.05
1.09,99500.0,-0.0551282459282317,92.05
1.25,99540.0,1.1593315107416835,99.35
2.48,99540.0,1.3366456215874218,92.15
3.62,99510.0,1.4098138437517256,85.45
4.71,99490.0,1.961736041069105,82.35
5.73,99450.0,1.9235384477262183,76.5
6.56,99420.0,1.6915101545047204,71.05
7.01,99370.0,1.61272965591696,68.5
7.13,99330.0,1.7274934019629478,68.5
6.61,99270.0,1.7395366631023996,71.05
3.36,99250.0,0.6134966503164875,82.18
3.25,99270.0,0.6566377871995652,83.08
3.15,99260.0,0.7078696479770379,83.98
3.05,99240.0,0.7574511702386487,84.88
2.94,99230.0,0.7939758061621642,85.77
2.84,99200.0,0.840354080427856,86.67
2.74,99180.0,0.8851732579987821,87.57
2.63,99160.0,0.9186039763172696,88.47
2.53,98230.0,0.9603786336802939,89.37
2.43,98180.0,1.0006780168267067,90.27
2.32,98140.0,1.0281128347577002,91.16
2.22,98110.0,1.0655430026085286,92.06
2.12,98090.0,1.101574564428035,92.96
2.01,98050.0,1.1263053346440377,93.86
1.91,97990.0,1.159600626379681,94.76
1.81,97990.0,1.1915681191643508,95.66
4.93,97940.0,3.246408553390196,88.85
8.16,97890.0,3.814376165333865,74.05
10.1,97820.0,4.6711339463251536,69.0
11.64,97760.0,5.137789098760561,64.35
12.15,97710.0,5.109282316303312,62.1
12.16,97710.0,5.6533940470795025,64.45
11.66,97740.0,6.215727820711497,69.25
11.16,97780.0,5.716441748670496,69.15
9.98,97870.0,5.086295836956551,71.6
9.05,97920.0,5.224120232192494,76.95
7.95,97940.0,4.139364806693735,76.85
7.17,98000.0,4.417913012586397,82.65
6.47,98050.0,3.724944719804434,82.6
6.09,98120.0,3.8760741387730673,85.7
6.39,98150.0,4.170646818291519,85.7
7.29,98160.0,4.007892474080083,79.65
7.69,98190.0,4.406198517503202,79.7
7.63,98230.0,4.347793418108433,79.7
7.43,98300.0,4.680753316186325,82.7
7.48,98340.0,4.729637947289351,82.7
7.54,98380.0,5.324938507092309,85.85
7.53,98430.0,5.315118332054241,85.85
7.48,98530.0,5.266017348360177,85.85
7.06,98630.0,5.371098899794065,89.0
8.08,98740.0,5.863631006662731,85.9
9.21,98840.0,5.91284723861479,79.85
10.02,98840.0,5.124730675929856,71.6
10.72,98890.0,4.745458141551811,66.55
11.36,98900.0,4.305547811846974,61.85
11.54,98920.0,3.4503628564139337,57.55
11.28,98940.0,3.7028150156666504,59.6
10.65,99010.0,3.6121889210368616,61.75
9.46,99070.0,3.5025260566465217,66.35
8.0,99150.0,3.134034796689045,71.35
6.3,99220.0,3.5501591428508905,82.55
5.64,99310.0,3.4259367418434965,85.65
4.97,99390.0,2.7598317472704754,85.6
4.16,99430.0,2.4791303077010833,88.8
3.81,99450.0,2.653978354692788,92.15
3.68,99450.0,2.5252195710235714,92.15
3.99,99450.0,2.311484197341456,88.8
3.87,99450.0,2.713405261830699,92.15
2.88,99450.0,1.7328432200768817,92.15
2.5,99480.0,1.8838498567419888,95.7
2.11,99500.0,1.488562929023122,95.65
2.27,99530.0,1.6477344890149426,95.65
2.83,99530.0,2.212157869082163,95.7
5.88,99580.0,3.661587148042195,85.65
6.22,99620.0,3.4719518674625385,82.55
6.27,99620.0,4.052818536531902,85.7
7.36,99600.0,3.539805071318288,76.7
7.98,99560.0,2.581329068000858,68.7
8.36,99480.0,2.9447996614017447,68.7
8.57,99450.0,3.145654389932845,68.7
8.44,99410.0,3.5567644217744983,71.35
8.08,99390.0,3.210896958797584,71.35
7.38,99360.0,4.095496753136987,79.65
7.03,99340.0,4.281041361126779,82.65
6.8,99310.0,4.581558847010118,85.75
6.33,99310.0,5.173155675946809,92.3
6.13,99260.0,4.975046644581872,92.3
5.99,99240.0,4.8363694066747,92.3
6.1,99160.0,4.945330157102902,92.3
6.02,99070.0,4.866086021156045,92.3
5.93,98980.0,5.311173774680838,95.8
5.79,98930.0,5.164382560047893,95.75
5.62,98870.0,4.995254722311786,95.75
5.42,98810.0,4.7962800186973125,95.75
5.07,98750.0,4.448072266454917,95.75
5.03,98710.0,4.408276930996031,95.75
5.14,98680.0,4.517714022670538,95.75
5.68,98710.0,5.593193803044101,99.4
6.94,98700.0,5.78519967937329,92.35
8.03,98650.0,6.344023630155891,89.1
9.27,98610.0,7.567024148969288,89.1
10.37,98540.0,8.129453812252985,86.0
10.94,98460.0,8.165221130531936,83.0
11.42,98390.0,8.109963619064533,80.1
11.47,98350.0,7.635821398236551,77.3
11.09,98320.0,7.78866906936829,80.1
10.02,98300.0,7.785743218707982,86.0
9.21,98290.0,8.04964190201363,92.45
8.85,98260.0,8.223957444631443,95.85
8.07,98240.0,6.9124216075319636,92.4
7.73,98230.0,7.1020076913475565,95.8
7.64,98190.0,7.0124675918375585,95.8
7.34,98150.0,6.713999379909594,95.8
7.08,98080.0,6.455325419352163,95.8
6.79,98040.0,6.702400333865743,99.4
6.55,98020.0,5.9280241567856375,95.8
6.69,97990.0,6.602471965483322,99.4
6.69,97960.0,6.602471965483322,99.4
6.76,97940.0,6.672421826426324,99.4
6.89,97890.0,6.80232867295954,99.4
6.92,97880.0,6.296140746594733,95.8
7.16,97870.0,6.534917556579139,95.8
8.2,97870.0,7.041199568851013,92.4
9.88,97840.0,8.176892132425285,89.15
11.62,97800.0,8.313881991359526,80.15
12.96,97780.0,9.108949063674835,77.45
14.23,97700.0,8.780603123211213,69.75
15.09,97640.0,8.568758734547856,65.05
15.02,97610.0,8.50232326551911,65.05
13.85,97610.0,8.927316368187713,72.2
12.23,97620.0,8.917031433340497,80.2
11.01,97620.0,8.242540682341597,83.05
10.06,97600.0,8.362692873537794,89.2
8.87,97580.0,8.243856001031117,95.85
8.44,97600.0,7.278941811660594,92.4
7.58,97590.0,5.892057883759812,89.05
7.09,97610.0,5.4006862891695295,89.0
6.94,97600.0,5.25274884181685,89.0
6.06,97590.0,4.905708119917926,92.3
5.45,97610.0,4.301464422998725,92.3
5.16,97630.0,4.53761164840654,95.75
5.04,97630.0,4.418225768010266,95.75
4.63,97650.0,4.010321728684675,95.75
4.26,97670.0,4.174203610579011,99.4
3.77,97680.0,3.6845506947171933,99.4
3.9,97760.0,3.2840448242100977,95.75
6.4,97780.0,5.778786892392801,95.8
9.86,97770.0,8.693538917523592,92.45
12.39,97740.0,9.072816437579686,80.2
14.19,97700.0,9.274694823756464,72.3
15.31,97630.0,9.314893057003323,67.45
15.87,97600.0,9.331808478015773,65.15
15.74,97580.0,9.746835456322096,67.55
14.42,97570.0,10.03279752967119,74.95
12.64,97600.0,9.334748456669049,80.3
11.42,97590.0,9.177785905087747,86.1
10.53,97620.0,8.295143388243753,86.05
9.76,97620.0,8.05853702418756,89.15
8.71,97630.0,7.5463992207562685,92.4
7.81,97630.0,6.654863759892746,92.4
7.71,97660.0,6.020274331949935,89.05
7.47,97620.0,5.783566312452082,89.05
6.21,97640.0,5.054290441856815,92.3
5.67,97690.0,4.51939003032761,92.3
5.46,97700.0,4.311370172833867,92.3
5.16,97680.0,4.53761164840654,95.75
4.8,97710.0,4.179453100156524,95.75
4.48,97710.0,3.3329195327650916,92.25
4.11,97740.0,3.492974943183297,95.75
4.12,97840.0,3.5029239733705695,95.75
6.32,97860.0,5.6991934938591085,95.8
9.42,97850.0,7.18800844450152,85.95
11.65,97880.0,7.279592609055111,74.55
13.35,97890.0,7.3592895043954,67.05
14.46,97880.0,6.861051659400201,60.3
14.96,97870.0,6.826504654530974,58.25
14.93,97890.0,6.798404946266421,58.25
14.0,97910.0,6.961360200874262,62.55
12.1,97950.0,7.194224846039619,71.95
10.12,98000.0,6.816889329056119,79.95
8.56,98050.0,6.866768085453884,89.1
7.12,98080.0,5.430273628497714,89.0
6.12,98130.0,4.435975747821564,88.95
5.29,98200.0,4.135251898301868,92.25
4.87,98270.0,4.249095253211795,95.75
4.89,98280.0,4.268992992330393,95.75
5.01,98310.0,3.8579053134656855,92.25
5.25,98310.0,4.095631143582667,92.25
5.22,98380.0,4.065915536862128,92.25
5.32,98400.0,4.696792351942792,95.75
5.49,98480.0,4.341087399247157,92.3
5.64,98540.0,4.489673011742385,92.3
6.01,98590.0,4.856180486844167,92.3
6.52,98750.0,5.369152090884242,92.35
8.19,98800.0,7.031293594607383,92.4
9.93,98830.0,9.298467759884453,95.85
11.14,98840.0,8.902800742000222,86.1
11.94,98870.0,8.625446211972546,80.15
12.21,98860.0,7.829958606307578,74.6
12.47,98850.0,7.03275947790051,69.45
12.15,98840.0,7.242280060118702,71.95
11.69,98830.0,7.8490999602929135,77.3
10.35,98810.0,8.109813442887196,86.0
8.9,98810.0,7.734608330960664,92.4
8.18,98820.0,6.491971743826465,89.1
7.87,98800.0,6.71430041408325,92.4
7.68,98780.0,6.5260838735629925,92.4
7.79,98760.0,6.6350515114541215,92.4
7.89,98720.0,7.261189675586064,95.8
7.94,98660.0,6.783643004547473,92.4
8.17,98600.0,7.547401649563511,95.85
8.21,98560.0,7.587199311593373,95.85
8.21,98510.0,7.587199311593373,95.85
8.11,98490.0,7.487705095037004,95.85
7.88,98450.0,7.791617649723139,99.4
7.6,98430.0,6.972671938119424,95.8
7.44,98430.0,6.813488991332586,95.8
7.66,98460.0,7.032365406249865,95.8
8.4,98450.0,7.776237758444732,95.85
9.56,98410.0,8.396357659317603,92.45
10.64,98370.0,8.403171176372963,86.05
11.52,98290.0,8.216515997447738,80.15
12.27,98250.0,8.420893352905281,77.35
12.66,98200.0,8.28405296611376,74.7
12.71,98180.0,8.33232021084097,74.7
11.91,98180.0,8.596237516810278,80.15
10.5,98160.0,7.734978481377973,83.0
9.15,98170.0,7.990204451220458,92.45
7.99,98150.0,6.3045705905446345,89.1
7.3,98130.0,6.141806530977224,92.35
6.88,98090.0,5.725764722446406,92.35
6.44,98050.0,5.2899041666150595,92.35
6.26,97990.0,5.103817690076579,92.3
6.39,97950.0,5.2325880851727655,92.3
6.32,97890.0,5.163250260939426,92.3
6.28,97860.0,5.123628562424885,92.3
6.22,97830.0,5.064195899197805,92.3
6.18,97780.0,4.4951496894342915,88.95
6.28,97720.0,4.593772478456095,88.95
6.3,97670.0,4.613496969210884,88.95
6.11,97630.0,4.426113404663123,88.95
6.12,97660.0,4.965141152604092,92.3
6.99,97680.0,5.302061463288948,89.0
8.11,97680.0,5.354262801169382,82.75
9.32,97690.0,6.55477040656641,82.85
10.92,97650.0,7.074246984176351,77.15
12.5,97590.0,7.061469523343142,69.45
13.46,97560.0,7.464101269049584,67.05
13.43,97560.0,7.972559596413475,69.55
12.58,97590.0,7.1380289128804675,69.45
11.3,97600.0,7.452057972576595,77.2
10.67,97610.0,6.831917595900592,77.15
10.44,97620.0,7.128410468675246,79.95
10.49,97590.0,6.657435768373489,77.15
10.5,97600.0,6.140286383650325,74.4
10.25,97600.0,6.415375719935093,77.1
10.1,97600.0,6.269978077029227,77.1
9.88,97600.0,6.574147812376127,79.9
9.89,97600.0,6.047631417866595,77.0
9.98,97610.0,6.153658003801117,77.1
10.05,97660.0,6.7487426503694765,79.95
9.91,97630.0,7.140429572783867,82.9
9.65,97650.0,7.413870581699706,85.95
9.27,97670.0,7.567024148969288,89.1
8.76,97720.0,7.5959280668517435,92.4
7.74,97690.0,6.049862610247833,89.05
8.63,97750.0,7.467152869575143,92.4
9.27,97820.0,8.109079217051873,92.45
9.61,97840.0,8.44588810469796,92.45
10.9,97870.0,9.199525263059542,89.25
12.44,97850.0,9.121498709190506,80.2
13.49,97830.0,8.051115857389734,69.65
13.79,97890.0,8.338257598303082,69.65
13.19,97960.0,8.272433460622663,72.1
12.79,97990.0,8.409547101507716,74.7
12.16,97960.0,7.781695725715115,74.6
12.04,98000.0,7.136558090444836,71.95
11.44,98000.0,8.12943565251736,80.1
11.32,98050.0,8.012602828667813,80.1
11.1,98080.0,7.798405434017673,80.1
11.24,98140.0,7.934713448583379,80.1
11.59,98160.0,7.752155877786428,77.3
11.85,98200.0,8.004208001810563,77.3
11.44,98240.0,8.12943565251736,80.1
10.66,98270.0,7.891432320010939,83.0
10.09,98310.0,7.854486038211637,86.0
9.89,98340.0,7.64954876332096,85.95
9.74,98350.0,7.502250384329768,85.95
9.41,98360.0,7.1781882654400775,85.95
10.1,98290.0,7.33502005077132,82.95
11.12,98280.0,7.277576326696356,77.2
12.61,98290.0,7.7047442853361225,72.05
13.56,98290.0,8.118116925258423,69.65
14.92,98290.0,8.384716487780148,64.95
15.69,98280.0,8.103017674196463,60.65
15.92,98300.0,8.319444709586854,60.65
15.72,98330.0,8.131247954658292,60.65
15.16,98360.0,7.567956751873557,60.5
14.55,98390.0,7.504392508352335,62.65
14.01,98420.0,7.498541554013811,64.85
13.7,98470.0,7.714637304177463,67.15
13.17,98470.0,7.723731608746628,69.55
13.16,98520.0,7.714161077918479,69.55
12.9,98540.0,8.51573266766511,74.7
12.49,98600.0,8.653266822138443,77.45
12.29,98620.0,9.512055422396369,83.15
11.98,98640.0,9.745051666920421,86.2
11.9,98630.0,10.19424822587732,89.3
11.77,98650.0,10.601748930570292,92.55
11.46,98610.0,10.294643763116067,92.55
11.28,98610.0,10.649407341514806,95.9
10.98,98630.0,9.819119032681392,92.55
10.71,98650.0,10.082287679548706,95.9
10.54,98810.0,9.37517743110887,92.5
10.4,98890.0,9.236487832369933,92.5
10.29,98950.0,9.127516918408642,92.5
10.44,99010.0,9.276113506911544,92.5
11.1,99040.0,8.863516693095418,86.1
11.63,98990.0,9.392655359213213,86.15
12.03,98990.0,8.72229645992232,80.2
11.5,99050.0,8.197042674378457,80.15
10.57,99130.0,7.273235177734164,80.05
10.01,99200.0,6.182738185352538,77.1
9.65,99280.0,5.815019274131752,77.0
9.41,99340.0,5.573035224677924,76.95
8.91,99450.0,6.136397462410427,82.75
8.56,99480.0,5.79422057078156,82.75
8.09,99530.0,5.334708703373847,82.75
7.55,99550.0,5.3347586748968165,85.85
7.31,99580.0,5.61765894870864,89.0
6.94,99580.0,4.727374300572683,85.8
6.61,99610.0,4.927282053401953,89.0
6.2,99630.0,5.044384980667302,92.3
5.99,99640.0,4.8363694066747,92.3
5.81,99630.0,4.658068992404306,92.3
5.33,99630.0,4.70674112806669,95.75
4.82,99630.0,4.199350868670766,95.75
3.74,99680.0,3.654571921921055,99.4
5.04,99690.0,4.418225768010266,95.75
6.59,99710.0,5.438493823922213,92.35
8.18,99700.0,5.961835239300202,85.9
9.43,99690.0,6.662320896809463,82.85
9.89,99640.0,6.047631417866595,77.0
10.15,99630.0,5.783040368247954,74.3
9.91,99590.0,6.067015447272641,77.0
9.07,99570.0,5.77656026730509,79.85
7.84,99560.0,5.081600688838792,82.7
7.01,99590.0,4.796113630673856,85.8
5.81,99600.0,4.658068992404306,92.3
4.54,99560.0,3.3923524316052895,92.25
3.94,99580.0,2.790378649543236,92.2
3.27,99560.0,2.649898285988137,95.7
3.15,99540.0,2.5305149438970984,95.7
2.93,99530.0,1.7823674781776175,92.15
3.03,99490.0,2.411131295826043,95.7
2.73,99490.0,2.1126708369781126,95.7
2.46,99470.0,1.8440547889127832,95.7
2.77,99450.0,2.152465675318372,95.7
2.2,99430.0,1.578096999243394,95.65
1.61,99440.0,1.52607231572892,99.4
1.26,99450.0,1.26,100.0
1.96,99450.0,1.3393390916554353,95.65
3.28,99490.0,2.6598468840174956,95.7
4.53,99500.0,2.8519359215834164,88.85
5.77,99520.0,3.023472237172239,82.5
6.93,99490.0,3.1230955587982416,76.7
8.09,99450.0,3.220504659363096,71.35
8.71,99410.0,3.8161518472003397,71.35
8.85,99400.0,3.950644586223079,71.35
8.01,99400.0,3.14364262116256,71.35
6.51,99400.0,2.706873637622477,76.65
5.52,99390.0,2.7790779746740686,82.5
4.61,99420.0,2.398149368903971,85.55
3.56,99460.0,1.8795554609808343,88.75
2.73,99490.0,1.5842698568303297,92.15
2.38,99500.0,1.2375952403755868,92.15
2.27,99510.0,1.1210983475775254,92.1
1.13,99530.0,0.5136251140569741,95.65
0.64,99560.0,0.02614846313756039,95.65
0.49,99560.0,-0.12308011510849376,95.65
0.34,99580.0,-0.2794892136043506,95.6
0.12,99580.0,-0.4983461482936515,95.6
-0.09,99590.0,-0.7072560226096893,95.6
-0.47,99630.0,-1.0852858526743474,95.6
-0.76,99650.0,-1.3737844152011809,95.6
-1.04,99720.0,-1.6523364873110338,95.6
0.47,99770.0,-0.1429772954265324,95.65
3.83,99810.0,1.6159831467901045,85.45
5.63,99780.0,1.2971885034363906,73.65
7.03,99780.0,1.103677725079882,65.95
7.86,99720.0,1.3875880630929052,63.6
8.11,99730.0,1.111755305091793,61.3
7.63,99710.0,1.1695474622613378,63.6
6.32,99750.0,1.4413544667796596,70.95
4.73,99750.0,1.4543022635376015,79.3
3.83,99780.0,1.6159831467901045,85.45
3.22,99810.0,1.5364148045631336,88.7
2.5,99840.0,1.356455650713139,92.15
2.04,99840.0,0.8932943669773686,92.1
1.72,99840.0,1.1005799456604424,95.65
1.27,99860.0,0.6529032089923216,95.65
0.88,99870.0,0.26491318208345094,95.65
0.6,99890.0,-0.013645777092330738,95.65
0.34,99890.0,0.25696059318163167,99.4
0.17,99900.0,-0.4486058434176039,95.6
-0.01,99860.0,-0.627671195472569,95.6
-0.16,99850.0,-0.2426909873427349,99.4
-0.34,99850.0,-0.9559595047001033,95.6
-0.54,99840.0,-1.1549232692365563,95.6
-0.65,99920.0,-1.2643537106146154,95.6
-0.01,99970.0,-0.627671195472569,95.6
1.21,99970.0,0.06372329646357482,92.05
2.53,99980.0,0.3234823839540827,85.35
3.51,99980.0,0.2408527072636159,79.15
4.13,99950.0,-0.19675835208696543,73.4
4.48,99930.0,-0.907558289554276,68.0
4.19,99930.0,-1.2048590450125292,67.9
3.24,99940.0,-1.6231684891756852,70.4
2.04,99920.0,-2.2867466073127063,73.0
1.3,99920.0,-1.9699220160265787,78.8
0.87,99910.0,-2.3882465577648606,78.8
0.37,99920.0,-2.355229754909626,81.9
0.19,99950.0,-2.013634982547778,85.1
-0.09,99950.0,-2.821188750435199,81.8
-0.48,99920.0,-3.210471936734329,81.75
-0.93,99860.0,-3.658345742564982,81.7
-1.29,99850.0,-3.4900028930470253,84.95
-1.62,99840.0,-4.3406792872029305,81.65
-1.91,99840.0,-4.1141885803750675,84.85
-2.15,99820.0,-4.3497247062130935,84.85
-2.38,99780.0,-5.099443204315365,81.55
-2.6,99740.0,-5.31439010803254,81.55
-2.79,99710.0,-5.508084834104079,81.5
-3.31,99690.0,-4.970985756271947,88.25
-2.64,99680.0,-5.353471862264376,81.55
-1.14,99650.0,-4.918805448771264,75.45
0.32,99610.0,-5.061838972646384,67.1
1.64,99570.0,-5.852152314668386,57.45
2.37,99490.0,-6.687148804640743,51.15
2.63,99440.0,-6.964845319769883,49.15
2.14,99390.0,-6.938232565131307,51.0
1.12,99350.0,-7.42327015853862,52.85
-0.07,99310.0,-7.014364527511585,59.45
-0.93,99300.0,-5.768364990678725,69.65
-1.31,99250.0,-3.509632405321875,84.95
-1.5,99190.0,-3.696114313447269,84.95
-1.07,99160.0,-2.2092386849797125,91.95
-0.45,99110.0,-1.065389467519675,95.6
0.19,99050.0,0.10706519590921483,99.4
0.74,98980.0,0.74,100.0
1.13,98900.0,1.13,100.0
1.61,98820.0,1.52607231572892,99.4
1.74,98800.0,1.6559811231574542,99.4
1.63,98730.0,1.546058289324362,99.4
1.39,98690.0,1.3062265288553057,99.4
1.17,98640.0,1.079392200339395,99.35
1.03,98630.0,0.9394983582629985,99.35
1.09,98600.0,0.999452869626504,99.35
1.2,98600.0,1.1093694441204016,99.35
1.24,98570.0,1.1493390980521334,99.35
1.67,98560.0,0.5193155689118565,92.05
1.96,98520.0,0.2861382667566154,88.65
1.91,98440.0,0.23683418771295034,88.65
2.03,98370.0,0.35516373602750106,88.65
1.82,98340.0,0.6678764465175933,92.05
1.45,98330.0,0.30142466272147395,92.05
1.01,98360.0,0.3942435544158185,95.65
0.97,98360.0,0.35444963239964977,95.65
0.81,98350.0,0.7266324112213755,99.4
0.5,98320.0,-0.11313152817464675,95.65
0.17,98330.0,-0.4486058434176039,95.6
-0.25,98320.0,-0.8664260945297912,95.6
-0.4,98310.0,-1.015648542700078,95.6
-0.51,98270.0,-1.6546241861121813,91.95
-0.66,98230.0,-1.2743019456097227,95.6
-0.78,98160.0,-1.9220260274615006,91.95
-0.84,98100.0,-1.9814490578412325,91.95
-0.88,98040.0,-2.021064492028079,91.95
-0.94,98010.0,-2.08048776420928,91.95
-0.9,98000.0,-2.5723251532769793,88.4
-0.86,97980.0,-2.5328881800590564,88.4
-0.22,97930.0,-1.3674180732678558,91.95
-0.07,97920.0,-1.7463586985965482,88.45
0.11,97900.0,-1.5688903058347803,88.45
0.49,97900.0,-1.7112024448050016,85.15
0.88,97890.0,-1.8485814918566577,81.95
0.91,97840.0,-1.8192638154578773,81.95
0.84,97830.0,-0.8414537187297854,88.5
0.69,97820.0,-0.9893471459437885,88.5
0.41,97820.0,-1.265418384682867,88.5
0.22,97880.0,-1.4604383328309363,88.45
0.3,97920.0,-1.3815646155315713,88.45
0.32,97940.0,-1.3618462447438981,88.45
-0.2,97890.0,-1.3476108800672262,91.95
-0.11,97930.0,-1.7857963767807707,88.45
-0.25,97990.0,-1.3971288932928094,91.95
-0.42,98040.0,-1.5654908918481525,91.95
-0.66,98070.0,-1.2743019456097227,95.6
-1.04,98080.0,-2.179526873581744,91.95
-1.27,98090.0,-1.8811483937882294,95.6
-1.27,98130.0,-1.8811483937882294,95.6
-1.24,98140.0,-1.8513032972491466,95.6
-1.03,98150.0,-1.6423881696548759,95.6
-1.11,98210.0,-1.7219747718127159,95.6
-1.08,98230.0,-1.692129779688722,95.6
-0.29,98300.0,-0.9062186995196374,95.6
0.1,98360.0,-0.5182422854706193,95.6
0.59,98410.0,-0.557792617581991,92.0
1.22,98450.0,-0.45905255246288545,88.55
1.66,98470.0,-0.5467001401213608,85.25
2.04,98460.0,-0.698340664219582,82.05
2.02,98470.0,-0.717886407074311,82.05
1.78,98500.0,-0.42890308580869063,85.25
1.41,98540.0,-0.7921141672908111,85.25
1.08,98590.0,-1.1240669494641782,85.2
0.91,98640.0,-1.290944148982353,85.2
0.7,98690.0,-0.9794875433398758,88.5
0.09,98670.0,-1.0529924344280441,92.0
0.01,98690.0,-1.6674836232149328,88.45
-0.01,98690.0,-1.6872023569370869,88.45
-0.06,98710.0,-1.7364992936852537,88.45
-0.08,98710.0,-1.756218109361742,88.45
-0.1,98720.0,-1.775936948453848,88.45
-0.19,98710.0,-1.337707289511706,91.95
-0.14,98720.0,-1.815374696885081,88.45
-0.16,98720.0,-1.3079965420242932,91.95
-0.17,98710.0,-1.3179001204902419,91.95
-0.18,98710.0,-1.3278037029860452,91.95
-0.21,98730.0,-0.8266335243439189,95.6
-0.24,98740.0,-1.3872252825879536,91.95
-0.06,98770.0,-1.2015543314493746,92.0
0.35,98790.0,-1.3245771016469237,88.5
1.07,98800.0,-1.133883194603032,85.2
1.58,98800.0,-0.625232114606447,85.25
2.13,98790.0,-0.6103852823319771,82.05
2.49,98760.0,-0.2418419513679688,82.15
2.6,98760.0,-0.1343304892735044,82.15
2.5,98810.0,-0.2320681358051353,82.15
2.1,98810.0,-0.10672023408102803,85.3
1.88,98830.0,-0.32269165972794084,85.3
1.63,98820.0,-0.047033654737040555,88.6
0.96,98770.0,-0.18388472996189395,92.05
0.73,98800.0,0.11568537787378654,95.65
0.54,98820.0,-0.07333720194039162,95.65
-0.15,98830.0,-0.766944734322462,95.6
-1.01,98810.0,-1.0921003547212058,99.4
-1.32,98820.0,-1.4018854741569384,99.4
-2.01,98800.0,-2.0914082021048066,99.4
-2.14,98810.0,-2.221318437397672,99.4
-2.14,98800.0,-2.221318437397672,99.4
-2.48,98790.0,-3.0919315427594283,95.55
-2.5,98780.0,-3.1118276213779184,95.55
-2.55,98780.0,-3.1615678564329666,95.55
-2.51,98750.0,-3.121775663987919,95.55
-1.25,98770.0,-1.3319339709713678,99.4
0.9,98770.0,0.2848101860932007,95.65
2.12,98760.0,0.9725307712718037,92.1
3.12,98700.0,1.4378072651973663,88.7
3.94,98650.0,1.2006249789774592,82.3
4.79,98600.0,2.0399320703823647,82.35
4.7,98560.0,1.951961496262056,82.35
3.66,98530.0,1.4490844405576022,85.45
2.14,98510.0,1.518407638446537,95.65
0.87,98490.0,0.2549646768534448,95.65
-0.37,98450.0,-0.4525448695162445,99.4
-0.71,98430.0,-0.792308571654478,99.4
-0.78,98340.0,-0.8622599641252482,99.4
-0.73,98280.0,-0.812294682324504,99.4
-0.77,98250.0,-0.8522669071793074,99.4
-0.99,98190.0,-1.6025949207832748,95.6
-1.4,98120.0,-1.481830066799963,99.4
-1.46,98050.0,-1.5417885235838968,99.4
-1.47,98030.0,-1.5517816007396914,99.4
-1.21,97990.0,-1.2919616898804818,99.4
-0.82,97990.0,-0.9022321948379712,99.4
-0.62,97960.0,-1.2345090186809526,95.6
-0.43,97960.0,-1.0454930910660534,95.6
-0.34,97960.0,-0.42256573558328264,99.4
-0.02,97960.0,-0.6376192912513922,95.6
1.01,97980.0,0.3942435544158185,95.65
1.91,97960.0,0.7645346705261886,92.1
2.47,97940.0,1.3267406011349923,92.15
3.16,97900.0,2.0101778011845886,92.15
3.34,97920.0,2.719538427571772,95.7
3.5,97920.0,2.3469370828675227,92.15
3.48,97930.0,2.3271278389942367,92.15
3.53,97920.0,2.376650919231383,92.15
3.82,97960.0,3.1970680222149506,95.7
4.37,97980.0,3.751649045639537,95.75
3.97,97950.0,2.8200938562980187,92.2
4.17,97940.0,3.5526690928108904,95.75
4.06,97960.0,2.9092392659434383,92.2
3.71,97920.0,3.0876345891785903,95.7
3.06,97930.0,2.4409772365294975,95.7
2.16,97900.0,1.5383041006454807,95.65
1.2,97890.0,1.1093694441204016,99.35
0.46,97850.0,0.37687686355064565,99.4
-0.23,97850.0,-0.22999999999999998,100.0
-0.52,97840.0,-0.602440578721949,99.4
-0.69,97830.0,-0.6900000000000002,100.0
0.21,97820.0,0.12705125268650114,99.4
2.59,97790.0,1.9733886350507985,95.7
3.72,97810.0,3.097583093715089,95.7
4.72,97790.0,4.099861942111823,95.75
5.68,97810.0,4.529295695492062,92.3
6.55,97770.0,4.33607267743924,85.75
7.04,97750.0,3.764542730048716,79.65
6.98,97710.0,3.706137801408044,79.65
6.63,97690.0,4.414628747287721,85.75
5.86,97690.0,4.1715397623780675,88.9
5.34,97690.0,4.184777754527206,92.25
5.15,97680.0,3.9965789855767024,92.25
5.01,97700.0,3.8579053134656855,92.25
4.7,97690.0,4.079964131603689,95.75
4.46,97690.0,3.8411897503985752,95.75
4.3,97700.0,4.214175246133667,99.4
4.11,97680.0,3.492974943183297,95.75
3.97,97690.0,3.3536883000886997,95.75
3.82,97660.0,3.734515310186289,99.4
3.68,97650.0,3.5946143684207432,99.4
3.58,97650.0,2.958303836844964,95.7
3.57,97640.0,2.94835530256088,95.7
3.51,97630.0,2.8886640522348697,95.7
3.43,97630.0,2.8090755994759737,95.7
3.3,97640.0,3.214882951395733,99.4
3.12,97670.0,3.0350100272933136,99.4
2.99,97720.0,2.3713366784732623,95.7
2.98,97750.0,2.3613880188228884,95.7
2.97,97770.0,1.821986813985222,92.15
2.88,97770.0,1.7328432200768817,92.15
2.74,97760.0,1.5941747751976059,92.15
2.64,97760.0,1.4951254148400341,92.15
2.49,97800.0,1.3465506381134702,92.15
2.26,97830.0,1.6377862826404133,95.65
2.06,97870.0,1.4388217036507205,95.65
1.93,97920.0,1.3094942661316438,95.65
1.85,97940.0,1.7659039215505234,99.4
1.24,98020.0,1.1493390980521334,99.35
1.19,98050.0,0.5733157777736932,95.65
1.12,98110.0,0.5036766625789465,95.65
1.0,98130.0,0.3842950771368958,95.65
0.9,98180.0,0.2848101860932007,95.65
0.73,98190.0,0.6466883176720606,99.4
0.49,98230.0,-0.12308011510849376,95.65
0.33,98270.0,0.24696756874706624,99.4
0.13,98300.0,-0.4883980829680009,95.6
-0.08,98300.0,-0.6973079116042276,95.6
-0.29,98370.0,-0.3726005182195878,99.4
-0.47,98400.0,-1.0852858526743474,95.6
-0.2,98460.0,-0.8166853872355665,95.6
-0.29,98540.0,-1.436743376411001,91.95
-0.21,98610.0,-2.4141907935870703,85.05
-0.19,98670.0,-2.9271134732600026,81.75
-0.1,98710.0,-3.8853898643305578,75.6
-0.01,98700.0,-3.7982352659497147,75.6
0.01,98710.0,-4.308224071088764,72.65
-0.24,98730.0,-4.029765994049682,75.55
-0.67,98790.0,-3.9373873317221766,78.5
-1.25,98840.0,-3.9791647291378918,81.65
-1.61,98880.0,-4.330908451765508,81.65
-2.14,98920.0,-4.339910611479522,84.85
-1.84,98990.0,-4.045491387983989,84.85
-2.01,99020.0,-4.212328088086693,84.85
-2.11,99050.0,-4.310468373969778,84.85
-2.14,99070.0,-4.864960970046181,81.55
-2.43,99080.0,-5.148294365501057,81.55
-2.63,99060.0,-5.343701409311705,81.55
-2.54,99060.0,-5.25576776457774,81.55
-2.71,99060.0,-4.899326431387221,84.85
-2.43,99090.0,-5.148294365501057,81.55
-2.48,99080.0,-5.197145766591769,81.55
-2.24,99110.0,-4.962661229275098,81.55
-2.11,99120.0,-4.83565107939607,81.55
-2.12,99130.0,-4.320282445357873,84.85
-1.55,99150.0,-3.7451889634141335,84.95
0.03,99170.0,-3.2310177838536407,78.65
1.22,99150.0,-2.5805380379766576,75.75
2.05,99160.0,-2.277104310640189,73.0
2.6,99100.0,-2.2568229612424577,70.3
2.8,99080.0,-2.064829089198211,70.3
2.35,99070.0,-1.987842160930792,73.0
1.17,99060.0,-2.628960135318574,75.75
0.35,99050.0,-2.919742401550625,78.65
0.13,99060.0,-3.662663537056873,75.6
0.19,99040.0,-4.134706793823585,72.65
-0.39,99050.0,-3.122532249859441,81.75
-0.19,99030.0,-2.9271134732600026,81.75
-0.2,99010.0,-3.4632539619813736,78.6
-0.11,99000.0,-3.8950737735281504,75.6
0.09,98940.0,-4.231104691850548,72.65
0.33,98900.0,-3.9997522117641484,72.65
0.85,98860.0,-4.5358404531051395,67.2
1.13,98850.0,-5.300749807241399,62.15
1.11,98820.0,-5.847547108717092,59.7
1.19,98770.0,-5.7721414182616275,59.7
1.25,98760.0,-6.240874802993694,57.35
1.23,98740.0,-6.259640542361559,57.35
0.36,98750.0,-2.8929506942264744,78.75
0.72,98720.0,-2.5427290922160615,78.75
1.85,98660.0,-1.9525876913419897,75.85
2.95,98600.0,-2.430081962724291,67.7
4.07,98560.0,-1.8498170897272774,65.3
4.85,98480.0,-1.606320523614645,62.95
5.16,98420.0,-1.8181906662237508,60.65
4.8,98380.0,-2.1912763373277864,60.5
4.04,98360.0,-3.4619796219605345,58.05
3.44,98350.0,-5.106051396882502,53.5
3.54,98310.0,-6.5851084789327965,47.45
3.73,98250.0,-7.989788760267592,42.0
3.09,98250.0,-7.0392031605674354,47.3
2.96,98210.0,-8.208288686248705,43.6
2.77,98170.0,-8.42520909217774,43.45
2.57,98180.0,-8.072696796977933,45.3
2.18,98150.0,-7.419153476360869,49.0
1.94,98110.0,-7.123384470666045,51.0
1.85,98070.0,-6.177955179902698,55.2
1.7,98080.0,-5.269441258605619,59.8
1.71,98060.0,-4.730345110119262,62.25
1.93,98040.0,-4.500765400312904,62.35
2.28,98010.0,-4.169311687913705,62.35
2.51,98030.0,-3.9195267688120663,62.5
2.56,98080.0,-2.8227192295081416,67.6
2.77,98090.0,-2.0936277582240703,70.3
3.07,98100.0,-1.7863774613187027,70.4
3.66,98070.0,-1.2006277853111413,70.5
4.36,98030.0,-0.5091529016817666,70.6
4.92,97990.0,0.06747073464568847,70.8
4.92,97980.0,0.593417046185519,73.55
4.72,97960.0,1.4445706710356168,79.3
4.23,98000.0,1.484083167155796,82.3
4.62,97980.0,2.6926888361563406,87.3
4.05,98010.0,2.2356935399379303,87.95
3.48,98020.0,1.7754548702285529,88.59
2.91,98120.0,1.3151655314338877,89.24
2.34,98140.0,0.8517097507692317,89.88
1.77,98150.0,0.3882098038614899,90.53
1.19,98140.0,-0.088275340250806,91.17
0.62,98130.0,-0.5549137322376022,91.82
0.05,98960.0,-1.024571644303657,92.46
-0.52,98910.0,-1.4957219159806687,93.1
-1.09,98900.0,-1.966902178952127,93.75
-1.66,98850.0,-2.4409979398788217,94.39
-2.24,98850.0,-2.925060598875661,95.04
-2.81,98850.0,-3.4020377430574924,95.68
-3.38,98810.0,-3.87903530711468,96.33
-3.95,98780.0,-4.358816387622184,96.97
-2.49,98740.0,-3.101879580968423,95.55
-0.79,98750.0,-1.9319298557830964,91.95
0.39,98780.0,-1.2851379336951063,88.5
1.22,98750.0,-0.9786319888572411,85.25
1.66,98700.0,-0.5467001401213608,85.25
1.77,98650.0,-0.4306787400744583,85.3
1.35,98640.0,-0.3231256332528287,88.6
0.52,98580.0,-0.6271199893400966,92.0
-0.01,98580.0,-0.627671195472569,95.6
-0.24,98650.0,-1.3798297970935929,92.0
-0.46,98630.0,-1.0753376590093795,95.6
-0.69,98610.0,-1.304146663646713,95.6
-0.74,98620.0,-1.3538879038806342,95.6
-0.92,98620.0,-1.002162792122504,99.4
-1.05,98650.0,-1.1320726123803768,99.4
-1.01,98630.0,-1.0921003547212058,99.4
-0.88,98680.0,-0.9621905496939376,99.4
-0.76,98650.0,-1.3737844152011809,95.6
-0.66,98680.0,-1.2743019456097227,95.6
-0.89,98670.0,-1.5031119508752548,95.6
-1.44,98680.0,-2.0502709773148604,95.6
-1.78,98720.0,-2.919732653640024,91.9
-1.89,98740.0,-2.5050011832920953,95.55
-1.45,98810.0,-2.59291562911203,91.9
-0.76,98860.0,-1.9022183829083215,91.95
0.89,98920.0,-0.7844337422524951,88.55
2.27,98940.0,0.06823412272007615,85.35
2.82,98960.0,0.6162787202165435,85.4
3.21,98960.0,0.47865965432108126,82.25
3.44,98930.0,0.7034714910358646,82.25
3.39,98940.0,0.6545997666157867,82.25
3.16,98940.0,1.477250349589084,88.7
3.09,99000.0,1.4082248918386167,88.7
3.03,99070.0,1.349059990667779,88.7
2.64,99110.0,1.4951254148400341,92.15
2.66,99190.0,2.043029788074373,95.7
2.39,99210.0,1.774413338402681,95.7
2.55,99220.0,1.933593643718129,95.7
2.66,99250.0,2.043029788074373,95.7
2.49,99280.0,1.8739010929720479,95.7
2.51,99270.0,1.8937986183870248,95.7
2.45,99270.0,1.834106016643213,95.7
2.54,99310.0,1.9236448905727077,95.7
2.73,99330.0,2.1126708369781126,95.7
2.81,99320.0,2.1922604796604395,95.7
2.84,99340.0,2.2221065606057007,95.7
2.91,99360.0,2.2917473417737955,95.7
2.84,99390.0,2.2221065606057007,95.7
3.06,99440.0,2.975052364837693,99.4
3.54,99460.0,2.9185096869596308,95.7
3.91,99430.0,2.7606634076851946,92.2
4.35,99410.0,3.204147773434621,92.25
4.72,99370.0,3.039311547022175,88.85
4.86,99340.0,3.177376494328556,88.85
4.79,99320.0,3.108344158873101,88.85
4.49,99310.0,2.8124881620130697,88.85
3.98,99340.0,2.829998917415566,92.2
3.89,99350.0,2.74085322694466,92.2
3.69,99340.0,3.0677375737311245,95.7
3.69,99360.0,2.5351241164008216,92.15
3.73,99340.0,1.5259624584470142,85.5
3.43,99300.0,1.7513596468377695,88.75
3.1,99280.0,1.9507492215082234,92.15
2.57,99260.0,1.4257906289724116,92.15
2.19,99230.0,1.5681487778189107,95.65
1.39,99180.0,0.24199953597141927,92.05
0.79,99180.0,-0.3522596081242999,92.05
0.26,99130.0,-0.35189820802003513,95.65
-0.3,99090.0,-0.9161668562052252,95.6
-0.98,99070.0,-1.5926466140036293,95.6
-1.55,99070.0,-2.1597035722449625,95.6
-1.66,99090.0,-2.26913643039134,95.6
-1.12,99130.0,-1.202024074560435,99.4
0.5,99120.0,-0.11313152817464675,95.65
1.27,99120.0,-0.40200988714391744,88.6
1.78,99070.0,0.108642909750263,88.65
2.45,99000.0,0.2449449979335896,85.35
2.73,98940.0,0.0011015093050185738,82.2
2.8,98900.0,0.06952129042872461,82.2
2.26,98870.0,0.05841678055645116,85.35
0.59,98870.0,-0.023594342525069388,95.65
-0.5,98860.0,-1.115130446720838,95.6
-0.93,98840.0,-1.5429051127348947,95.6
-1.01,98830.0,-2.149815098454395,91.95
-0.98,98820.0,-2.1201033595975978,91.95
-0.79,98800.0,-2.4562512365812528,88.45
-0.14,98800.0,-2.337553715249892,85.1
-0.43,98780.0,-2.6301278756523367,85.05
-0.85,98750.0,-2.5230289514563675,88.4
-1.28,98700.0,-3.472324589305479,85.0
-1.89,98690.0,-3.563536267237357,88.3
-2.53,98690.0,-4.2020195342697555,88.25
-2.94,98700.0,-4.083054611090504,91.8
-3.16,98700.0,-4.82310482002323,88.25
-3.21,98680.0,-4.8723983164082085,88.25
-3.59,98700.0,-4.726748953561247,91.8
-2.86,98760.0,-4.003831891508862,91.8
-0.32,98800.0,-3.04593420654406,81.8
0.99,98780.0,-2.2715027534377787,78.8
1.97,98740.0,-1.8185118033025152,75.95
2.54,98700.0,-1.7860915533069806,73.1
2.72,98650.0,-1.593955347936999,73.2
2.13,98630.0,-1.1365940360380482,78.95
0.74,98630.0,-1.9853984300051566,81.95
-0.32,98630.0,-2.5142401691771172,85.1
-0.84,98620.0,-2.513169728734385,88.4
-1.09,98610.0,-2.759652061007907,88.4
-1.6,98630.0,-3.2700620080305796,88.35
-1.6,98620.0,-3.2700620080305796,88.35
-1.23,98560.0,-3.4232476869337085,85.0
-1.2,98480.0,-3.393801637906704,85.0
-1.17,98420.0,-3.8928492185019015,81.7
-1.16,98370.0,-3.8830781309631828,81.7
-0.99,98320.0,-3.7169710979680057,81.7
-1.05,98270.0,-4.306991334862482,78.5
-0.83,98190.0,-5.12710637204431,72.6
-0.77,98140.0,-4.543002098497792,75.55
-0.77,98140.0,-4.543002098497792,75.55
-0.81,98140.0,-4.056627242575895,78.6
-1.17,98180.0,-3.8928492185019015,81.7
-0.66,98180.0,-3.910711897000009,78.6
-0.11,98210.0,-3.3672043782870733,78.65
0.33,98170.0,-3.4513259014953634,75.7
1.09,98080.0,-2.7064361616458967,75.75
1.85,97960.0,-1.9347489791915526,75.95
2.41,97860.0,-0.8555228148091275,79.0
2.88,97770.0,-0.38087773015782933,79.1
3.0,97730.0,-0.26410948980355553,79.1
3.05,97680.0,0.3138739603035823,82.2
3.12,97640.0,0.3822916743288246,82.2
3.28,97590.0,0.5470811633017534,82.25
3.33,97580.0,1.6527468273031698,88.75
3.6,97530.0,2.4459830666657356,92.15
3.8,97510.0,2.124113076918961,88.8
3.88,97430.0,2.730948130723833,92.2
3.86,97400.0,2.7111379265810496,92.2
3.86,97360.0,2.7111379265810496,92.2
4.22,97310.0,3.0753753592968365,92.25
4.66,97310.0,3.5112178108340992,92.25
5.18,97300.0,4.5575092657438665,95.75
5.57,97340.0,4.412595445619589,92.25
5.9,97400.0,4.747219355407508,92.3
6.13,97500.0,4.975046644581872,92.3
6.26,97600.0,5.103817690076579,92.3
6.34,97700.0,4.652945883671201,88.95
6.44,97770.0,4.751567778703046,88.95
6.61,97850.0,5.450505733672262,92.3
6.92,97860.0,5.233023754301885,89.0
7.26,97840.0,5.041608333853668,85.8
7.2,97880.0,5.509172955364903,89.0
6.87,97940.0,4.650294158238268,85.75
6.62,98020.0,4.929085781744929,88.95
6.36,98040.0,4.6726703073768014,88.95
6.21,98090.0,4.516700450276492,88.9
6.09,98140.0,4.398360417705722,88.9
6.17,98160.0,4.4772538625734075,88.9
6.09,98150.0,4.398360417705722,88.9
5.91,98130.0,4.220848853117332,88.9
5.69,98130.0,4.531456036058387,92.25
5.53,98050.0,3.8381005792286382,88.85
5.47,98000.0,3.778932290401301,88.85
5.3,97940.0,3.611287702689856,88.85
5.38,97880.0,3.69017947643332,88.85
5.23,97750.0,3.542257104539363,88.85
5.15,97640.0,3.9965789855767024,92.25
5.3,97600.0,3.611287702689856,88.85
5.58,97540.0,4.4225005161315405,92.25
6.31,97440.0,4.092094747494929,85.7
6.91,97360.0,4.689571318607057,85.75
7.48,97290.0,4.720979695534211,82.65
7.85,97220.0,5.091377266155667,82.7
8.03,97110.0,5.267354128104662,82.7
8.29,96990.0,5.53024807606902,82.75
8.61,96950.0,6.384105228281706,85.9
8.74,96880.0,6.511765625246695,85.9
8.88,96830.0,6.657708502726016,85.95
9.02,96790.0,7.320458279311823,89.1
9.06,96750.0,7.359909049767264,89.1
8.93,96760.0,7.231693723601897,89.1
8.7,96760.0,7.004848943363019,89.1
8.2,96760.0,7.041199568851013,92.4
7.76,96740.0,6.069588101441803,89.05
7.21,96710.0,5.519035346199845,89.0
6.71,96690.0,5.0178441044084,88.95
6.31,96680.0,4.092094747494929,85.7
6.33,96700.0,3.579486722117356,82.55
5.72,96720.0,4.0254654875999645,88.85
5.46,96710.0,3.7690708891887255,88.85
5.14,96700.0,3.453503072228847,88.85
5.01,96690.0,3.325301996735657,88.85
4.86,96670.0,3.177376494328556,88.85
4.91,96660.0,3.2266851361473674,88.85
4.99,96640.0,3.305578669743093,88.85
5.68,96620.0,3.9860204129416457,88.85
6.45,96570.0,3.696796226441846,82.55
6.61,96560.0,3.8532068760804976,82.55
6.53,96530.0,3.775001840229074,82.55
6.28,96580.0,3.5306073781872622,82.55
5.83,96650.0,3.612493662188563,85.65
5.13,96750.0,3.9767685074825714,92.25
4.93,96870.0,3.7786628741653807,92.25
4.86,97000.0,3.7093255363681052,92.25
4.73,97140.0,3.58055569106114,92.25
4.75,97340.0,3.6003664791124996,92.25
4.47,97530.0,3.3230140360640763,92.25
4.25,97700.0,3.1050921283709636,92.25
3.85,97870.0,2.173421464865113,88.8
3.24,98030.0,1.5639948028811541,88.75
2.64,98150.0,1.4951254148400341,92.15
2.15,98270.0,1.0022443576715412,92.1
1.91,98420.0,0.23683418771295034,88.65
1.57,98530.0,0.4202744865958495,92.05
1.43,98660.0,-0.24424174890079609,88.6
1.32,98750.0,-0.3527071851564894,88.6
1.14,98830.0,-0.005606700315008459,92.05
0.68,98980.0,-0.9914977883448348,88.55
0.6,99060.0,-0.5478887233466236,92.0
1.42,99120.0,-0.25410221423572166,88.6
2.35,99150.0,-0.37867634117104276,82.15
3.11,99140.0,-0.15707332313715452,79.1
3.72,99100.0,-0.06938012872672139,76.25
3.91,99080.0,-0.40895986759855446,73.4
3.52,99040.0,0.2505834763307041,79.15
2.54,99050.0,-0.19297296611710044,82.15
1.75,99010.0,-0.9817575814432088,82.05
1.34,98940.0,-0.8608309418387842,85.25
1.07,98890.0,-0.6069523102011616,88.55
0.99,98890.0,-1.2124134289312218,85.2
0.89,98810.0,-1.3105769048898734,85.2
0.86,98730.0,-1.3400260956724939,85.2
0.81,98620.0,-1.3891082321010193,85.2
0.95,98530.0,-1.7801737114292648,81.95
1.03,98460.0,-2.232588508430855,78.8
1.07,98400.0,-2.725805297186757,75.75
1.39,98340.0,-3.456610672327915,70.1
1.42,98230.0,-4.474204040005118,64.8
1.25,98150.0,-5.165951677847704,62.25
1.22,98080.0,-5.194362366066439,62.25
1.44,97990.0,-5.514531059858098,59.8
1.68,97960.0,-4.758752861475213,62.25
1.81,97940.0,-5.1327505911396605,59.95
2.05,97880.0,-4.387121200384794,62.35
2.38,97800.0,-4.042662457530573,62.5
2.6,97730.0,-3.834281074083573,62.5
2.67,97640.0,-3.243963434781057,65.0
2.61,97560.0,-3.8248094357660323,62.5
2.54,97470.0,-3.8911113472602956,62.5
2.29,97430.0,-3.6055088014743832,65.0
1.89,97400.0,-2.4313827995165775,73.0
1.59,97360.0,-1.6705979284850383,78.9
1.43,97320.0,-0.7724808711925714,85.25
1.12,97290.0,-0.5576522459421279,88.55
1.1,97250.0,-0.04522392884938226,92.05
1.08,97230.0,-0.06503256698518811,92.05
1.07,97180.0,0.4539343729377328,95.65
1.02,97150.0,0.404192029544663,95.65
0.95,97130.0,0.33455265849108085,95.65
1.08,97100.0,0.4638828351661214,95.65
1.06,97090.0,0.4439859085592701,95.65
1.14,97070.0,0.5235735633849318,95.65
1.1,97040.0,0.48377975317267835,95.65
1.19,97030.0,0.04391474584583597,92.05
1.28,97030.0,0.6628516282193715,95.65
1.42,97070.0,0.8021292716421278,95.65
1.74,97080.0,0.5961555981223596,92.1
2.5,97080.0,1.356455650713139,92.15
3.12,97050.0,1.4378072651973663,88.7
3.59,96990.0,1.380360817899989,85.45
3.98,96900.0,1.2397231186738067,82.3
3.9,96830.0,1.1615266925369814,82.3
3.54,96790.0,1.3312722924372191,85.45
3.19,96750.0,1.5068326028180854,88.7
2.84,96690.0,1.161703111665091,88.7
2.25,96640.0,0.5720990917663429,88.65
1.96,96580.0,0.8140577097435934,92.1
1.62,96510.0,0.4697950774786043,92.05
1.63,96400.0,0.47969918372120524,92.05
1.61,96290.0,0.45989096725802303,92.05
1.48,96170.0,0.3311371723931876,92.05
1.36,96050.0,-0.3132651274997108,88.6
0.98,95890.0,-0.6956927913026153,88.55
0.42,95720.0,-1.2555586189176466,88.5
0.03,95570.0,-2.170685449677132,85.1
-0.41,95430.0,-2.6104970783925063,85.05
-0.54,95260.0,-2.7380978091211623,85.05
-0.23,95140.0,-2.9579897368087904,81.8
0.04,95030.0,-2.6941609222467493,81.8
0.86,94860.0,-2.397975280527104,78.8
1.22,94770.0,-2.030590871598381,78.9
1.82,94720.0,-1.9638085606532587,75.95
2.46,94670.0,-1.33493947851725,76.0
2.9,94630.0,-0.8907859190549452,76.1
2.6,94610.0,-0.6706577037548335,79.0
2.17,94610.0,-0.03800281793971135,85.3
1.75,94630.0,-0.4503128526335417,85.3
1.67,94670.0,0.5193155689118565,92.05
2.08,94690.0,0.9329126007419275,92.1
2.78,94760.0,1.1025373524093203,88.7
3.02,94820.0,1.8715108954037403,92.15
1.95,94980.0,1.3293908186308514,95.65
2.08,95050.0,1.99574238548777,99.4
2.35,95140.0,2.2655525584944134,99.4
2.5,95230.0,2.4154470067926743,99.4
2.71,95320.0,2.092773405058646,95.7
3.08,95370.0,2.460874519707463,95.7
3.51,95430.0,2.8886640522348697,95.7
3.57,95460.0,2.4162693127506345,92.15
3.12,95460.0,1.970558763771933,92.15
2.88,95420.0,1.2011468367566018,88.7
2.83,95360.0,1.151842166090692,88.7
2.32,95270.0,1.1781648231812158,92.15
1.98,95110.0,1.3592356312545681,95.65
1.63,95070.0,1.546058289324362,99.4
3.18,95140.0,2.5603608081054383,95.7
3.82,95470.0,2.1438364490999007,88.8
3.84,95740.0,1.6339627756508068,85.5
4.61,95870.0,1.8639901815662452,82.35
4.75,95970.0,2.000834128868481,82.35
4.59,96120.0,1.3180589813447345,79.3
4.13,96240.0,-0.19675835208696543,73.4
4.05,96320.0,-0.27392174028461386,73.4
4.11,96360.0,0.8334322162871062,79.2
3.95,96340.0,1.7419621944321046,85.5
4.22,96380.0,1.4827725932282276,82.35
4.5,96520.0,2.290147956558059,85.55
4.17,96670.0,1.4254372782823412,82.3
3.77,96820.0,-0.02093758910660967,76.25
3.52,96880.0,0.2505834763307041,79.15
3.12,96870.0,0.3822916743288246,82.2
2.65,96850.0,0.44128756214283404,85.35
2.74,96800.0,0.5377377362623397,85.4
2.91,96680.0,1.230729570508985,88.7
3.84,96550.0,2.1635597986108612,88.8
4.96,96430.0,3.8083788179614397,92.25
6.14,96380.0,4.9849521327111095,92.3
6.88,96400.0,5.725764722446406,92.35
7.83,96420.0,6.674675993143799,92.4
9.06,96470.0,7.901048020489194,92.45
8.71,96670.0,5.940869147664776,82.75
7.95,96800.0,4.130092596523153,76.8
7.36,96870.0,3.539805071318288,76.7
7.48,96940.0,3.656092029456359,76.7
7.23,97050.0,3.931619942024492,79.55
6.52,97130.0,3.765226170111666,82.55
5.85,97220.0,3.101677205405116,82.5
5.45,97300.0,2.6935714207914074,82.4
5.09,97380.0,2.333161968969276,82.35
5.4,97470.0,3.1820279708074297,85.6
5.14,97530.0,2.918507264445066,85.55
4.68,97600.0,2.4668770743610353,85.55
4.31,97640.0,2.103597954219501,85.55
4.03,97670.0,2.350930488307297,88.8
3.64,97660.0,2.4856013502535372,92.15
3.48,97690.0,2.3271278389942367,92.15
3.78,97710.0,2.631896953994514,92.2
4.41,97690.0,3.263580974491894,92.25
5.13,97670.0,3.9767685074825714,92.25
5.57,97610.0,3.877545992306147,88.85
5.78,97590.0,3.5633999927721582,85.65
5.99,97600.0,4.8363694066747,92.3
6.54,97600.0,5.381168502102681,92.3
7.15,97590.0,5.993220944880231,92.35
7.78,97590.0,5.560620537955614,85.85
8.34,97560.0,6.118960512634925,85.9
8.38,97510.0,6.1582415427246175,85.9
8.58,97470.0,6.354644963734546,85.9
8.54,97440.0,6.315364510122672,85.9
7.87,97450.0,5.649000225367875,85.85
7.26,97450.0,5.041608333853668,85.8
6.81,97450.0,5.1245353753650065,89.0
6.53,97450.0,4.8403270065109645,88.95
6.15,97430.0,4.457530535039234,88.9
6.03,97420.0,4.339190098274925,88.9
5.68,97390.0,3.9860204129416457,88.85
5.44,97380.0,3.7493480698423696,88.85
5.34,97350.0,3.123117687910349,85.6
5.66,97320.0,3.437302797552451,85.6
6.13,97280.0,3.3753900286951644,82.5
6.31,97250.0,2.4947030428653947,76.55
6.65,97220.0,2.8241466291588213,76.55
7.23,97200.0,3.404590840144281,76.65
7.58,97190.0,3.22599982226155,73.9
7.78,97200.0,2.9028787361474135,71.25
7.56,97240.0,3.2067035379617894,73.9
7.48,97300.0,3.656092029456359,76.7
8.22,97340.0,3.8530645611650045,73.95
9.37,97350.0,4.480163974214668,71.5
10.54,97360.0,5.112847466220199,69.1
11.5,97320.0,5.531573519137361,66.75
12.03,97340.0,5.530074880576321,64.45
11.65,97380.0,5.147274335524667,64.35
10.65,97420.0,4.678784224008418,66.55
9.78,97460.0,3.828675870457056,66.45
9.11,97480.0,4.210394808352903,71.4
8.81,97510.0,3.3957877584432623,68.8
9.06,97470.0,3.6349213008400727,68.8
8.87,97460.0,3.4531807801775676,68.8
8.46,97460.0,3.5759786923058514,71.35
8.67,97470.0,3.777724792844838,71.35
9.01,97480.0,3.587095444594881,68.8
9.09,97470.0,3.66361661005609,68.8
8.68,97580.0,3.7873315796628573,71.35
8.85,97660.0,3.9606100199867327,71.4
9.23,97720.0,5.93231663746895,79.85
9.04,97810.0,6.814836593698901,85.95
8.78,97910.0,7.083751806071902,89.1
8.77,98000.0,7.073888967509736,89.1
8.57,98140.0,7.407717946727341,92.4
8.46,98230.0,7.298753566511986,92.4
8.63,98320.0,7.467152869575143,92.4
8.8,98390.0,7.103477466673609,89.1
8.94,98450.0,6.716631752203047,85.95
9.33,98450.0,6.573316997447627,82.9
9.48,98480.0,6.184750224448272,79.9
9.0,98520.0,5.708416007704913,79.85
8.03,98550.0,5.806118223000322,85.85
6.17,98580.0,5.014668574007601,92.3
4.7,98600.0,3.5508394799252456,92.25
3.1,98630.0,3.0150241409796705,99.4
2.95,98680.0,2.865129956283743,99.4
3.13,98650.0,3.045002970010798,99.4
3.17,98640.0,3.0849747379518284,99.4
2.97,98610.0,2.8851158513841173,99.4
3.19,98590.0,3.1049606201649973,99.4
2.76,98540.0,2.1425169689206394,95.7
2.6,98510.0,2.515376602380042,99.4
2.4,98520.0,2.315517381916131,99.4
2.21,98460.0,1.5953348446992957,95.7
2.31,98400.0,1.6948229817534868,95.7
2.18,98370.0,2.0956721040897675,99.4
2.06,98350.0,1.9757564382526636,99.4
1.06,98390.0,0.9694756153728412,99.35
1.6,98380.0,1.6000000000000003,100.0
3.1,98350.0,3.0150241409796705,99.4
4.54,98280.0,3.3923524316052895,92.25
6.16,98200.0,5.0047630974239725,92.3
7.45,98070.0,5.755731058023468,89.0
8.05,97980.0,5.825757842506632,85.85
7.87,97910.0,5.649000225367875,85.85
6.93,97860.0,5.242886300839808,89.0
5.87,97820.0,4.1814015917537475,88.9
4.54,97780.0,3.3923524316052895,92.25
3.36,97720.0,2.208272045957459,92.15
2.85,97660.0,1.7031286181010046,92.15
2.57,97570.0,1.953491143634265,95.7
2.32,97480.0,1.1781648231812158,92.15
2.16,97380.0,1.5383041006454807,95.65
1.84,97340.0,0.6952022496290224,92.1
1.48,97250.0,0.8618195612487779,95.65
1.07,97140.0,0.4539343729377328,95.65
0.44,97060.0,-0.17282308202946262,95.65
0.56,96930.0,-0.053440051723934,95.65
1.09,96790.0,0.4738312952444362,95.65
1.74,96670.0,0.5961555981223596,92.1
2.21,96540.0,1.0692086912043681,92.15
2.86,96430.0,1.1814249856520531,88.7
3.49,96360.0,1.8105270652463255,88.75
5.0,96320.0,3.8480000221137436,92.25
6.89,96170.0,4.135546253165937,82.6
8.24,96050.0,4.941560786179697,79.7
8.95,95970.0,5.127196599420355,76.95
9.09,95910.0,5.262889344239129,76.95
9.08,95860.0,5.253197084498512,76.95
8.72,95800.0,4.885624625610137,76.85
8.31,95780.0,4.488274534411057,76.85
7.79,95790.0,3.9750284015733217,76.8
7.98,95840.0,4.68848444331558,79.7
8.23,95810.0,6.002513116103207,85.85
8.42,95830.0,6.197522457517732,85.9
8.47,95870.0,6.778001249614842,89.1
8.41,95950.0,6.718823111209855,89.1
8.03,96030.0,6.335880065917248,89.05
7.49,96130.0,5.795180031929824,89.0
6.83,96110.0,5.144260585219995,89.0
6.12,96190.0,4.965141152604092,92.3
5.81,96230.0,4.658068992404306,92.3
5.68,96240.0,4.52155100816383,92.25
5.43,96220.0,4.273924051647416,92.25
4.77,96210.0,3.6201772516658246,92.25
3.6,96200.0,2.9782008990386366,95.7
3.0,96220.0,2.3812853359987636,95.7
3.96,96250.0,3.3437392384052886,95.75
5.43,96270.0,4.273924051647416,92.25
6.63,96230.0,4.938947839945522,88.95
7.38,96130.0,4.623217191707724,82.65
7.67,96090.0,4.906725980483058,82.65
7.26,96060.0,3.978690856107216,79.65
6.09,96030.0,3.8677777841451753,85.65
5.02,95990.0,3.3351636517710093,88.85
4.18,95930.0,2.498853271828394,88.8
3.46,95850.0,2.3073185794163606,92.15
2.98,95870.0,1.8318916381214496,92.15
2.57,95810.0,1.953491143634265,95.7
1.88,95740.0,1.2597528472583621,95.65
1.35,95710.0,0.7324905026070908,95.65
1.15,95670.0,1.0594073695652912,99.35
1.06,95580.0,0.4439859085592701,95.65
1.12,95530.0,0.5036766625789465,95.65
1.42,95530.0,0.8021292716421278,95.65
1.97,95510.0,1.3492873625300077,95.65
2.4,95450.0,1.2574053480291159,92.15
2.82,95450.0,1.6734139807884736,92.15
3.02,95420.0,1.8715108954037403,92.15
3.77,95420.0,2.0945279761412565,88.8
4.02,95450.0,2.8696191228822503,92.2
4.47,95480.0,2.792764248382701,88.85
5.4,95500.0,3.709902363464706,88.85
6.07,95460.0,4.3786370003507615,88.9
6.52,95420.0,4.29829293482087,85.7
6.73,95430.0,4.504487896215776,85.7
6.81,95440.0,4.057337661621442,82.6
6.32,95470.0,4.101913781947645,85.7
6.01,95500.0,4.319466613553972,88.9
6.03,95550.0,4.339190098274925,88.9
5.95,95590.0,4.796747200152883,92.3
6.44,95650.0,5.282114987027768,92.3
6.27,95720.0,5.113723128174986,92.3
6.13,95790.0,5.502636415147475,95.75
5.97,95870.0,5.343458432739241,95.75
5.83,95960.0,4.677880211123029,92.3
5.76,96050.0,4.608540878256741,92.3
5.74,96150.0,4.58872960565736,92.3
5.68,96280.0,5.054946969624163,95.75
5.53,96400.0,4.372975124828542,92.25
5.38,96520.0,3.69017947643332,88.85
5.34,96610.0,3.6507336346852517,88.85
5.29,96690.0,3.6014262055898283,88.85
5.27,96840.0,3.5817031944683175,88.85
5.37,96920.0,3.680318024456972,88.85
5.61,97010.0,4.452215704421482,92.25
5.77,97080.0,4.082783045369792,88.9
6.05,97150.0,4.358913560540509,88.9
6.17,97180.0,5.014668574007601,92.3
6.27,97270.0,4.052818536531902,85.7
6.05,97370.0,4.358913560540509,88.9
5.49,97470.0,3.798655075905274,88.85
5.35,97560.0,3.6605951035829425,88.85
5.38,97650.0,3.69017947643332,88.85
5.45,97700.0,3.75920948233575,88.85
4.95,97790.0,3.798473507237219,92.25
5.02,97840.0,3.867810600943176,92.25
5.23,97920.0,3.542257104539363,88.85
5.22,97990.0,4.065915536862128,92.25
4.97,98040.0,3.8182841248112016,92.25
4.93,98070.0,3.7786628741653807,92.25
4.81,98120.0,3.6597987502784464,92.25
4.8,98180.0,3.649893381437039,92.25
4.73,98200.0,3.58055569106114,92.25
4.61,98160.0,3.4616906372932443,92.25
4.41,98130.0,2.7335923721103508,88.85
3.9,98090.0,2.2227297111242645,88.8
4.68,98090.0,3.531028653128722,92.25
4.65,98050.0,3.5013123838749958,92.25
5.11,97950.0,3.956958013890752,92.25
5.53,97870.0,3.8381005792286382,88.85
5.39,97760.0,3.700040922769228,88.85
4.99,97590.0,3.8380947268873506,92.25
4.25,97480.0,3.1050921283709636,92.25
3.87,97400.0,2.72104303060263,92.2
4.37,97380.0,3.2239588559520853,92.25
5.55,97400.0,4.392785292972718,92.25
6.06,97430.0,4.368775283252549,88.9
6.34,97460.0,4.121551828907486,85.7
6.79,97470.0,4.571739487683083,85.75
6.65,97500.0,4.9586719395848595,88.95
6.46,97510.0,4.771292090660757,88.95
6.5,97570.0,4.810740647527824,88.95
6.52,97630.0,4.830464892437257,88.95
6.2,97660.0,4.5068388117713685,88.9
6.11,97690.0,4.95523565677777,92.3
6.22,97730.0,4.526562083167861,88.9
6.09,97760.0,4.935424653579484,92.3
5.91,97740.0,4.75712493205376,92.3
5.84,97780.0,4.687785814709476,92.3
5.7,97800.0,5.074844368597882,95.75
5.75,97840.0,4.598635243881361,92.3
5.62,97910.0,4.995254722311786,95.75
5.46,98000.0,5.373350638711466,99.4
5.41,98100.0,5.32338626341139,99.4
5.33,98170.0,4.70674112806669,95.75
5.15,98250.0,4.527662836588372,95.75
5.23,98360.0,4.075820742976706,92.25
5.25,98470.0,4.095631143582667,92.25
4.67,98580.0,3.521123233918673,92.25
4.37,98680.0,3.2239588559520853,92.25
4.39,98750.0,3.24376992297117,92.25
4.45,98830.0,3.303203031038329,92.25
4.58,98880.0,3.431974286674265,92.25
4.56,98930.0,3.412163366888881,92.25
4.24,98960.0,3.095186542554214,92.25
4.11,98990.0,3.492974943183297,95.75
4.1,99020.0,3.483025910896285,95.75
4.1,99040.0,3.483025910896285,95.75
4.07,99060.0,3.4531788014368194,95.75
3.95,99090.0,3.33379017462213,95.75
3.84,99080.0,3.2243503344238427,95.75
3.73,99070.0,3.1149102401551048,95.75
3.49,99100.0,2.8687669517941794,95.7
3.35,99100.0,2.72948701072718,95.7
3.41,99130.0,2.7891784650378417,95.7
3.24,99130.0,2.6200524791509396,95.7
3.68,99160.0,3.0577890628201554,95.7
4.24,99150.0,2.034868332807934,85.55
4.56,99140.0,0.7534921377545942,76.3
4.65,99050.0,0.3141784901663433,73.45
4.73,99030.0,-0.13444158461617395,70.7
4.46,99030.0,0.1309135869658059,73.45
4.11,99000.0,0.3084633279138397,76.25
4.05,98990.0,-0.27392174028461386,73.4
3.4,99020.0,0.1338135258074565,79.15
2.99,99020.0,0.2552298455347373,82.2
2.15,99030.0,0.47349245672293394,88.65
1.88,99000.0,0.2072516713178073,88.65
1.56,98980.0,0.4103703564853315,92.05
1.36,98990.0,0.2122869188929487,92.05
1.17,98970.0,0.5534188984683911,95.65
0.84,98910.0,-0.3027374657905134,92.05
0.44,98910.0,-0.17282308202946262,95.65
0.02,98940.0,-0.597826921187484,95.6
-0.34,98950.0,-0.9559595047001033,95.6
-0.34,98950.0,-0.9559595047001033,95.6
-0.35,98960.0,-0.9659076722619578,95.6
-0.35,99010.0,-0.9659076722619578,95.6
0.42,99060.0,-0.19272028384867246,95.65
0.6,99160.0,-0.013645777092330738,95.65
2.06,99260.0,0.3847459937903128,88.65
2.97,99360.0,0.23568173345432938,82.2
3.57,99460.0,0.299237157640849,79.15
3.75,99510.0,-0.04031456716012074,76.25
3.73,99580.0,-0.059691595606310564,76.25
3.36,99640.0,0.09488985903945271,79.15
2.76,99690.0,0.030424328013726343,82.2
2.21,99780.0,0.009329957129245406,85.35
1.31,99880.0,-0.36256771400582893,88.6
0.73,99990.0,-0.41168631020477836,92.05
0.6,100100.0,-0.013645777092330738,95.65
0.28,100180.0,-0.8648153248460678,92.0
0.23,100220.0,-0.9143354767000107,92.0
-0.05,100260.0,-1.1916501769526715,92.0
0.0,100290.0,-1.142129464530583,92.0
0.21,100320.0,-1.9860541750607301,85.15
-0.01,100350.0,-1.6872023569370869,88.45
-0.54,100430.0,-1.1549232692365563,95.6
-0.44,100500.0,-1.0554412782052331,95.6
-0.51,100510.0,-1.1250786490868667,95.6
-0.72,100480.0,-1.3339914012612204,95.6
-0.95,100520.0,-1.5628017067164925,95.6
-1.57,100550.0,-2.1796004359662056,95.6
-1.6,100600.0,-2.2094457478631413,95.6
-0.29,100670.0,-1.963267087690771,88.45
0.07,100700.0,-3.720765394912285,75.6
0.17,100690.0,-4.153986255561902,72.65
0.04,100680.0,-4.279304193371432,72.65
0.01,100680.0,-4.308224071088764,72.65
-0.04,100700.0,-4.876575913882732,69.85
-0.28,100710.0,-5.106911651302478,69.85
-0.81,100720.0,-5.1078254675693495,72.6
-1.43,100690.0,-4.685039208298371,78.45
-1.82,100690.0,-4.536097999243108,81.65
-1.82,100750.0,-4.536097999243108,81.65
-1.97,100790.0,-4.173072191621986,84.85
-2.2,100800.0,-4.3987952966088,84.85
-2.18,100720.0,-4.379167037104912,84.85
-2.73,100660.0,-4.918955515796516,84.85
-3.3,100560.0,-5.486140617008768,84.8
-2.64,100510.0,-5.361537059460368,81.5
-1.86,100570.0,-5.120092139835118,78.35
-2.11,100580.0,-5.36323181293969,78.35
-2.51,100560.0,-5.234530739736463,81.5
-3.68,100550.0,-5.874539772667175,84.7
-3.9,100510.0,-6.098150882783622,84.65
-4.39,100520.0,-6.058006345735076,88.1
-4.13,100550.0,-5.794279840073386,88.15
-2.31,100560.0,-5.557748681982824,78.35
-0.8,100500.0,-5.6248030743789545,69.75
0.27,100460.0,-5.089976728319751,67.2
0.87,100390.0,-5.028019681133095,64.65
1.18,100330.0,-4.2008353066681305,67.3
0.89,100300.0,-3.9460631583994394,70.05
0.15,100330.0,-4.173265776233486,72.65
-0.77,100330.0,-4.543002098497792,75.55
-1.31,100330.0,-4.559887697129967,78.5
-1.44,100340.0,-4.694765576416718,78.45
-1.73,100350.0,-5.5075489711304995,75.35
-1.72,100320.0,-5.497866586915521,75.35
-1.85,100270.0,-5.632447329945741,75.3
-1.78,100220.0,-6.079074737672283,72.4
-1.75,100190.0,-6.573948211696935,69.55
-1.89,100140.0,-6.726984240364593,69.45
-1.89,100100.0,-6.726984240364593,69.45
-1.89,100070.0,-7.260549741108588,66.65
-1.66,100050.0,-7.5454014230458855,64.1
-1.63,100010.0,-8.039642460236209,61.55
-1.68,99960.0,-8.08696444757419,61.55
-1.66,99940.0,-8.588613759978418,59.1
-1.08,99980.0,-6.9636884534292,64.25
-0.55,99960.0,-6.965062498712676,61.8
0.98,99930.0,-7.025995658002564,55.05
2.67,99890.0,-6.409371169683008,51.15
3.89,99820.0,-5.697459283681137,49.55
4.81,99730.0,-4.286790899331714,51.7
5.09,99670.0,-4.564340133989619,49.65
4.87,99620.0,-5.2955716581908865,47.7
4.15,99610.0,-7.037582371526086,43.9
3.31,99580.0,-7.325762397883013,45.55
3.15,99570.0,-7.514539418809495,45.4
2.61,99500.0,-7.520707901329496,47.15
2.1,99530.0,-6.975262011179332,51.0
1.72,99490.0,-7.327065067477123,51.0
1.5,99450.0,-7.033262270938486,53.0
1.46,99410.0,-7.070459464837308,53.0
1.4,99360.0,-7.126256087833705,53.0
1.44,99330.0,-7.08905822821536,53.0
1.55,99310.0,-6.986766402662118,53.0
1.75,99340.0,-7.815456297333839,49.0
1.76,99350.0,-7.806239306881992,49.0
1.77,99320.0,-7.797022347183586,49.0
1.86,99390.0,-7.197448505710136,51.0
2.07,99460.0,-4.887613237383592,59.95
2.28,99610.0,-2.5640265924241272,70.3
2.59,99670.0,-0.14410421227349804,82.15
2.91,99770.0,0.7046367549614472,85.4
3.44,99790.0,1.761220897474161,88.75
3.98,99790.0,2.829998917415566,92.2
4.13,99780.0,2.4495458190051425,88.8
4.14,99820.0,1.928504528968049,85.5
4.09,99840.0,1.879414700800064,85.5
3.72,99870.0,1.5161442032418602,85.5
2.51,99990.0,1.5615573069683086,93.45
2.31,100050.0,1.4077632682010612,93.75
2.12,100040.0,1.2621435802640102,94.04
1.92,100130.0,1.1078109347197693,94.34
1.72,100200.0,0.9532060334561379,94.64
1.52,100170.0,0.7968708240338989,94.93
1.33,100150.0,0.6516757192089426,95.23
