profile_id,schedule,model,sample_index,pool_seed,weather_key,weather_source,battery_cap_kwh,total_hours,emobpy_timestep_h,output_timestep_h,ref_year,demand_sum_kwh,availability_hours,generation_version
central_germany_tmy_m00_Tesla_Model_Y_commuter_s0002,commuter,Tesla Model Y,2,110003,central_germany_tmy,PVGIS SARAH3 TMY at lat=51.16 lon=10.45,60.0,8760,0.5,1.0,2009,2221.7024780965417,6955.0,emobpy_pool_v1
central_germany_tmy_m01_Volkswagen_ID_3_commuter_s0001,commuter,Volkswagen ID_3,1,210002,central_germany_tmy,PVGIS SARAH3 TMY at lat=51.16 lon=10.45,55.0,8760,0.5,1.0,2009,1784.688286481849,6764.0,emobpy_pool_v1
central_germany_tmy_m02_Tesla_Model_3_commuter_s0001,commuter,Tesla Model 3,1,310002,central_germany_tmy,PVGIS SARAH3 TMY at lat=51.16 lon=10.45,60.0,8760,0.5,1.0,2009,2018.8483352374283,6792.0,emobpy_pool_v1
central_germany_tmy_m00_Tesla_Model_Y_commuter_s0000,commuter,Tesla Model Y,0,110001,central_germany_tmy,PVGIS SARAH3 TMY at lat=51.16 lon=10.45,60.0,8760,0.5,1.0,2009,2149.968902534705,6729.0,emobpy_pool_v1
central_germany_tmy_m01_Volkswagen_ID_3_commuter_s0000,commuter,Volkswagen ID_3,0,210001,central_germany_tmy,PVGIS SARAH3 TMY at lat=51.16 lon=10.45,55.0,8760,0.5,1.0,2009,2003.1778631943644,6767.0,emobpy_pool_v1
central_germany_tmy_m01_Volkswagen_ID_3_non_commuter_s0001,non-commuter,Volkswagen ID_3,1,220002,central_germany_tmy,PVGIS SARAH3 TMY at lat=51.16 lon=10.45,55.0,8760,0.5,1.0,2009,1923.680999610847,6954.0,emobpy_pool_v1
central_germany_tmy_m00_Tesla_Model_Y_non_commuter_s0002,non-commuter,Tesla Model Y,2,120003,central_germany_tmy,PVGIS SARAH3 TMY at lat=51.16 lon=10.45,60.0,8760,0.5,1.0,2009,2167.338170593574,7029.0,emobpy_pool_v1
central_germany_tmy_m01_Volkswagen_ID_3_commuter_s0002,commuter,Volkswagen ID_3,2,210003,central_germany_tmy,PVGIS SARAH3 TMY at lat=51.16 lon=10.45,55.0,8760,0.5,1.0,2009,2062.651541043673,6863.0,emobpy_pool_v1
central_germany_tmy_m01_Volkswagen_ID_3_non_commuter_s0002,non-commuter,Volkswagen ID_3,2,220003,central_germany_tmy,PVGIS SARAH3 TMY at lat=51.16 lon=10.45,55.0,8760,0.5,1.0,2009,2041.888183624093,7029.0,emobpy_pool_v1
central_germany_tmy_m02_Tesla_Model_3_commuter_s0000,commuter,Tesla Model 3,0,310001,central_germany_tmy,PVGIS SARAH3 TMY at lat=51.16 lon=10.45,60.0,8760,0.5,1.0,2009,2370.7376043231197,6754.0,emobpy_pool_v1
central_germany_tmy_m00_Tesla_Model_Y_non_commuter_s0001,non-commuter,Tesla Model Y,1,120002,central_germany_tmy,PVGIS SARAH3 TMY at lat=51.16 lon=10.45,60.0,8760,0.5,1.0,2009,2413.598959619656,7012.0,emobpy_pool_v1
central_germany_tmy_m02_Tesla_Model_3_commuter_s0002,commuter,Tesla Model 3,2,310003,central_germany_tmy,PVGIS SARAH3 TMY at lat=51.16 lon=10.45,60.0,8760,0.5,1.0,2009,2188.2775456252607,6696.0,emobpy_pool_v1
central_germany_tmy_m01_Volkswagen_ID_3_non_commuter_s0000,non-commuter,Volkswagen ID_3,0,220001,central_germany_tmy,PVGIS SARAH3 TMY at lat=51.16 lon=10.45,55.0,8760,0.5,1.0,2009,2079.751720607809,6987.0,emobpy_pool_v1
central_germany_tmy_m02_Tesla_Model_3_non_commuter_s0000,non-commuter,Tesla Model 3,0,320001,central_germany_tmy,PVGIS SARAH3 TMY at lat=51.16 lon=10.45,60.0,8760,0.5,1.0,2009,2179.449760673452,7017.0,emobpy_pool_v1
central_germany_tmy_m00_Tesla_Model_Y_commuter_s0001,commuter,Tesla Model Y,1,110002,central_germany_tmy,PVGIS SARAH3 TMY at lat=51.16 lon=10.45,60.0,8760,0.5,1.0,2009,2448.3255002807673,6657.0,emobpy_pool_v1
central_germany_tmy_m00_Tesla_Model_Y_non_commuter_s0000,non-commuter,Tesla Model Y,0,120001,central_germany_tmy,PVGIS SARAH3 TMY at lat=51.16 lon=10.45,60.0,8760,0.5,1.0,2009,2517.858037871346,6993.0,emobpy_pool_v1
central_germany_tmy_m02_Tesla_Model_3_non_commuter_s0002,non-commuter,Tesla Model 3,2,320003,central_germany_tmy,PVGIS SARAH3 TMY at lat=51.16 lon=10.45,60.0,8760,0.5,1.0,2009,1851.0519799245858,7133.0,emobpy_pool_v1
central_germany_tmy_m03_Skoda_Enyaq_commuter_s0000,commuter,Skoda Enyaq,0,410001,central_germany_tmy,PVGIS SARAH3 TMY at lat=51.16 lon=10.45,55.0,8760,0.5,1.0,2009,1952.741412758911,6900.0,emobpy_pool_v1
central_germany_tmy_m03_Skoda_Enyaq_commuter_s0001,commuter,Skoda Enyaq,1,410002,central_germany_tmy,PVGIS SARAH3 TMY at lat=51.16 lon=10.45,55.0,8760,0.5,1.0,2009,2068.772305320868,6873.0,emobpy_pool_v1
central_germany_tmy_m02_Tesla_Model_3_non_commuter_s0001,non-commuter,Tesla Model 3,1,320002,central_germany_tmy,PVGIS SARAH3 TMY at lat=51.16 lon=10.45,60.0,8760,0.5,1.0,2009,2407.89522702442,6850.0,emobpy_pool_v1
central_germany_tmy_m03_Skoda_Enyaq_commuter_s0002,commuter,Skoda Enyaq,2,410003,central_germany_tmy,PVGIS SARAH3 TMY at lat=51.16 lon=10.45,55.0,8760,0.5,1.0,2009,2162.3997740286754,6813.0,emobpy_pool_v1
central_germany_tmy_m04_Fiat_500e_non_commuter_s0001,non-commuter,Fiat 500e,1,520002,central_germany_tmy,PVGIS SARAH3 TMY at lat=51.16 lon=10.45,23.8,8760,0.5,1.0,2009,1411.1663867898822,7055.0,emobpy_pool_v1
central_germany_tmy_m04_Fiat_500e_commuter_s0000,commuter,Fiat 500e,0,510001,central_germany_tmy,PVGIS SARAH3 TMY at lat=51.16 lon=10.45,23.8,8760,0.5,1.0,2009,1396.9173211702134,6834.0,emobpy_pool_v1
central_germany_tmy_m04_Fiat_500e_commuter_s0002,commuter,Fiat 500e,2,510003,central_germany_tmy,PVGIS SARAH3 TMY at lat=51.16 lon=10.45,23.8,8760,0.5,1.0,2009,1652.181539569599,6912.0,emobpy_pool_v1
central_germany_tmy_m04_Fiat_500e_non_commuter_s0002,non-commuter,Fiat 500e,2,520003,central_germany_tmy,PVGIS SARAH3 TMY at lat=51.16 lon=10.45,23.8,8760,0.5,1.0,2009,1478.0728782787492,7053.0,emobpy_pool_v1
central_germany_tmy_m03_Skoda_Enyaq_non_commuter_s0002,non-commuter,Skoda Enyaq,2,420003,central_germany_tmy,PVGIS SARAH3 TMY at lat=51.16 lon=10.45,55.0,8760,0.5,1.0,2009,1897.0794517057952,7123.0,emobpy_pool_v1
central_germany_tmy_m04_Fiat_500e_commuter_s0001,commuter,Fiat 500e,1,510002,central_germany_tmy,PVGIS SARAH3 TMY at lat=51.16 lon=10.45,23.8,8760,0.5,1.0,2009,1524.4282955637673,6703.0,emobpy_pool_v1
central_germany_tmy_m03_Skoda_Enyaq_non_commuter_s0001,non-commuter,Skoda Enyaq,1,420002,central_germany_tmy,PVGIS SARAH3 TMY at lat=51.16 lon=10.45,55.0,8760,0.5,1.0,2009,2245.1917032478473,7031.0,emobpy_pool_v1
central_germany_tmy_m03_Skoda_Enyaq_non_commuter_s0000,non-commuter,Skoda Enyaq,0,420001,central_germany_tmy,PVGIS SARAH3 TMY at lat=51.16 lon=10.45,55.0,8760,0.5,1.0,2009,2377.343824610788,6744.0,emobpy_pool_v1
central_germany_tmy_m04_Fiat_500e_non_commuter_s0000,non-commuter,Fiat 500e,0,520001,central_germany_tmy,PVGIS SARAH3 TMY at lat=51.16 lon=10.45,23.8,8760,0.5,1.0,2009,1547.4508298365563,6972.0,emobpy_pool_v1
central_germany_tmy_m05_Hyundai_Kona_Electric_commuter_s0001,commuter,Hyundai Kona Electric,1,610002,central_germany_tmy,PVGIS SARAH3 TMY at lat=51.16 lon=10.45,51.0,8760,0.5,1.0,2009,1922.6780279073917,6773.0,emobpy_pool_v1
central_germany_tmy_m05_Hyundai_Kona_Electric_non_commuter_s0000,non-commuter,Hyundai Kona Electric,0,620001,central_germany_tmy,PVGIS SARAH3 TMY at lat=51.16 lon=10.45,51.0,8760,0.5,1.0,2009,1796.411124062593,7149.0,emobpy_pool_v1
central_germany_tmy_m05_Hyundai_Kona_Electric_commuter_s0002,commuter,Hyundai Kona Electric,2,610003,central_germany_tmy,PVGIS SARAH3 TMY at lat=51.16 lon=10.45,51.0,8760,0.5,1.0,2009,1688.6966005759443,6847.0,emobpy_pool_v1
central_germany_tmy_m05_Hyundai_Kona_Electric_non_commuter_s0002,non-commuter,Hyundai Kona Electric,2,620003,central_germany_tmy,PVGIS SARAH3 TMY at lat=51.16 lon=10.45,51.0,8760,0.5,1.0,2009,2113.5580680712255,7008.0,emobpy_pool_v1
central_germany_tmy_m06_Renault_Zoe_non_commuter_s0000,non-commuter,Renault Zoe,0,720001,central_germany_tmy,PVGIS SARAH3 TMY at lat=51.16 lon=10.45,44.1,8760,0.5,1.0,2009,1727.1558155775422,6997.0,emobpy_pool_v1
central_germany_tmy_m06_Renault_Zoe_commuter_s0000,commuter,Renault Zoe,0,710001,central_germany_tmy,PVGIS SARAH3 TMY at lat=51.16 lon=10.45,44.1,8760,0.5,1.0,2009,1689.457932190614,6968.0,emobpy_pool_v1
central_germany_tmy_m07_Volkswagen_ID_4_commuter_s0001,commuter,Volkswagen ID_4,1,810002,central_germany_tmy,PVGIS SARAH3 TMY at lat=51.16 lon=10.45,55.0,8760,0.5,1.0,2009,1988.89141426214,6859.0,emobpy_pool_v1
central_germany_tmy_m05_Hyundai_Kona_Electric_non_commuter_s0001,non-commuter,Hyundai Kona Electric,1,620002,central_germany_tmy,PVGIS SARAH3 TMY at lat=51.16 lon=10.45,51.0,8760,0.5,1.0,2009,2034.3721769208757,7065.0,emobpy_pool_v1
central_germany_tmy_m06_Renault_Zoe_non_commuter_s0002,non-commuter,Renault Zoe,2,720003,central_germany_tmy,PVGIS SARAH3 TMY at lat=51.16 lon=10.45,44.1,8760,0.5,1.0,2009,1716.8688275159077,6985.0,emobpy_pool_v1
central_germany_tmy_m07_Volkswagen_ID_4_commuter_s0002,commuter,Volkswagen ID_4,2,810003,central_germany_tmy,PVGIS SARAH3 TMY at lat=51.16 lon=10.45,55.0,8760,0.5,1.0,2009,1637.0804221428718,6923.0,emobpy_pool_v1
central_germany_tmy_m07_Volkswagen_ID_4_commuter_s0000,commuter,Volkswagen ID_4,0,810001,central_germany_tmy,PVGIS SARAH3 TMY at lat=51.16 lon=10.45,55.0,8760,0.5,1.0,2009,1986.2765385434416,6796.0,emobpy_pool_v1
central_germany_tmy_m07_Volkswagen_ID_4_non_commuter_s0000,non-commuter,Volkswagen ID_4,0,820001,central_germany_tmy,PVGIS SARAH3 TMY at lat=51.16 lon=10.45,55.0,8760,0.5,1.0,2009,2051.2259302859043,7032.0,emobpy_pool_v1
central_germany_tmy_m06_Renault_Zoe_non_commuter_s0001,non-commuter,Renault Zoe,1,720002,central_germany_tmy,PVGIS SARAH3 TMY at lat=51.16 lon=10.45,44.1,8760,0.5,1.0,2009,1763.1551216427595,7021.0,emobpy_pool_v1
central_germany_tmy_m06_Renault_Zoe_commuter_s0001,commuter,Renault Zoe,1,710002,central_germany_tmy,PVGIS SARAH3 TMY at lat=51.16 lon=10.45,44.1,8760,0.5,1.0,2009,1859.8346603787263,6674.0,emobpy_pool_v1
central_germany_tmy_m07_Volkswagen_ID_4_non_commuter_s0001,non-commuter,Volkswagen ID_4,1,820002,central_germany_tmy,PVGIS SARAH3 TMY at lat=51.16 lon=10.45,55.0,8760,0.5,1.0,2009,2185.4941806763713,7011.0,emobpy_pool_v1
central_germany_tmy_m05_Hyundai_Kona_Electric_commuter_s0000,commuter,Hyundai Kona Electric,0,610001,central_germany_tmy,PVGIS SARAH3 TMY at lat=51.16 lon=10.45,51.0,8760,0.5,1.0,2009,2110.6796107645805,6853.0,emobpy_pool_v1
central_germany_tmy_m07_Volkswagen_ID_4_non_commuter_s0002,non-commuter,Volkswagen ID_4,2,820003,central_germany_tmy,PVGIS SARAH3 TMY at lat=51.16 lon=10.45,55.0,8760,0.5,1.0,2009,1971.1233855111936,7132.0,emobpy_pool_v1
central_germany_tmy_m08_Volkswagen_e_up_commuter_s0000,commuter,Volkswagen e-up,0,910001,central_germany_tmy,PVGIS SARAH3 TMY at lat=51.16 lon=10.45,36.8,8760,0.5,1.0,2009,1798.8816787752417,6651.0,emobpy_pool_v1
central_germany_tmy_m09_Cupra_Born_commuter_s0002,commuter,Cupra Born,2,1010003,central_germany_tmy,PVGIS SARAH3 TMY at lat=51.16 lon=10.45,62.0,8760,0.5,1.0,2009,2090.4059673351207,6748.0,emobpy_pool_v1
central_germany_tmy_m08_Volkswagen_e_up_commuter_s0001,commuter,Volkswagen e-up,1,910002,central_germany_tmy,PVGIS SARAH3 TMY at lat=51.16 lon=10.45,36.8,8760,0.5,1.0,2009,1365.0825253483874,6814.0,emobpy_pool_v1
central_germany_tmy_m09_Cupra_Born_commuter_s0000,commuter,Cupra Born,0,1010001,central_germany_tmy,PVGIS SARAH3 TMY at lat=51.16 lon=10.45,62.0,8760,0.5,1.0,2009,1884.1356997060113,6893.0,emobpy_pool_v1
central_germany_tmy_m08_Volkswagen_e_up_non_commuter_s0001,non-commuter,Volkswagen e-up,1,920002,central_germany_tmy,PVGIS SARAH3 TMY at lat=51.16 lon=10.45,36.8,8760,0.5,1.0,2009,1526.437660747479,7031.0,emobpy_pool_v1
central_germany_tmy_m08_Volkswagen_e_up_non_commuter_s0000,non-commuter,Volkswagen e-up,0,920001,central_germany_tmy,PVGIS SARAH3 TMY at lat=51.16 lon=10.45,36.8,8760,0.5,1.0,2009,1485.5533040900157,6957.0,emobpy_pool_v1
central_germany_tmy_m09_Cupra_Born_non_commuter_s0001,non-commuter,Cupra Born,1,1020002,central_germany_tmy,PVGIS SARAH3 TMY at lat=51.16 lon=10.45,62.0,8760,0.5,1.0,2009,2312.451015584628,7031.0,emobpy_pool_v1
central_germany_tmy_m09_Cupra_Born_commuter_s0001,commuter,Cupra Born,1,1010002,central_germany_tmy,PVGIS SARAH3 TMY at lat=51.16 lon=10.45,62.0,8760,0.5,1.0,2009,2625.003249843113,6541.0,emobpy_pool_v1
central_germany_tmy_m08_Volkswagen_e_up_commuter_s0002,commuter,Volkswagen e-up,2,910003,central_germany_tmy,PVGIS SARAH3 TMY at lat=51.16 lon=10.45,36.8,8760,0.5,1.0,2009,1647.2489779004113,6688.0,emobpy_pool_v1
central_germany_tmy_m09_Cupra_Born_non_commuter_s0002,non-commuter,Cupra Born,2,1020003,central_germany_tmy,PVGIS SARAH3 TMY at lat=51.16 lon=10.45,62.0,8760,0.5,1.0,2009,2187.042187319571,7027.0,emobpy_pool_v1
central_germany_tmy_m10_Audi_Q4_e_tron_commuter_s0001,commuter,Audi Q4 e-tron,1,1110002,central_germany_tmy,PVGIS SARAH3 TMY at lat=51.16 lon=10.45,82.0,8760,0.5,1.0,2009,2054.1180909734157,6834.0,emobpy_pool_v1
central_germany_tmy_m10_Audi_Q4_e_tron_commuter_s0002,commuter,Audi Q4 e-tron,2,1110003,central_germany_tmy,PVGIS SARAH3 TMY at lat=51.16 lon=10.45,82.0,8760,0.5,1.0,2009,2444.068586126702,6900.0,emobpy_pool_v1
central_germany_tmy_m06_Renault_Zoe_commuter_s0002,commuter,Renault Zoe,2,710003,central_germany_tmy,PVGIS SARAH3 TMY at lat=51.16 lon=10.45,44.1,8760,0.5,1.0,2009,1881.66884698506,6600.0,emobpy_pool_v1
central_germany_tmy_m10_Audi_Q4_e_tron_non_commuter_s0002,non-commuter,Audi Q4 e-tron,2,1120003,central_germany_tmy,PVGIS SARAH3 TMY at lat=51.16 lon=10.45,82.0,8760,0.5,1.0,2009,1987.3263535524202,7078.0,emobpy_pool_v1
central_germany_tmy_m10_Audi_Q4_e_tron_non_commuter_s0000,non-commuter,Audi Q4 e-tron,0,1120001,central_germany_tmy,PVGIS SARAH3 TMY at lat=51.16 lon=10.45,82.0,8760,0.5,1.0,2009,2191.947501193076,6938.0,emobpy_pool_v1
central_germany_tmy_m11_Smart_Fortwo_ED_commuter_s0000,commuter,Smart Fortwo ED,0,1210001,central_germany_tmy,PVGIS SARAH3 TMY at lat=51.16 lon=10.45,17.5,8760,0.5,1.0,2009,1269.3857517394147,6949.0,emobpy_pool_v1
central_germany_tmy_m11_Smart_Fortwo_ED_commuter_s0001,commuter,Smart Fortwo ED,1,1210002,central_germany_tmy,PVGIS SARAH3 TMY at lat=51.16 lon=10.45,17.5,8760,0.5,1.0,2009,1309.8323862398395,6753.0,emobpy_pool_v1
central_germany_tmy_m11_Smart_Fortwo_ED_commuter_s0002,commuter,Smart Fortwo ED,2,1210003,central_germany_tmy,PVGIS SARAH3 TMY at lat=51.16 lon=10.45,17.5,8760,0.5,1.0,2009,1214.4360764476328,6748.0,emobpy_pool_v1
central_germany_tmy_m11_Smart_Fortwo_ED_non_commuter_s0001,non-commuter,Smart Fortwo ED,1,1220002,central_germany_tmy,PVGIS SARAH3 TMY at lat=51.16 lon=10.45,17.5,8760,0.5,1.0,2009,1160.8459494929727,7053.0,emobpy_pool_v1
central_germany_tmy_m12_Mini_Cooper_SE_commuter_s0000,commuter,Mini Cooper SE,0,1310001,central_germany_tmy,PVGIS SARAH3 TMY at lat=51.16 lon=10.45,54.2,8760,0.5,1.0,2009,1838.1241224801888,6858.0,emobpy_pool_v1
central_germany_tmy_m11_Smart_Fortwo_ED_non_commuter_s0002,non-commuter,Smart Fortwo ED,2,1220003,central_germany_tmy,PVGIS SARAH3 TMY at lat=51.16 lon=10.45,17.5,8760,0.5,1.0,2009,1326.3334419988832,6950.0,emobpy_pool_v1
central_germany_tmy_m10_Audi_Q4_e_tron_non_commuter_s0001,non-commuter,Audi Q4 e-tron,1,1120002,central_germany_tmy,PVGIS SARAH3 TMY at lat=51.16 lon=10.45,82.0,8760,0.5,1.0,2009,2204.328188336865,7211.0,emobpy_pool_v1
central_germany_tmy_m12_Mini_Cooper_SE_non_commuter_s0002,non-commuter,Mini Cooper SE,2,1320003,central_germany_tmy,PVGIS SARAH3 TMY at lat=51.16 lon=10.45,54.2,8760,0.5,1.0,2009,1930.6803886580515,7061.0,emobpy_pool_v1
central_germany_tmy_m13_Opel_Corsa_e_commuter_s0001,commuter,Opel Corsa-e,1,1410002,central_germany_tmy,PVGIS SARAH3 TMY at lat=51.16 lon=10.45,50.0,8760,0.5,1.0,2009,1677.7859378866156,6738.0,emobpy_pool_v1
central_germany_tmy_m13_Opel_Corsa_e_non_commuter_s0002,non-commuter,Opel Corsa-e,2,1420003,central_germany_tmy,PVGIS SARAH3 TMY at lat=51.16 lon=10.45,50.0,8760,0.5,1.0,2009,1511.8736075342408,7085.0,emobpy_pool_v1
central_germany_tmy_m12_Mini_Cooper_SE_non_commuter_s0000,non-commuter,Mini Cooper SE,0,1320001,central_germany_tmy,PVGIS SARAH3 TMY at lat=51.16 lon=10.45,54.2,8760,0.5,1.0,2009,2001.1079147894877,7126.0,emobpy_pool_v1
central_germany_tmy_m13_Opel_Corsa_e_commuter_s0002,commuter,Opel Corsa-e,2,1410003,central_germany_tmy,PVGIS SARAH3 TMY at lat=51.16 lon=10.45,50.0,8760,0.5,1.0,2009,1571.4479722905937,6983.0,emobpy_pool_v1
central_germany_tmy_m12_Mini_Cooper_SE_commuter_s0002,commuter,Mini Cooper SE,2,1310003,central_germany_tmy,PVGIS SARAH3 TMY at lat=51.16 lon=10.45,54.2,8760,0.5,1.0,2009,2017.3507797551683,6713.0,emobpy_pool_v1
central_germany_tmy_m13_Opel_Corsa_e_commuter_s0000,commuter,Opel Corsa-e,0,1410001,central_germany_tmy,PVGIS SARAH3 TMY at lat=51.16 lon=10.45,50.0,8760,0.5,1.0,2009,1640.8158130049337,6756.0,emobpy_pool_v1
central_germany_tmy_m13_Opel_Corsa_e_non_commuter_s0001,non-commuter,Opel Corsa-e,1,1420002,central_germany_tmy,PVGIS SARAH3 TMY at lat=51.16 lon=10.45,50.0,8760,0.5,1.0,2009,1694.223937442615,7013.0,emobpy_pool_v1
central_germany_tmy_m14_Audi_Q8_e_tron_commuter_s0000,commuter,Audi Q8 e-tron,0,1510001,central_germany_tmy,PVGIS SARAH3 TMY at lat=51.16 lon=10.45,95.0,8760,0.5,1.0,2009,2935.1026579900804,6767.0,emobpy_pool_v1
central_germany_tmy_m12_Mini_Cooper_SE_non_commuter_s0001,non-commuter,Mini Cooper SE,1,1320002,central_germany_tmy,PVGIS SARAH3 TMY at lat=51.16 lon=10.45,54.2,8760,0.5,1.0,2009,2590.970833294248,6991.0,emobpy_pool_v1
central_germany_tmy_m13_Opel_Corsa_e_non_commuter_s0000,non-commuter,Opel Corsa-e,0,1420001,central_germany_tmy,PVGIS SARAH3 TMY at lat=51.16 lon=10.45,50.0,8760,0.5,1.0,2009,1691.0162252005146,6879.0,emobpy_pool_v1
central_germany_tmy_m12_Mini_Cooper_SE_commuter_s0001,commuter,Mini Cooper SE,1,1310002,central_germany_tmy,PVGIS SARAH3 TMY at lat=51.16 lon=10.45,54.2,8760,0.5,1.0,2009,2155.410378357379,6723.0,emobpy_pool_v1
central_germany_tmy_m14_Audi_Q8_e_tron_commuter_s0001,commuter,Audi Q8 e-tron,1,1510002,central_germany_tmy,PVGIS SARAH3 TMY at lat=51.16 lon=10.45,95.0,8760,0.5,1.0,2009,2903.8690708620525,6774.0,emobpy_pool_v1
central_germany_tmy_m15_Hyundai_Ioniq_5_commuter_s0000,commuter,Hyundai Ioniq 5,0,1610001,central_germany_tmy,PVGIS SARAH3 TMY at lat=51.16 lon=10.45,58.0,8760,0.5,1.0,2009,2015.31755269447,6790.0,emobpy_pool_v1
central_germany_tmy_m15_Hyundai_Ioniq_5_non_commuter_s0000,non-commuter,Hyundai Ioniq 5,0,1620001,central_germany_tmy,PVGIS SARAH3 TMY at lat=51.16 lon=10.45,58.0,8760,0.5,1.0,2009,2073.7652160207617,7129.0,emobpy_pool_v1
central_germany_tmy_m15_Hyundai_Ioniq_5_non_commuter_s0002,non-commuter,Hyundai Ioniq 5,2,1620003,central_germany_tmy,PVGIS SARAH3 TMY at lat=51.16 lon=10.45,58.0,8760,0.5,1.0,2009,2186.660340680152,7046.0,emobpy_pool_v1
central_germany_tmy_m15_Hyundai_Ioniq_5_commuter_s0001,commuter,Hyundai Ioniq 5,1,1610002,central_germany_tmy,PVGIS SARAH3 TMY at lat=51.16 lon=10.45,58.0,8760,0.5,1.0,2009,2427.332103389249,6698.0,emobpy_pool_v1
central_germany_tmy_m15_Hyundai_Ioniq_5_non_commuter_s0001,non-commuter,Hyundai Ioniq 5,1,1620002,central_germany_tmy,PVGIS SARAH3 TMY at lat=51.16 lon=10.45,58.0,8760,0.5,1.0,2009,2233.658092844164,6981.0,emobpy_pool_v1
central_germany_tmy_m16_Mercedes_Benz_EQA_commuter_s0000,commuter,Mercedes-Benz EQA,0,1710001,central_germany_tmy,PVGIS SARAH3 TMY at lat=51.16 lon=10.45,69.7,8760,0.5,1.0,2009,2291.21119704185,6685.0,emobpy_pool_v1
central_germany_tmy_m09_Cupra_Born_non_commuter_s0000,non-commuter,Cupra Born,0,1020001,central_germany_tmy,PVGIS SARAH3 TMY at lat=51.16 lon=10.45,62.0,8760,0.5,1.0,2009,2202.332607312951,7092.0,emobpy_pool_v1
central_germany_tmy_m11_Smart_Fortwo_ED_non_commuter_s0000,non-commuter,Smart Fortwo ED,0,1220001,central_germany_tmy,PVGIS SARAH3 TMY at lat=51.16 lon=10.45,17.5,8760,0.5,1.0,2009,1361.2786482599854,7022.0,emobpy_pool_v1
central_germany_tmy_m08_Volkswagen_e_up_non_commuter_s0002,non-commuter,Volkswagen e-up,2,920003,central_germany_tmy,PVGIS SARAH3 TMY at lat=51.16 lon=10.45,36.8,8760,0.5,1.0,2009,1725.881391421545,7087.0,emobpy_pool_v1
central_germany_tmy_m10_Audi_Q4_e_tron_commuter_s0000,commuter,Audi Q4 e-tron,0,1110001,central_germany_tmy,PVGIS SARAH3 TMY at lat=51.16 lon=10.45,82.0,8760,0.5,1.0,2009,2446.343908860724,6699.0,emobpy_pool_v1
central_germany_tmy_m16_Mercedes_Benz_EQA_commuter_s0001,commuter,Mercedes-Benz EQA,1,1710002,central_germany_tmy,PVGIS SARAH3 TMY at lat=51.16 lon=10.45,69.7,8760,0.5,1.0,2009,2487.0275495124883,6654.0,emobpy_pool_v1
central_germany_tmy_m16_Mercedes_Benz_EQA_non_commuter_s0002,non-commuter,Mercedes-Benz EQA,2,1720003,central_germany_tmy,PVGIS SARAH3 TMY at lat=51.16 lon=10.45,69.7,8760,0.5,1.0,2009,1884.0734092425405,7040.0,emobpy_pool_v1
central_germany_tmy_m16_Mercedes_Benz_EQA_commuter_s0002,commuter,Mercedes-Benz EQA,2,1710003,central_germany_tmy,PVGIS SARAH3 TMY at lat=51.16 lon=10.45,69.7,8760,0.5,1.0,2009,2220.227265147598,6692.0,emobpy_pool_v1
central_germany_tmy_m16_Mercedes_Benz_EQA_non_commuter_s0000,non-commuter,Mercedes-Benz EQA,0,1720001,central_germany_tmy,PVGIS SARAH3 TMY at lat=51.16 lon=10.45,69.7,8760,0.5,1.0,2009,2310.464855170858,7035.0,emobpy_pool_v1
central_germany_tmy_m17_Dacia_Spring_commuter_s0001,commuter,Dacia Spring,1,1810002,central_germany_tmy,PVGIS SARAH3 TMY at lat=51.16 lon=10.45,26.8,8760,0.5,1.0,2009,1340.9005688284892,6749.0,emobpy_pool_v1
central_germany_tmy_m17_Dacia_Spring_commuter_s0000,commuter,Dacia Spring,0,1810001,central_germany_tmy,PVGIS SARAH3 TMY at lat=51.16 lon=10.45,26.8,8760,0.5,1.0,2009,1387.8178938511162,6665.0,emobpy_pool_v1
central_germany_tmy_m16_Mercedes_Benz_EQA_non_commuter_s0001,non-commuter,Mercedes-Benz EQA,1,1720002,central_germany_tmy,PVGIS SARAH3 TMY at lat=51.16 lon=10.45,69.7,8760,0.5,1.0,2009,2311.745183304243,6854.0,emobpy_pool_v1
central_germany_tmy_m14_Audi_Q8_e_tron_non_commuter_s0000,non-commuter,Audi Q8 e-tron,0,1520001,central_germany_tmy,PVGIS SARAH3 TMY at lat=51.16 lon=10.45,95.0,8760,0.5,1.0,2009,2534.4595371866567,7112.0,emobpy_pool_v1
central_germany_tmy_m14_Audi_Q8_e_tron_non_commuter_s0002,non-commuter,Audi Q8 e-tron,2,1520003,central_germany_tmy,PVGIS SARAH3 TMY at lat=51.16 lon=10.45,95.0,8760,0.5,1.0,2009,2728.1183047628806,6995.0,emobpy_pool_v1
central_germany_tmy_m17_Dacia_Spring_non_commuter_s0000,non-commuter,Dacia Spring,0,1820001,central_germany_tmy,PVGIS SARAH3 TMY at lat=51.16 lon=10.45,26.8,8760,0.5,1.0,2009,1169.1392146301196,7122.0,emobpy_pool_v1
central_germany_tmy_m17_Dacia_Spring_non_commuter_s0001,non-commuter,Dacia Spring,1,1820002,central_germany_tmy,PVGIS SARAH3 TMY at lat=51.16 lon=10.45,26.8,8760,0.5,1.0,2009,1312.6197903498069,7162.0,emobpy_pool_v1
central_germany_tmy_m17_Dacia_Spring_commuter_s0002,commuter,Dacia Spring,2,1810003,central_germany_tmy,PVGIS SARAH3 TMY at lat=51.16 lon=10.45,26.8,8760,0.5,1.0,2009,1333.130221791758,6678.0,emobpy_pool_v1
central_germany_tmy_m17_Dacia_Spring_non_commuter_s0002,non-commuter,Dacia Spring,2,1820003,central_germany_tmy,PVGIS SARAH3 TMY at lat=51.16 lon=10.45,26.8,8760,0.5,1.0,2009,1368.8962733674086,7086.0,emobpy_pool_v1
central_germany_tmy_m14_Audi_Q8_e_tron_commuter_s0002,commuter,Audi Q8 e-tron,2,1510003,central_germany_tmy,PVGIS SARAH3 TMY at lat=51.16 lon=10.45,95.0,8760,0.5,1.0,2009,3390.1235040420283,6657.0,emobpy_pool_v1
central_germany_tmy_m14_Audi_Q8_e_tron_non_commuter_s0001,non-commuter,Audi Q8 e-tron,1,1520002,central_germany_tmy,PVGIS SARAH3 TMY at lat=51.16 lon=10.45,95.0,8760,0.5,1.0,2009,3545.1785018111873,6935.0,emobpy_pool_v1
central_germany_tmy_m15_Hyundai_Ioniq_5_commuter_s0002,commuter,Hyundai Ioniq 5,2,1610003,central_germany_tmy,PVGIS SARAH3 TMY at lat=51.16 lon=10.45,58.0,8760,0.5,1.0,2009,2322.227834023551,6488.0,emobpy_pool_v1
central_germany_tmy_m18_Opel_Mokka_e_commuter_s0002,commuter,Opel Mokka-e,2,1910003,central_germany_tmy,PVGIS SARAH3 TMY at lat=51.16 lon=10.45,50.0,8760,0.5,1.0,2009,1680.845521219205,6941.0,emobpy_pool_v1
central_germany_tmy_m18_Opel_Mokka_e_non_commuter_s0001,non-commuter,Opel Mokka-e,1,1920002,central_germany_tmy,PVGIS SARAH3 TMY at lat=51.16 lon=10.45,50.0,8760,0.5,1.0,2009,1698.9168631764067,7110.0,emobpy_pool_v1
central_germany_tmy_m18_Opel_Mokka_e_commuter_s0000,commuter,Opel Mokka-e,0,1910001,central_germany_tmy,PVGIS SARAH3 TMY at lat=51.16 lon=10.45,50.0,8760,0.5,1.0,2009,1876.2843581228358,6629.0,emobpy_pool_v1
central_germany_tmy_m18_Opel_Mokka_e_non_commuter_s0000,non-commuter,Opel Mokka-e,0,1920001,central_germany_tmy,PVGIS SARAH3 TMY at lat=51.16 lon=10.45,50.0,8760,0.5,1.0,2009,2066.104817262498,6773.0,emobpy_pool_v1
central_germany_tmy_m18_Opel_Mokka_e_non_commuter_s0002,non-commuter,Opel Mokka-e,2,1920003,central_germany_tmy,PVGIS SARAH3 TMY at lat=51.16 lon=10.45,50.0,8760,0.5,1.0,2009,2305.5152499920064,6938.0,emobpy_pool_v1
central_germany_tmy_m18_Opel_Mokka_e_commuter_s0001,commuter,Opel Mokka-e,1,1910002,central_germany_tmy,PVGIS SARAH3 TMY at lat=51.16 lon=10.45,50.0,8760,0.5,1.0,2009,2209.4498678216655,6553.0,emobpy_pool_v1
central_germany_tmy_m19_BMW_iX1_commuter_s0000,commuter,BMW iX1,0,2010001,central_germany_tmy,PVGIS SARAH3 TMY at lat=51.16 lon=10.45,66.5,8760,0.5,1.0,2009,2473.296598225395,6532.0,emobpy_pool_v1
central_germany_tmy_m19_BMW_iX1_commuter_s0002,commuter,BMW iX1,2,2010003,central_germany_tmy,PVGIS SARAH3 TMY at lat=51.16 lon=10.45,66.5,8760,0.5,1.0,2009,2178.488023062929,6684.0,emobpy_pool_v1
central_germany_tmy_m19_BMW_iX1_non_commuter_s0001,non-commuter,BMW iX1,1,2020002,central_germany_tmy,PVGIS SARAH3 TMY at lat=51.16 lon=10.45,66.5,8760,0.5,1.0,2009,2298.7093808215454,6957.0,emobpy_pool_v1
central_germany_tmy_m19_BMW_iX1_non_commuter_s0002,non-commuter,BMW iX1,2,2020003,central_germany_tmy,PVGIS SARAH3 TMY at lat=51.16 lon=10.45,66.5,8760,0.5,1.0,2009,2262.814592868723,7104.0,emobpy_pool_v1
central_germany_tmy_m19_BMW_iX1_commuter_s0001,commuter,BMW iX1,1,2010002,central_germany_tmy,PVGIS SARAH3 TMY at lat=51.16 lon=10.45,66.5,8760,0.5,1.0,2009,2181.6291840838835,6697.0,emobpy_pool_v1
central_germany_tmy_m20_BMW_i4_commuter_s0002,commuter,BMW i4,2,2110003,central_germany_tmy,PVGIS SARAH3 TMY at lat=51.16 lon=10.45,83.9,8760,0.5,1.0,2009,2292.7511808334543,6799.0,emobpy_pool_v1
central_germany_tmy_m20_BMW_i4_non_commuter_s0001,non-commuter,BMW i4,1,2120002,central_germany_tmy,PVGIS SARAH3 TMY at lat=51.16 lon=10.45,83.9,8760,0.5,1.0,2009,2747.954068142879,7016.0,emobpy_pool_v1
central_germany_tmy_m20_BMW_i4_non_commuter_s0000,non-commuter,BMW i4,0,2120001,central_germany_tmy,PVGIS SARAH3 TMY at lat=51.16 lon=10.45,83.9,8760,0.5,1.0,2009,2236.01844525939,7040.0,emobpy_pool_v1
central_germany_tmy_m21_BMW_i3_BEV_non_commuter_s0000,non-commuter,BMW i3 BEV,0,2220001,central_germany_tmy,PVGIS SARAH3 TMY at lat=51.16 lon=10.45,42.2,8760,0.5,1.0,2009,1564.162499589691,7300.0,emobpy_pool_v1
central_germany_tmy_m20_BMW_i4_non_commuter_s0002,non-commuter,BMW i4,2,2120003,central_germany_tmy,PVGIS SARAH3 TMY at lat=51.16 lon=10.45,83.9,8760,0.5,1.0,2009,2450.6926912173476,6966.0,emobpy_pool_v1
central_germany_tmy_m21_BMW_i3_BEV_commuter_s0000,commuter,BMW i3 BEV,0,2210001,central_germany_tmy,PVGIS SARAH3 TMY at lat=51.16 lon=10.45,42.2,8760,0.5,1.0,2009,1826.4907053448278,6778.0,emobpy_pool_v1
central_germany_tmy_m21_BMW_i3_BEV_commuter_s0002,commuter,BMW i3 BEV,2,2210003,central_germany_tmy,PVGIS SARAH3 TMY at lat=51.16 lon=10.45,42.2,8760,0.5,1.0,2009,1791.08975605825,6829.0,emobpy_pool_v1
central_germany_tmy_m21_BMW_i3_BEV_commuter_s0001,commuter,BMW i3 BEV,1,2210002,central_germany_tmy,PVGIS SARAH3 TMY at lat=51.16 lon=10.45,42.2,8760,0.5,1.0,2009,1667.7630955310287,6733.0,emobpy_pool_v1
central_germany_tmy_m21_BMW_i3_BEV_non_commuter_s0001,non-commuter,BMW i3 BEV,1,2220002,central_germany_tmy,PVGIS SARAH3 TMY at lat=51.16 lon=10.45,42.2,8760,0.5,1.0,2009,1750.1373036102873,7079.0,emobpy_pool_v1
central_germany_tmy_m22_Volkswagen_ID_4_ID_5_non_commuter_s0000,non-commuter,Volkswagen ID_4_ID_5,0,2320001,central_germany_tmy,PVGIS SARAH3 TMY at lat=51.16 lon=10.45,55.0,8760,0.5,1.0,2009,2051.4033563186795,7095.0,emobpy_pool_v1
central_germany_tmy_m22_Volkswagen_ID_4_ID_5_commuter_s0000,commuter,Volkswagen ID_4_ID_5,0,2310001,central_germany_tmy,PVGIS SARAH3 TMY at lat=51.16 lon=10.45,55.0,8760,0.5,1.0,2009,2787.2934412711948,6732.0,emobpy_pool_v1
central_germany_tmy_m22_Volkswagen_ID_4_ID_5_non_commuter_s0001,non-commuter,Volkswagen ID_4_ID_5,1,2320002,central_germany_tmy,PVGIS SARAH3 TMY at lat=51.16 lon=10.45,55.0,8760,0.5,1.0,2009,2212.4853822580058,6971.0,emobpy_pool_v1
central_germany_tmy_m22_Volkswagen_ID_4_ID_5_non_commuter_s0002,non-commuter,Volkswagen ID_4_ID_5,2,2320003,central_germany_tmy,PVGIS SARAH3 TMY at lat=51.16 lon=10.45,55.0,8760,0.5,1.0,2009,2216.75734782799,6935.0,emobpy_pool_v1
central_germany_tmy_m23_MG_MG4_EV_commuter_s0000,commuter,MG MG4 EV,0,2410001,central_germany_tmy,PVGIS SARAH3 TMY at lat=51.16 lon=10.45,51.0,8760,0.5,1.0,2009,1715.6230618613524,6887.0,emobpy_pool_v1
central_germany_tmy_m23_MG_MG4_EV_non_commuter_s0000,non-commuter,MG MG4 EV,0,2420001,central_germany_tmy,PVGIS SARAH3 TMY at lat=51.16 lon=10.45,51.0,8760,0.5,1.0,2009,1620.0227809892083,7113.0,emobpy_pool_v1
central_germany_tmy_m23_MG_MG4_EV_commuter_s0001,commuter,MG MG4 EV,1,2410002,central_germany_tmy,PVGIS SARAH3 TMY at lat=51.16 lon=10.45,51.0,8760,0.5,1.0,2009,2048.382789591621,6759.0,emobpy_pool_v1
central_germany_tmy_m23_MG_MG4_EV_non_commuter_s0001,non-commuter,MG MG4 EV,1,2420002,central_germany_tmy,PVGIS SARAH3 TMY at lat=51.16 lon=10.45,51.0,8760,0.5,1.0,2009,2106.27856246342,6912.0,emobpy_pool_v1
central_germany_tmy_m20_BMW_i4_commuter_s0001,commuter,BMW i4,1,2110002,central_germany_tmy,PVGIS SARAH3 TMY at lat=51.16 lon=10.45,83.9,8760,0.5,1.0,2009,2307.9393254566935,6822.0,emobpy_pool_v1
central_germany_tmy_m19_BMW_iX1_non_commuter_s0000,non-commuter,BMW iX1,0,2020001,central_germany_tmy,PVGIS SARAH3 TMY at lat=51.16 lon=10.45,66.5,8760,0.5,1.0,2009,2629.2039479902337,7074.0,emobpy_pool_v1
central_germany_tmy_m23_MG_MG4_EV_non_commuter_s0002,non-commuter,MG MG4 EV,2,2420003,central_germany_tmy,PVGIS SARAH3 TMY at lat=51.16 lon=10.45,51.0,8760,0.5,1.0,2009,1953.731416050635,7126.0,emobpy_pool_v1
central_germany_tmy_m20_BMW_i4_commuter_s0000,commuter,BMW i4,0,2110001,central_germany_tmy,PVGIS SARAH3 TMY at lat=51.16 lon=10.45,83.9,8760,0.5,1.0,2009,2727.288088203666,6723.0,emobpy_pool_v1
central_germany_tmy_m24_Peugeot_e_208_commuter_s0000,commuter,Peugeot e-208,0,2510001,central_germany_tmy,PVGIS SARAH3 TMY at lat=51.16 lon=10.45,50.0,8760,0.5,1.0,2009,1926.7504835208592,6661.0,emobpy_pool_v1
central_germany_tmy_m24_Peugeot_e_208_commuter_s0001,commuter,Peugeot e-208,1,2510002,central_germany_tmy,PVGIS SARAH3 TMY at lat=51.16 lon=10.45,50.0,8760,0.5,1.0,2009,1790.7969515654174,6768.0,emobpy_pool_v1
central_germany_tmy_m24_Peugeot_e_208_commuter_s0002,commuter,Peugeot e-208,2,2510003,central_germany_tmy,PVGIS SARAH3 TMY at lat=51.16 lon=10.45,50.0,8760,0.5,1.0,2009,1812.4270326811056,6732.0,emobpy_pool_v1
central_germany_tmy_m24_Peugeot_e_208_non_commuter_s0001,non-commuter,Peugeot e-208,1,2520002,central_germany_tmy,PVGIS SARAH3 TMY at lat=51.16 lon=10.45,50.0,8760,0.5,1.0,2009,2299.141601376031,6894.0,emobpy_pool_v1
central_germany_tmy_m24_Peugeot_e_208_non_commuter_s0000,non-commuter,Peugeot e-208,0,2520001,central_germany_tmy,PVGIS SARAH3 TMY at lat=51.16 lon=10.45,50.0,8760,0.5,1.0,2009,2083.2629904615055,6880.0,emobpy_pool_v1
central_germany_tmy_m25_Kia_Niro_EV_commuter_s0000,commuter,Kia Niro EV,0,2610001,central_germany_tmy,PVGIS SARAH3 TMY at lat=51.16 lon=10.45,68.0,8760,0.5,1.0,2009,2359.7965157554113,6850.0,emobpy_pool_v1
central_germany_tmy_m25_Kia_Niro_EV_commuter_s0001,commuter,Kia Niro EV,1,2610002,central_germany_tmy,PVGIS SARAH3 TMY at lat=51.16 lon=10.45,68.0,8760,0.5,1.0,2009,2059.2251784560926,6825.0,emobpy_pool_v1
central_germany_tmy_m25_Kia_Niro_EV_commuter_s0002,commuter,Kia Niro EV,2,2610003,central_germany_tmy,PVGIS SARAH3 TMY at lat=51.16 lon=10.45,68.0,8760,0.5,1.0,2009,1722.4682538179911,6734.0,emobpy_pool_v1
central_germany_tmy_m22_Volkswagen_ID_4_ID_5_commuter_s0002,commuter,Volkswagen ID_4_ID_5,2,2310003,central_germany_tmy,PVGIS SARAH3 TMY at lat=51.16 lon=10.45,55.0,8760,0.5,1.0,2009,2102.735786504962,6635.0,emobpy_pool_v1
central_germany_tmy_m25_Kia_Niro_EV_non_commuter_s0001,non-commuter,Kia Niro EV,1,2620002,central_germany_tmy,PVGIS SARAH3 TMY at lat=51.16 lon=10.45,68.0,8760,0.5,1.0,2009,1935.3226953245776,7062.0,emobpy_pool_v1
central_germany_tmy_m24_Peugeot_e_208_non_commuter_s0002,non-commuter,Peugeot e-208,2,2520003,central_germany_tmy,PVGIS SARAH3 TMY at lat=51.16 lon=10.45,50.0,8760,0.5,1.0,2009,1580.6092104332563,6988.0,emobpy_pool_v1
central_germany_tmy_m21_BMW_i3_BEV_non_commuter_s0002,non-commuter,BMW i3 BEV,2,2220003,central_germany_tmy,PVGIS SARAH3 TMY at lat=51.16 lon=10.45,42.2,8760,0.5,1.0,2009,1728.0020391401097,7026.0,emobpy_pool_v1
central_germany_tmy_m25_Kia_Niro_EV_non_commuter_s0000,non-commuter,Kia Niro EV,0,2620001,central_germany_tmy,PVGIS SARAH3 TMY at lat=51.16 lon=10.45,68.0,8760,0.5,1.0,2009,2298.12223817601,7013.0,emobpy_pool_v1
central_germany_tmy_m25_Kia_Niro_EV_non_commuter_s0002,non-commuter,Kia Niro EV,2,2620003,central_germany_tmy,PVGIS SARAH3 TMY at lat=51.16 lon=10.45,68.0,8760,0.5,1.0,2009,2298.3399974268955,6934.0,emobpy_pool_v1
central_germany_tmy_m22_Volkswagen_ID_4_ID_5_commuter_s0001,commuter,Volkswagen ID_4_ID_5,1,2310002,central_germany_tmy,PVGIS SARAH3 TMY at lat=51.16 lon=10.45,55.0,8760,0.5,1.0,2009,2031.476415361306,6695.0,emobpy_pool_v1
central_germany_tmy_m23_MG_MG4_EV_commuter_s0002,commuter,MG MG4 EV,2,2410003,central_germany_tmy,PVGIS SARAH3 TMY at lat=51.16 lon=10.45,51.0,8760,0.5,1.0,2009,2321.8525251021997,6594.0,emobpy_pool_v1
central_germany_tmy_m26_Volkswagen_ID_7_commuter_s0001,commuter,Volkswagen ID_7,1,2710002,central_germany_tmy,PVGIS SARAH3 TMY at lat=51.16 lon=10.45,82.0,8760,0.5,1.0,2009,2505.793658259268,6839.0,emobpy_pool_v1
central_germany_tmy_m26_Volkswagen_ID_7_commuter_s0000,commuter,Volkswagen ID_7,0,2710001,central_germany_tmy,PVGIS SARAH3 TMY at lat=51.16 lon=10.45,82.0,8760,0.5,1.0,2009,2416.8428804362543,6651.0,emobpy_pool_v1
central_germany_tmy_m26_Volkswagen_ID_7_commuter_s0002,commuter,Volkswagen ID_7,2,2710003,central_germany_tmy,PVGIS SARAH3 TMY at lat=51.16 lon=10.45,82.0,8760,0.5,1.0,2009,2024.509328986925,6999.0,emobpy_pool_v1
central_germany_tmy_m26_Volkswagen_ID_7_non_commuter_s0002,non-commuter,Volkswagen ID_7,2,2720003,central_germany_tmy,PVGIS SARAH3 TMY at lat=51.16 lon=10.45,82.0,8760,0.5,1.0,2009,2176.7710072191376,7060.0,emobpy_pool_v1
central_germany_tmy_m26_Volkswagen_ID_7_non_commuter_s0000,non-commuter,Volkswagen ID_7,0,2720001,central_germany_tmy,PVGIS SARAH3 TMY at lat=51.16 lon=10.45,82.0,8760,0.5,1.0,2009,2230.6003278947337,6934.0,emobpy_pool_v1
central_germany_tmy_m26_Volkswagen_ID_7_non_commuter_s0001,non-commuter,Volkswagen ID_7,1,2720002,central_germany_tmy,PVGIS SARAH3 TMY at lat=51.16 lon=10.45,82.0,8760,0.5,1.0,2009,2715.7139995141497,6933.0,emobpy_pool_v1
central_germany_tmy_m27_Renault_Twingo_E_Tech_commuter_s0000,commuter,Renault Twingo E-Tech,0,2810001,central_germany_tmy,PVGIS SARAH3 TMY at lat=51.16 lon=10.45,23.0,8760,0.5,1.0,2009,1835.3197552464146,6904.0,emobpy_pool_v1
central_germany_tmy_m27_Renault_Twingo_E_Tech_commuter_s0001,commuter,Renault Twingo E-Tech,1,2810002,central_germany_tmy,PVGIS SARAH3 TMY at lat=51.16 lon=10.45,23.0,8760,0.5,1.0,2009,1582.8399767713236,6792.0,emobpy_pool_v1
central_germany_tmy_m27_Renault_Twingo_E_Tech_non_commuter_s0000,non-commuter,Renault Twingo E-Tech,0,2820001,central_germany_tmy,PVGIS SARAH3 TMY at lat=51.16 lon=10.45,23.0,8760,0.5,1.0,2009,1594.0987835924013,7098.0,emobpy_pool_v1
central_germany_tmy_m27_Renault_Twingo_E_Tech_non_commuter_s0001,non-commuter,Renault Twingo E-Tech,1,2820002,central_germany_tmy,PVGIS SARAH3 TMY at lat=51.16 lon=10.45,23.0,8760,0.5,1.0,2009,1824.3270467815341,7064.0,emobpy_pool_v1
central_germany_tmy_m27_Renault_Twingo_E_Tech_non_commuter_s0002,non-commuter,Renault Twingo E-Tech,2,2820003,central_germany_tmy,PVGIS SARAH3 TMY at lat=51.16 lon=10.45,23.0,8760,0.5,1.0,2009,1862.2855601387337,6991.0,emobpy_pool_v1
central_germany_tmy_m27_Renault_Twingo_E_Tech_commuter_s0002,commuter,Renault Twingo E-Tech,2,2810003,central_germany_tmy,PVGIS SARAH3 TMY at lat=51.16 lon=10.45,23.0,8760,0.5,1.0,2009,1893.3460270282462,6718.0,emobpy_pool_v1
central_germany_tmy_m00_Tesla_Model_Y_commuter_s0007,commuter,Tesla Model Y,7,110008,central_germany_tmy,PVGIS SARAH3 TMY at lat=51.16 lon=10.45,60.0,8760,0.5,1.0,2009,2356.07087624465,6862.0,emobpy_pool_v1
central_germany_tmy_m00_Tesla_Model_Y_commuter_s0009,commuter,Tesla Model Y,9,110010,central_germany_tmy,PVGIS SARAH3 TMY at lat=51.16 lon=10.45,60.0,8760,0.5,1.0,2009,2355.700288308661,6813.0,emobpy_pool_v1
central_germany_tmy_m00_Tesla_Model_Y_commuter_s0005,commuter,Tesla Model Y,5,110006,central_germany_tmy,PVGIS SARAH3 TMY at lat=51.16 lon=10.45,60.0,8760,0.5,1.0,2009,2045.3697677833832,6799.0,emobpy_pool_v1
central_germany_tmy_m01_Volkswagen_ID_3_commuter_s0003,commuter,Volkswagen ID_3,3,210004,central_germany_tmy,PVGIS SARAH3 TMY at lat=51.16 lon=10.45,55.0,8760,0.5,1.0,2009,1915.7757633323617,6789.0,emobpy_pool_v1
central_germany_tmy_m00_Tesla_Model_Y_non_commuter_s0004,non-commuter,Tesla Model Y,4,120005,central_germany_tmy,PVGIS SARAH3 TMY at lat=51.16 lon=10.45,60.0,8760,0.5,1.0,2009,2261.087347550966,7122.0,emobpy_pool_v1
central_germany_tmy_m00_Tesla_Model_Y_commuter_s0004,commuter,Tesla Model Y,4,110005,central_germany_tmy,PVGIS SARAH3 TMY at lat=51.16 lon=10.45,60.0,8760,0.5,1.0,2009,2167.8018122093763,6619.0,emobpy_pool_v1
central_germany_tmy_m00_Tesla_Model_Y_non_commuter_s0005,non-commuter,Tesla Model Y,5,120006,central_germany_tmy,PVGIS SARAH3 TMY at lat=51.16 lon=10.45,60.0,8760,0.5,1.0,2009,2461.9597670844223,7075.0,emobpy_pool_v1
central_germany_tmy_m00_Tesla_Model_Y_non_commuter_s0006,non-commuter,Tesla Model Y,6,120007,central_germany_tmy,PVGIS SARAH3 TMY at lat=51.16 lon=10.45,60.0,8760,0.5,1.0,2009,1946.2843850619458,7020.0,emobpy_pool_v1
central_germany_tmy_m01_Volkswagen_ID_3_commuter_s0004,commuter,Volkswagen ID_3,4,210005,central_germany_tmy,PVGIS SARAH3 TMY at lat=51.16 lon=10.45,55.0,8760,0.5,1.0,2009,1839.0095408519812,6728.0,emobpy_pool_v1
central_germany_tmy_m00_Tesla_Model_Y_commuter_s0003,commuter,Tesla Model Y,3,110004,central_germany_tmy,PVGIS SARAH3 TMY at lat=51.16 lon=10.45,60.0,8760,0.5,1.0,2009,2290.3168101159017,6639.0,emobpy_pool_v1
central_germany_tmy_m00_Tesla_Model_Y_commuter_s0006,commuter,Tesla Model Y,6,110007,central_germany_tmy,PVGIS SARAH3 TMY at lat=51.16 lon=10.45,60.0,8760,0.5,1.0,2009,2161.9089311898815,6760.0,emobpy_pool_v1
central_germany_tmy_m00_Tesla_Model_Y_non_commuter_s0009,non-commuter,Tesla Model Y,9,120010,central_germany_tmy,PVGIS SARAH3 TMY at lat=51.16 lon=10.45,60.0,8760,0.5,1.0,2009,2074.80401732358,6972.0,emobpy_pool_v1
central_germany_tmy_m00_Tesla_Model_Y_non_commuter_s0008,non-commuter,Tesla Model Y,8,120009,central_germany_tmy,PVGIS SARAH3 TMY at lat=51.16 lon=10.45,60.0,8760,0.5,1.0,2009,2314.1546414550253,6869.0,emobpy_pool_v1
central_germany_tmy_m01_Volkswagen_ID_3_commuter_s0005,commuter,Volkswagen ID_3,5,210006,central_germany_tmy,PVGIS SARAH3 TMY at lat=51.16 lon=10.45,55.0,8760,0.5,1.0,2009,1753.1836673411203,6743.0,emobpy_pool_v1
central_germany_tmy_m01_Volkswagen_ID_3_commuter_s0006,commuter,Volkswagen ID_3,6,210007,central_germany_tmy,PVGIS SARAH3 TMY at lat=51.16 lon=10.45,55.0,8760,0.5,1.0,2009,1926.5113763677514,6856.0,emobpy_pool_v1
central_germany_tmy_m01_Volkswagen_ID_3_commuter_s0007,commuter,Volkswagen ID_3,7,210008,central_germany_tmy,PVGIS SARAH3 TMY at lat=51.16 lon=10.45,55.0,8760,0.5,1.0,2009,2162.444386702698,6750.0,emobpy_pool_v1
central_germany_tmy_m01_Volkswagen_ID_3_non_commuter_s0004,non-commuter,Volkswagen ID_3,4,220005,central_germany_tmy,PVGIS SARAH3 TMY at lat=51.16 lon=10.45,55.0,8760,0.5,1.0,2009,1525.6623182400397,7074.0,emobpy_pool_v1
central_germany_tmy_m01_Volkswagen_ID_3_non_commuter_s0008,non-commuter,Volkswagen ID_3,8,220009,central_germany_tmy,PVGIS SARAH3 TMY at lat=51.16 lon=10.45,55.0,8760,0.5,1.0,2009,2013.0172320014906,7150.0,emobpy_pool_v1
central_germany_tmy_m01_Volkswagen_ID_3_non_commuter_s0007,non-commuter,Volkswagen ID_3,7,220008,central_germany_tmy,PVGIS SARAH3 TMY at lat=51.16 lon=10.45,55.0,8760,0.5,1.0,2009,1909.8113070528739,7112.0,emobpy_pool_v1
central_germany_tmy_m00_Tesla_Model_Y_commuter_s0008,commuter,Tesla Model Y,8,110009,central_germany_tmy,PVGIS SARAH3 TMY at lat=51.16 lon=10.45,60.0,8760,0.5,1.0,2009,2486.6854527587943,6748.0,emobpy_pool_v1
central_germany_tmy_m01_Volkswagen_ID_3_commuter_s0009,commuter,Volkswagen ID_3,9,210010,central_germany_tmy,PVGIS SARAH3 TMY at lat=51.16 lon=10.45,55.0,8760,0.5,1.0,2009,2231.955128036834,6823.0,emobpy_pool_v1
central_germany_tmy_m01_Volkswagen_ID_3_non_commuter_s0005,non-commuter,Volkswagen ID_3,5,220006,central_germany_tmy,PVGIS SARAH3 TMY at lat=51.16 lon=10.45,55.0,8760,0.5,1.0,2009,2041.1950439165103,7027.0,emobpy_pool_v1
central_germany_tmy_m02_Tesla_Model_3_commuter_s0003,commuter,Tesla Model 3,3,310004,central_germany_tmy,PVGIS SARAH3 TMY at lat=51.16 lon=10.45,60.0,8760,0.5,1.0,2009,2100.322852698027,6906.0,emobpy_pool_v1
central_germany_tmy_m01_Volkswagen_ID_3_non_commuter_s0009,non-commuter,Volkswagen ID_3,9,220010,central_germany_tmy,PVGIS SARAH3 TMY at lat=51.16 lon=10.45,55.0,8760,0.5,1.0,2009,2120.9896287093648,7067.0,emobpy_pool_v1
central_germany_tmy_m01_Volkswagen_ID_3_non_commuter_s0003,non-commuter,Volkswagen ID_3,3,220004,central_germany_tmy,PVGIS SARAH3 TMY at lat=51.16 lon=10.45,55.0,8760,0.5,1.0,2009,2121.5620368459404,6955.0,emobpy_pool_v1
central_germany_tmy_m01_Volkswagen_ID_3_commuter_s0008,commuter,Volkswagen ID_3,8,210009,central_germany_tmy,PVGIS SARAH3 TMY at lat=51.16 lon=10.45,55.0,8760,0.5,1.0,2009,1788.065140508644,6985.0,emobpy_pool_v1
central_germany_tmy_m01_Volkswagen_ID_3_non_commuter_s0006,non-commuter,Volkswagen ID_3,6,220007,central_germany_tmy,PVGIS SARAH3 TMY at lat=51.16 lon=10.45,55.0,8760,0.5,1.0,2009,2508.4890760768453,6899.0,emobpy_pool_v1
central_germany_tmy_m00_Tesla_Model_Y_non_commuter_s0003,non-commuter,Tesla Model Y,3,120004,central_germany_tmy,PVGIS SARAH3 TMY at lat=51.16 lon=10.45,60.0,8760,0.5,1.0,2009,2101.736381642507,7128.0,emobpy_pool_v1
central_germany_tmy_m00_Tesla_Model_Y_non_commuter_s0007,non-commuter,Tesla Model Y,7,120008,central_germany_tmy,PVGIS SARAH3 TMY at lat=51.16 lon=10.45,60.0,8760,0.5,1.0,2009,2846.692986792786,6700.0,emobpy_pool_v1
central_germany_tmy_m02_Tesla_Model_3_commuter_s0009,commuter,Tesla Model 3,9,310010,central_germany_tmy,PVGIS SARAH3 TMY at lat=51.16 lon=10.45,60.0,8760,0.5,1.0,2009,1949.3568188911063,6959.0,emobpy_pool_v1
central_germany_tmy_m02_Tesla_Model_3_commuter_s0007,commuter,Tesla Model 3,7,310008,central_germany_tmy,PVGIS SARAH3 TMY at lat=51.16 lon=10.45,60.0,8760,0.5,1.0,2009,2132.482085141413,6778.0,emobpy_pool_v1
central_germany_tmy_m02_Tesla_Model_3_non_commuter_s0007,non-commuter,Tesla Model 3,7,320008,central_germany_tmy,PVGIS SARAH3 TMY at lat=51.16 lon=10.45,60.0,8760,0.5,1.0,2009,1891.344224619621,6962.0,emobpy_pool_v1
central_germany_tmy_m02_Tesla_Model_3_non_commuter_s0008,non-commuter,Tesla Model 3,8,320009,central_germany_tmy,PVGIS SARAH3 TMY at lat=51.16 lon=10.45,60.0,8760,0.5,1.0,2009,1954.7628889537225,7175.0,emobpy_pool_v1
central_germany_tmy_m02_Tesla_Model_3_non_commuter_s0005,non-commuter,Tesla Model 3,5,320006,central_germany_tmy,PVGIS SARAH3 TMY at lat=51.16 lon=10.45,60.0,8760,0.5,1.0,2009,2285.570618095505,7132.0,emobpy_pool_v1
central_germany_tmy_m03_Skoda_Enyaq_commuter_s0003,commuter,Skoda Enyaq,3,410004,central_germany_tmy,PVGIS SARAH3 TMY at lat=51.16 lon=10.45,55.0,8760,0.5,1.0,2009,1968.6073271809898,6779.0,emobpy_pool_v1
central_germany_tmy_m02_Tesla_Model_3_commuter_s0008,commuter,Tesla Model 3,8,310009,central_germany_tmy,PVGIS SARAH3 TMY at lat=51.16 lon=10.45,60.0,8760,0.5,1.0,2009,2321.675612612694,6768.0,emobpy_pool_v1
central_germany_tmy_m02_Tesla_Model_3_non_commuter_s0006,non-commuter,Tesla Model 3,6,320007,central_germany_tmy,PVGIS SARAH3 TMY at lat=51.16 lon=10.45,60.0,8760,0.5,1.0,2009,2194.554728070244,6932.0,emobpy_pool_v1
central_germany_tmy_m02_Tesla_Model_3_non_commuter_s0009,non-commuter,Tesla Model 3,9,320010,central_germany_tmy,PVGIS SARAH3 TMY at lat=51.16 lon=10.45,60.0,8760,0.5,1.0,2009,2188.362021065698,7021.0,emobpy_pool_v1
central_germany_tmy_m02_Tesla_Model_3_non_commuter_s0003,non-commuter,Tesla Model 3,3,320004,central_germany_tmy,PVGIS SARAH3 TMY at lat=51.16 lon=10.45,60.0,8760,0.5,1.0,2009,2772.0652951642046,6901.0,emobpy_pool_v1
central_germany_tmy_m02_Tesla_Model_3_non_commuter_s0004,non-commuter,Tesla Model 3,4,320005,central_germany_tmy,PVGIS SARAH3 TMY at lat=51.16 lon=10.45,60.0,8760,0.5,1.0,2009,2605.241785156803,6860.0,emobpy_pool_v1
central_germany_tmy_m03_Skoda_Enyaq_commuter_s0004,commuter,Skoda Enyaq,4,410005,central_germany_tmy,PVGIS SARAH3 TMY at lat=51.16 lon=10.45,55.0,8760,0.5,1.0,2009,2023.209112865377,6830.0,emobpy_pool_v1
central_germany_tmy_m02_Tesla_Model_3_commuter_s0005,commuter,Tesla Model 3,5,310006,central_germany_tmy,PVGIS SARAH3 TMY at lat=51.16 lon=10.45,60.0,8760,0.5,1.0,2009,2448.909007219624,6825.0,emobpy_pool_v1
central_germany_tmy_m03_Skoda_Enyaq_commuter_s0005,commuter,Skoda Enyaq,5,410006,central_germany_tmy,PVGIS SARAH3 TMY at lat=51.16 lon=10.45,55.0,8760,0.5,1.0,2009,2116.8916640283005,6623.0,emobpy_pool_v1
central_germany_tmy_m03_Skoda_Enyaq_commuter_s0006,commuter,Skoda Enyaq,6,410007,central_germany_tmy,PVGIS SARAH3 TMY at lat=51.16 lon=10.45,55.0,8760,0.5,1.0,2009,1938.7116428723955,6799.0,emobpy_pool_v1
central_germany_tmy_m03_Skoda_Enyaq_commuter_s0008,commuter,Skoda Enyaq,8,410009,central_germany_tmy,PVGIS SARAH3 TMY at lat=51.16 lon=10.45,55.0,8760,0.5,1.0,2009,1850.3328355099748,6894.0,emobpy_pool_v1
central_germany_tmy_m03_Skoda_Enyaq_commuter_s0007,commuter,Skoda Enyaq,7,410008,central_germany_tmy,PVGIS SARAH3 TMY at lat=51.16 lon=10.45,55.0,8760,0.5,1.0,2009,2411.7086830137837,6672.0,emobpy_pool_v1
central_germany_tmy_m03_Skoda_Enyaq_commuter_s0009,commuter,Skoda Enyaq,9,410010,central_germany_tmy,PVGIS SARAH3 TMY at lat=51.16 lon=10.45,55.0,8760,0.5,1.0,2009,2258.5607066862904,6703.0,emobpy_pool_v1
central_germany_tmy_m03_Skoda_Enyaq_non_commuter_s0004,non-commuter,Skoda Enyaq,4,420005,central_germany_tmy,PVGIS SARAH3 TMY at lat=51.16 lon=10.45,55.0,8760,0.5,1.0,2009,2303.268459200784,7064.0,emobpy_pool_v1
central_germany_tmy_m03_Skoda_Enyaq_non_commuter_s0006,non-commuter,Skoda Enyaq,6,420007,central_germany_tmy,PVGIS SARAH3 TMY at lat=51.16 lon=10.45,55.0,8760,0.5,1.0,2009,2227.5201517356063,7060.0,emobpy_pool_v1
central_germany_tmy_m03_Skoda_Enyaq_non_commuter_s0005,non-commuter,Skoda Enyaq,5,420006,central_germany_tmy,PVGIS SARAH3 TMY at lat=51.16 lon=10.45,55.0,8760,0.5,1.0,2009,2028.567713674428,7068.0,emobpy_pool_v1
central_germany_tmy_m03_Skoda_Enyaq_non_commuter_s0009,non-commuter,Skoda Enyaq,9,420010,central_germany_tmy,PVGIS SARAH3 TMY at lat=51.16 lon=10.45,55.0,8760,0.5,1.0,2009,2028.3816520392672,6980.0,emobpy_pool_v1
central_germany_tmy_m03_Skoda_Enyaq_non_commuter_s0008,non-commuter,Skoda Enyaq,8,420009,central_germany_tmy,PVGIS SARAH3 TMY at lat=51.16 lon=10.45,55.0,8760,0.5,1.0,2009,2326.1308477879993,7071.0,emobpy_pool_v1
central_germany_tmy_m03_Skoda_Enyaq_non_commuter_s0007,non-commuter,Skoda Enyaq,7,420008,central_germany_tmy,PVGIS SARAH3 TMY at lat=51.16 lon=10.45,55.0,8760,0.5,1.0,2009,2102.993390536069,6954.0,emobpy_pool_v1
central_germany_tmy_m04_Fiat_500e_commuter_s0003,commuter,Fiat 500e,3,510004,central_germany_tmy,PVGIS SARAH3 TMY at lat=51.16 lon=10.45,23.8,8760,0.5,1.0,2009,1580.1755699120858,6687.0,emobpy_pool_v1
central_germany_tmy_m02_Tesla_Model_3_commuter_s0004,commuter,Tesla Model 3,4,310005,central_germany_tmy,PVGIS SARAH3 TMY at lat=51.16 lon=10.45,60.0,8760,0.5,1.0,2009,2065.2876408028255,6647.0,emobpy_pool_v1
central_germany_tmy_m02_Tesla_Model_3_commuter_s0006,commuter,Tesla Model 3,6,310007,central_germany_tmy,PVGIS SARAH3 TMY at lat=51.16 lon=10.45,60.0,8760,0.5,1.0,2009,2023.4679324383114,6770.0,emobpy_pool_v1
central_germany_tmy_m04_Fiat_500e_commuter_s0004,commuter,Fiat 500e,4,510005,central_germany_tmy,PVGIS SARAH3 TMY at lat=51.16 lon=10.45,23.8,8760,0.5,1.0,2009,1462.2071122514612,6814.0,emobpy_pool_v1
central_germany_tmy_m04_Fiat_500e_commuter_s0005,commuter,Fiat 500e,5,510006,central_germany_tmy,PVGIS SARAH3 TMY at lat=51.16 lon=10.45,23.8,8760,0.5,1.0,2009,1493.6963963961134,6733.0,emobpy_pool_v1
central_germany_tmy_m04_Fiat_500e_commuter_s0006,commuter,Fiat 500e,6,510007,central_germany_tmy,PVGIS SARAH3 TMY at lat=51.16 lon=10.45,23.8,8760,0.5,1.0,2009,1635.8936146641686,6830.0,emobpy_pool_v1
central_germany_tmy_m04_Fiat_500e_commuter_s0009,commuter,Fiat 500e,9,510010,central_germany_tmy,PVGIS SARAH3 TMY at lat=51.16 lon=10.45,23.8,8760,0.5,1.0,2009,1402.5016253588299,6704.0,emobpy_pool_v1
central_germany_tmy_m04_Fiat_500e_commuter_s0007,commuter,Fiat 500e,7,510008,central_germany_tmy,PVGIS SARAH3 TMY at lat=51.16 lon=10.45,23.8,8760,0.5,1.0,2009,1421.90355211939,6755.0,emobpy_pool_v1
central_germany_tmy_m04_Fiat_500e_non_commuter_s0003,non-commuter,Fiat 500e,3,520004,central_germany_tmy,PVGIS SARAH3 TMY at lat=51.16 lon=10.45,23.8,8760,0.5,1.0,2009,1367.1643054199444,7169.0,emobpy_pool_v1
central_germany_tmy_m04_Fiat_500e_non_commuter_s0004,non-commuter,Fiat 500e,4,520005,central_germany_tmy,PVGIS SARAH3 TMY at lat=51.16 lon=10.45,23.8,8760,0.5,1.0,2009,1521.1435267248016,6959.0,emobpy_pool_v1
central_germany_tmy_m04_Fiat_500e_non_commuter_s0005,non-commuter,Fiat 500e,5,520006,central_germany_tmy,PVGIS SARAH3 TMY at lat=51.16 lon=10.45,23.8,8760,0.5,1.0,2009,1442.8701011412736,7156.0,emobpy_pool_v1
central_germany_tmy_m04_Fiat_500e_commuter_s0008,commuter,Fiat 500e,8,510009,central_germany_tmy,PVGIS SARAH3 TMY at lat=51.16 lon=10.45,23.8,8760,0.5,1.0,2009,1711.96635113855,6667.0,emobpy_pool_v1
central_germany_tmy_m04_Fiat_500e_non_commuter_s0009,non-commuter,Fiat 500e,9,520010,central_germany_tmy,PVGIS SARAH3 TMY at lat=51.16 lon=10.45,23.8,8760,0.5,1.0,2009,1406.9000360561,7148.0,emobpy_pool_v1
central_germany_tmy_m04_Fiat_500e_non_commuter_s0007,non-commuter,Fiat 500e,7,520008,central_germany_tmy,PVGIS SARAH3 TMY at lat=51.16 lon=10.45,23.8,8760,0.5,1.0,2009,1643.4087915582056,6878.0,emobpy_pool_v1
central_germany_tmy_m04_Fiat_500e_non_commuter_s0006,non-commuter,Fiat 500e,6,520007,central_germany_tmy,PVGIS SARAH3 TMY at lat=51.16 lon=10.45,23.8,8760,0.5,1.0,2009,1482.6857609088759,6873.0,emobpy_pool_v1
central_germany_tmy_m04_Fiat_500e_non_commuter_s0008,non-commuter,Fiat 500e,8,520009,central_germany_tmy,PVGIS SARAH3 TMY at lat=51.16 lon=10.45,23.8,8760,0.5,1.0,2009,1655.0253272772898,6880.0,emobpy_pool_v1
central_germany_tmy_m05_Hyundai_Kona_Electric_commuter_s0003,commuter,Hyundai Kona Electric,3,610004,central_germany_tmy,PVGIS SARAH3 TMY at lat=51.16 lon=10.45,51.0,8760,0.5,1.0,2009,2111.350867356312,6706.0,emobpy_pool_v1
central_germany_tmy_m03_Skoda_Enyaq_non_commuter_s0003,non-commuter,Skoda Enyaq,3,420004,central_germany_tmy,PVGIS SARAH3 TMY at lat=51.16 lon=10.45,55.0,8760,0.5,1.0,2009,2098.1787213201433,7072.0,emobpy_pool_v1
central_germany_tmy_m05_Hyundai_Kona_Electric_commuter_s0004,commuter,Hyundai Kona Electric,4,610005,central_germany_tmy,PVGIS SARAH3 TMY at lat=51.16 lon=10.45,51.0,8760,0.5,1.0,2009,2066.7534676398564,6653.0,emobpy_pool_v1
central_germany_tmy_m05_Hyundai_Kona_Electric_commuter_s0005,commuter,Hyundai Kona Electric,5,610006,central_germany_tmy,PVGIS SARAH3 TMY at lat=51.16 lon=10.45,51.0,8760,0.5,1.0,2009,1877.2881305478543,6805.0,emobpy_pool_v1
central_germany_tmy_m05_Hyundai_Kona_Electric_commuter_s0006,commuter,Hyundai Kona Electric,6,610007,central_germany_tmy,PVGIS SARAH3 TMY at lat=51.16 lon=10.45,51.0,8760,0.5,1.0,2009,2194.400093041461,6680.0,emobpy_pool_v1
central_germany_tmy_m05_Hyundai_Kona_Electric_non_commuter_s0003,non-commuter,Hyundai Kona Electric,3,620004,central_germany_tmy,PVGIS SARAH3 TMY at lat=51.16 lon=10.45,51.0,8760,0.5,1.0,2009,1673.8651361075752,7092.0,emobpy_pool_v1
central_germany_tmy_m05_Hyundai_Kona_Electric_non_commuter_s0004,non-commuter,Hyundai Kona Electric,4,620005,central_germany_tmy,PVGIS SARAH3 TMY at lat=51.16 lon=10.45,51.0,8760,0.5,1.0,2009,1896.375954819442,7118.0,emobpy_pool_v1
central_germany_tmy_m05_Hyundai_Kona_Electric_commuter_s0007,commuter,Hyundai Kona Electric,7,610008,central_germany_tmy,PVGIS SARAH3 TMY at lat=51.16 lon=10.45,51.0,8760,0.5,1.0,2009,2073.1815160713504,6581.0,emobpy_pool_v1
central_germany_tmy_m05_Hyundai_Kona_Electric_non_commuter_s0005,non-commuter,Hyundai Kona Electric,5,620006,central_germany_tmy,PVGIS SARAH3 TMY at lat=51.16 lon=10.45,51.0,8760,0.5,1.0,2009,2071.2712233197835,7080.0,emobpy_pool_v1
central_germany_tmy_m05_Hyundai_Kona_Electric_commuter_s0008,commuter,Hyundai Kona Electric,8,610009,central_germany_tmy,PVGIS SARAH3 TMY at lat=51.16 lon=10.45,51.0,8760,0.5,1.0,2009,2169.751214546797,6714.0,emobpy_pool_v1
central_germany_tmy_m05_Hyundai_Kona_Electric_non_commuter_s0006,non-commuter,Hyundai Kona Electric,6,620007,central_germany_tmy,PVGIS SARAH3 TMY at lat=51.16 lon=10.45,51.0,8760,0.5,1.0,2009,1884.126566218484,7029.0,emobpy_pool_v1
central_germany_tmy_m05_Hyundai_Kona_Electric_non_commuter_s0007,non-commuter,Hyundai Kona Electric,7,620008,central_germany_tmy,PVGIS SARAH3 TMY at lat=51.16 lon=10.45,51.0,8760,0.5,1.0,2009,1906.5288356767,7018.0,emobpy_pool_v1
central_germany_tmy_m06_Renault_Zoe_commuter_s0004,commuter,Renault Zoe,4,710005,central_germany_tmy,PVGIS SARAH3 TMY at lat=51.16 lon=10.45,44.1,8760,0.5,1.0,2009,1717.4004766296987,6857.0,emobpy_pool_v1
central_germany_tmy_m05_Hyundai_Kona_Electric_non_commuter_s0009,non-commuter,Hyundai Kona Electric,9,620010,central_germany_tmy,PVGIS SARAH3 TMY at lat=51.16 lon=10.45,51.0,8760,0.5,1.0,2009,1952.472703058514,6993.0,emobpy_pool_v1
central_germany_tmy_m06_Renault_Zoe_commuter_s0003,commuter,Renault Zoe,3,710004,central_germany_tmy,PVGIS SARAH3 TMY at lat=51.16 lon=10.45,44.1,8760,0.5,1.0,2009,1856.9217931427188,6699.0,emobpy_pool_v1
central_germany_tmy_m05_Hyundai_Kona_Electric_non_commuter_s0008,non-commuter,Hyundai Kona Electric,8,620009,central_germany_tmy,PVGIS SARAH3 TMY at lat=51.16 lon=10.45,51.0,8760,0.5,1.0,2009,1954.0991909966099,7010.0,emobpy_pool_v1
central_germany_tmy_m06_Renault_Zoe_commuter_s0005,commuter,Renault Zoe,5,710006,central_germany_tmy,PVGIS SARAH3 TMY at lat=51.16 lon=10.45,44.1,8760,0.5,1.0,2009,1782.5638843881798,6780.0,emobpy_pool_v1
central_germany_tmy_m06_Renault_Zoe_commuter_s0006,commuter,Renault Zoe,6,710007,central_germany_tmy,PVGIS SARAH3 TMY at lat=51.16 lon=10.45,44.1,8760,0.5,1.0,2009,1678.0038728374593,6816.0,emobpy_pool_v1
central_germany_tmy_m06_Renault_Zoe_commuter_s0007,commuter,Renault Zoe,7,710008,central_germany_tmy,PVGIS SARAH3 TMY at lat=51.16 lon=10.45,44.1,8760,0.5,1.0,2009,1720.5291454029345,6881.0,emobpy_pool_v1
central_germany_tmy_m06_Renault_Zoe_commuter_s0009,commuter,Renault Zoe,9,710010,central_germany_tmy,PVGIS SARAH3 TMY at lat=51.16 lon=10.45,44.1,8760,0.5,1.0,2009,1673.7867042059675,6819.0,emobpy_pool_v1
central_germany_tmy_m06_Renault_Zoe_non_commuter_s0004,non-commuter,Renault Zoe,4,720005,central_germany_tmy,PVGIS SARAH3 TMY at lat=51.16 lon=10.45,44.1,8760,0.5,1.0,2009,1692.592687094805,7042.0,emobpy_pool_v1
central_germany_tmy_m06_Renault_Zoe_non_commuter_s0003,non-commuter,Renault Zoe,3,720004,central_germany_tmy,PVGIS SARAH3 TMY at lat=51.16 lon=10.45,44.1,8760,0.5,1.0,2009,1754.336091844504,6961.0,emobpy_pool_v1
central_germany_tmy_m06_Renault_Zoe_non_commuter_s0005,non-commuter,Renault Zoe,5,720006,central_germany_tmy,PVGIS SARAH3 TMY at lat=51.16 lon=10.45,44.1,8760,0.5,1.0,2009,1856.7193748830864,7007.0,emobpy_pool_v1
central_germany_tmy_m06_Renault_Zoe_non_commuter_s0007,non-commuter,Renault Zoe,7,720008,central_germany_tmy,PVGIS SARAH3 TMY at lat=51.16 lon=10.45,44.1,8760,0.5,1.0,2009,1931.9698505516326,7033.0,emobpy_pool_v1
central_germany_tmy_m06_Renault_Zoe_non_commuter_s0009,non-commuter,Renault Zoe,9,720010,central_germany_tmy,PVGIS SARAH3 TMY at lat=51.16 lon=10.45,44.1,8760,0.5,1.0,2009,1778.5210909720126,7133.0,emobpy_pool_v1
central_germany_tmy_m06_Renault_Zoe_non_commuter_s0008,non-commuter,Renault Zoe,8,720009,central_germany_tmy,PVGIS SARAH3 TMY at lat=51.16 lon=10.45,44.1,8760,0.5,1.0,2009,1889.989360006431,6906.0,emobpy_pool_v1
central_germany_tmy_m07_Volkswagen_ID_4_commuter_s0004,commuter,Volkswagen ID_4,4,810005,central_germany_tmy,PVGIS SARAH3 TMY at lat=51.16 lon=10.45,55.0,8760,0.5,1.0,2009,2293.859384736605,6881.0,emobpy_pool_v1
central_germany_tmy_m07_Volkswagen_ID_4_commuter_s0005,commuter,Volkswagen ID_4,5,810006,central_germany_tmy,PVGIS SARAH3 TMY at lat=51.16 lon=10.45,55.0,8760,0.5,1.0,2009,1952.512502701047,6937.0,emobpy_pool_v1
central_germany_tmy_m07_Volkswagen_ID_4_commuter_s0003,commuter,Volkswagen ID_4,3,810004,central_germany_tmy,PVGIS SARAH3 TMY at lat=51.16 lon=10.45,55.0,8760,0.5,1.0,2009,1876.1893908826696,6713.0,emobpy_pool_v1
central_germany_tmy_m07_Volkswagen_ID_4_commuter_s0006,commuter,Volkswagen ID_4,6,810007,central_germany_tmy,PVGIS SARAH3 TMY at lat=51.16 lon=10.45,55.0,8760,0.5,1.0,2009,2042.0668911486162,6893.0,emobpy_pool_v1
central_germany_tmy_m07_Volkswagen_ID_4_commuter_s0007,commuter,Volkswagen ID_4,7,810008,central_germany_tmy,PVGIS SARAH3 TMY at lat=51.16 lon=10.45,55.0,8760,0.5,1.0,2009,2452.50023955649,6734.0,emobpy_pool_v1
central_germany_tmy_m05_Hyundai_Kona_Electric_commuter_s0009,commuter,Hyundai Kona Electric,9,610010,central_germany_tmy,PVGIS SARAH3 TMY at lat=51.16 lon=10.45,51.0,8760,0.5,1.0,2009,1894.4864048433521,6725.0,emobpy_pool_v1
central_germany_tmy_m07_Volkswagen_ID_4_commuter_s0008,commuter,Volkswagen ID_4,8,810009,central_germany_tmy,PVGIS SARAH3 TMY at lat=51.16 lon=10.45,55.0,8760,0.5,1.0,2009,2157.408788209339,6907.0,emobpy_pool_v1
central_germany_tmy_m07_Volkswagen_ID_4_non_commuter_s0003,non-commuter,Volkswagen ID_4,3,820004,central_germany_tmy,PVGIS SARAH3 TMY at lat=51.16 lon=10.45,55.0,8760,0.5,1.0,2009,2122.5589499060293,7121.0,emobpy_pool_v1
central_germany_tmy_m07_Volkswagen_ID_4_commuter_s0009,commuter,Volkswagen ID_4,9,810010,central_germany_tmy,PVGIS SARAH3 TMY at lat=51.16 lon=10.45,55.0,8760,0.5,1.0,2009,2328.6390565523343,6825.0,emobpy_pool_v1
central_germany_tmy_m07_Volkswagen_ID_4_non_commuter_s0004,non-commuter,Volkswagen ID_4,4,820005,central_germany_tmy,PVGIS SARAH3 TMY at lat=51.16 lon=10.45,55.0,8760,0.5,1.0,2009,1949.8051360193062,6933.0,emobpy_pool_v1
central_germany_tmy_m07_Volkswagen_ID_4_non_commuter_s0005,non-commuter,Volkswagen ID_4,5,820006,central_germany_tmy,PVGIS SARAH3 TMY at lat=51.16 lon=10.45,55.0,8760,0.5,1.0,2009,2339.0276756613916,6952.0,emobpy_pool_v1
central_germany_tmy_m07_Volkswagen_ID_4_non_commuter_s0006,non-commuter,Volkswagen ID_4,6,820007,central_germany_tmy,PVGIS SARAH3 TMY at lat=51.16 lon=10.45,55.0,8760,0.5,1.0,2009,2217.249559478332,7001.0,emobpy_pool_v1
central_germany_tmy_m07_Volkswagen_ID_4_non_commuter_s0008,non-commuter,Volkswagen ID_4,8,820009,central_germany_tmy,PVGIS SARAH3 TMY at lat=51.16 lon=10.45,55.0,8760,0.5,1.0,2009,1778.2964942325889,7171.0,emobpy_pool_v1
central_germany_tmy_m07_Volkswagen_ID_4_non_commuter_s0007,non-commuter,Volkswagen ID_4,7,820008,central_germany_tmy,PVGIS SARAH3 TMY at lat=51.16 lon=10.45,55.0,8760,0.5,1.0,2009,2099.015210744904,7083.0,emobpy_pool_v1
central_germany_tmy_m07_Volkswagen_ID_4_non_commuter_s0009,non-commuter,Volkswagen ID_4,9,820010,central_germany_tmy,PVGIS SARAH3 TMY at lat=51.16 lon=10.45,55.0,8760,0.5,1.0,2009,2290.5737478889178,7023.0,emobpy_pool_v1
central_germany_tmy_m08_Volkswagen_e_up_commuter_s0004,commuter,Volkswagen e-up,4,910005,central_germany_tmy,PVGIS SARAH3 TMY at lat=51.16 lon=10.45,36.8,8760,0.5,1.0,2009,1346.6423901173155,6678.0,emobpy_pool_v1
central_germany_tmy_m08_Volkswagen_e_up_commuter_s0003,commuter,Volkswagen e-up,3,910004,central_germany_tmy,PVGIS SARAH3 TMY at lat=51.16 lon=10.45,36.8,8760,0.5,1.0,2009,1739.3178613037146,6651.0,emobpy_pool_v1
central_germany_tmy_m06_Renault_Zoe_commuter_s0008,commuter,Renault Zoe,8,710009,central_germany_tmy,PVGIS SARAH3 TMY at lat=51.16 lon=10.45,44.1,8760,0.5,1.0,2009,1674.373426604394,6847.0,emobpy_pool_v1
central_germany_tmy_m08_Volkswagen_e_up_commuter_s0005,commuter,Volkswagen e-up,5,910006,central_germany_tmy,PVGIS SARAH3 TMY at lat=51.16 lon=10.45,36.8,8760,0.5,1.0,2009,1732.1205665117918,6690.0,emobpy_pool_v1
central_germany_tmy_m08_Volkswagen_e_up_commuter_s0006,commuter,Volkswagen e-up,6,910007,central_germany_tmy,PVGIS SARAH3 TMY at lat=51.16 lon=10.45,36.8,8760,0.5,1.0,2009,1342.5009865041457,6944.0,emobpy_pool_v1
central_germany_tmy_m08_Volkswagen_e_up_commuter_s0007,commuter,Volkswagen e-up,7,910008,central_germany_tmy,PVGIS SARAH3 TMY at lat=51.16 lon=10.45,36.8,8760,0.5,1.0,2009,1518.0099211144343,6823.0,emobpy_pool_v1
central_germany_tmy_m08_Volkswagen_e_up_commuter_s0008,commuter,Volkswagen e-up,8,910009,central_germany_tmy,PVGIS SARAH3 TMY at lat=51.16 lon=10.45,36.8,8760,0.5,1.0,2009,1489.5554916321853,6882.0,emobpy_pool_v1
central_germany_tmy_m06_Renault_Zoe_non_commuter_s0006,non-commuter,Renault Zoe,6,720007,central_germany_tmy,PVGIS SARAH3 TMY at lat=51.16 lon=10.45,44.1,8760,0.5,1.0,2009,1995.3470672725837,7074.0,emobpy_pool_v1
central_germany_tmy_m09_Cupra_Born_commuter_s0003,commuter,Cupra Born,3,1010004,central_germany_tmy,PVGIS SARAH3 TMY at lat=51.16 lon=10.45,62.0,8760,0.5,1.0,2009,1848.6553373056943,6848.0,emobpy_pool_v1
central_germany_tmy_m09_Cupra_Born_commuter_s0004,commuter,Cupra Born,4,1010005,central_germany_tmy,PVGIS SARAH3 TMY at lat=51.16 lon=10.45,62.0,8760,0.5,1.0,2009,1780.6914694782217,6802.0,emobpy_pool_v1
central_germany_tmy_m08_Volkswagen_e_up_commuter_s0009,commuter,Volkswagen e-up,9,910010,central_germany_tmy,PVGIS SARAH3 TMY at lat=51.16 lon=10.45,36.8,8760,0.5,1.0,2009,1369.1154644774294,6894.0,emobpy_pool_v1
central_germany_tmy_m08_Volkswagen_e_up_non_commuter_s0009,non-commuter,Volkswagen e-up,9,920010,central_germany_tmy,PVGIS SARAH3 TMY at lat=51.16 lon=10.45,36.8,8760,0.5,1.0,2009,1306.0505906055557,7094.0,emobpy_pool_v1
central_germany_tmy_m08_Volkswagen_e_up_non_commuter_s0004,non-commuter,Volkswagen e-up,4,920005,central_germany_tmy,PVGIS SARAH3 TMY at lat=51.16 lon=10.45,36.8,8760,0.5,1.0,2009,1396.034601618509,7011.0,emobpy_pool_v1
central_germany_tmy_m09_Cupra_Born_commuter_s0005,commuter,Cupra Born,5,1010006,central_germany_tmy,PVGIS SARAH3 TMY at lat=51.16 lon=10.45,62.0,8760,0.5,1.0,2009,2191.763836173538,6701.0,emobpy_pool_v1
central_germany_tmy_m08_Volkswagen_e_up_non_commuter_s0007,non-commuter,Volkswagen e-up,7,920008,central_germany_tmy,PVGIS SARAH3 TMY at lat=51.16 lon=10.45,36.8,8760,0.5,1.0,2009,1549.444718543626,6993.0,emobpy_pool_v1
central_germany_tmy_m08_Volkswagen_e_up_non_commuter_s0008,non-commuter,Volkswagen e-up,8,920009,central_germany_tmy,PVGIS SARAH3 TMY at lat=51.16 lon=10.45,36.8,8760,0.5,1.0,2009,1418.8070366014797,6951.0,emobpy_pool_v1
central_germany_tmy_m09_Cupra_Born_commuter_s0006,commuter,Cupra Born,6,1010007,central_germany_tmy,PVGIS SARAH3 TMY at lat=51.16 lon=10.45,62.0,8760,0.5,1.0,2009,2134.19231661078,6726.0,emobpy_pool_v1
central_germany_tmy_m08_Volkswagen_e_up_non_commuter_s0003,non-commuter,Volkswagen e-up,3,920004,central_germany_tmy,PVGIS SARAH3 TMY at lat=51.16 lon=10.45,36.8,8760,0.5,1.0,2009,1689.4081387414665,6830.0,emobpy_pool_v1
central_germany_tmy_m08_Volkswagen_e_up_non_commuter_s0006,non-commuter,Volkswagen e-up,6,920007,central_germany_tmy,PVGIS SARAH3 TMY at lat=51.16 lon=10.45,36.8,8760,0.5,1.0,2009,1609.948945353282,7000.0,emobpy_pool_v1
central_germany_tmy_m08_Volkswagen_e_up_non_commuter_s0005,non-commuter,Volkswagen e-up,5,920006,central_germany_tmy,PVGIS SARAH3 TMY at lat=51.16 lon=10.45,36.8,8760,0.5,1.0,2009,1789.9447267763633,6931.0,emobpy_pool_v1
central_germany_tmy_m09_Cupra_Born_commuter_s0007,commuter,Cupra Born,7,1010008,central_germany_tmy,PVGIS SARAH3 TMY at lat=51.16 lon=10.45,62.0,8760,0.5,1.0,2009,2213.2671397731456,6842.0,emobpy_pool_v1
central_germany_tmy_m09_Cupra_Born_commuter_s0008,commuter,Cupra Born,8,1010009,central_germany_tmy,PVGIS SARAH3 TMY at lat=51.16 lon=10.45,62.0,8760,0.5,1.0,2009,1822.6547957045875,6806.0,emobpy_pool_v1
central_germany_tmy_m09_Cupra_Born_commuter_s0009,commuter,Cupra Born,9,1010010,central_germany_tmy,PVGIS SARAH3 TMY at lat=51.16 lon=10.45,62.0,8760,0.5,1.0,2009,2264.735190475317,6898.0,emobpy_pool_v1
central_germany_tmy_m10_Audi_Q4_e_tron_commuter_s0003,commuter,Audi Q4 e-tron,3,1110004,central_germany_tmy,PVGIS SARAH3 TMY at lat=51.16 lon=10.45,82.0,8760,0.5,1.0,2009,2001.4434154286284,6919.0,emobpy_pool_v1
central_germany_tmy_m09_Cupra_Born_non_commuter_s0005,non-commuter,Cupra Born,5,1020006,central_germany_tmy,PVGIS SARAH3 TMY at lat=51.16 lon=10.45,62.0,8760,0.5,1.0,2009,1863.8299612492794,6965.0,emobpy_pool_v1
central_germany_tmy_m09_Cupra_Born_non_commuter_s0004,non-commuter,Cupra Born,4,1020005,central_germany_tmy,PVGIS SARAH3 TMY at lat=51.16 lon=10.45,62.0,8760,0.5,1.0,2009,1894.441264906143,7023.0,emobpy_pool_v1
central_germany_tmy_m09_Cupra_Born_non_commuter_s0006,non-commuter,Cupra Born,6,1020007,central_germany_tmy,PVGIS SARAH3 TMY at lat=51.16 lon=10.45,62.0,8760,0.5,1.0,2009,1856.6564815735082,6979.0,emobpy_pool_v1
central_germany_tmy_m09_Cupra_Born_non_commuter_s0009,non-commuter,Cupra Born,9,1020010,central_germany_tmy,PVGIS SARAH3 TMY at lat=51.16 lon=10.45,62.0,8760,0.5,1.0,2009,2002.0140910980133,7013.0,emobpy_pool_v1
central_germany_tmy_m09_Cupra_Born_non_commuter_s0008,non-commuter,Cupra Born,8,1020009,central_germany_tmy,PVGIS SARAH3 TMY at lat=51.16 lon=10.45,62.0,8760,0.5,1.0,2009,1983.677537828997,6937.0,emobpy_pool_v1
central_germany_tmy_m09_Cupra_Born_non_commuter_s0007,non-commuter,Cupra Born,7,1020008,central_germany_tmy,PVGIS SARAH3 TMY at lat=51.16 lon=10.45,62.0,8760,0.5,1.0,2009,2319.705368249108,7042.0,emobpy_pool_v1
central_germany_tmy_m09_Cupra_Born_non_commuter_s0003,non-commuter,Cupra Born,3,1020004,central_germany_tmy,PVGIS SARAH3 TMY at lat=51.16 lon=10.45,62.0,8760,0.5,1.0,2009,1898.4054378579992,7006.0,emobpy_pool_v1
central_germany_tmy_m10_Audi_Q4_e_tron_commuter_s0007,commuter,Audi Q4 e-tron,7,1110008,central_germany_tmy,PVGIS SARAH3 TMY at lat=51.16 lon=10.45,82.0,8760,0.5,1.0,2009,2138.858192271082,6657.0,emobpy_pool_v1
central_germany_tmy_m10_Audi_Q4_e_tron_commuter_s0005,commuter,Audi Q4 e-tron,5,1110006,central_germany_tmy,PVGIS SARAH3 TMY at lat=51.16 lon=10.45,82.0,8760,0.5,1.0,2009,2390.0151102288464,6666.0,emobpy_pool_v1
central_germany_tmy_m10_Audi_Q4_e_tron_non_commuter_s0004,non-commuter,Audi Q4 e-tron,4,1120005,central_germany_tmy,PVGIS SARAH3 TMY at lat=51.16 lon=10.45,82.0,8760,0.5,1.0,2009,2045.7669236643674,7024.0,emobpy_pool_v1
central_germany_tmy_m10_Audi_Q4_e_tron_non_commuter_s0008,non-commuter,Audi Q4 e-tron,8,1120009,central_germany_tmy,PVGIS SARAH3 TMY at lat=51.16 lon=10.45,82.0,8760,0.5,1.0,2009,2606.7184734454167,6943.0,emobpy_pool_v1
central_germany_tmy_m10_Audi_Q4_e_tron_commuter_s0009,commuter,Audi Q4 e-tron,9,1110010,central_germany_tmy,PVGIS SARAH3 TMY at lat=51.16 lon=10.45,82.0,8760,0.5,1.0,2009,2785.1303862928985,6699.0,emobpy_pool_v1
central_germany_tmy_m10_Audi_Q4_e_tron_non_commuter_s0006,non-commuter,Audi Q4 e-tron,6,1120007,central_germany_tmy,PVGIS SARAH3 TMY at lat=51.16 lon=10.45,82.0,8760,0.5,1.0,2009,2560.548529849198,7111.0,emobpy_pool_v1
central_germany_tmy_m10_Audi_Q4_e_tron_non_commuter_s0007,non-commuter,Audi Q4 e-tron,7,1120008,central_germany_tmy,PVGIS SARAH3 TMY at lat=51.16 lon=10.45,82.0,8760,0.5,1.0,2009,2488.077896026911,7140.0,emobpy_pool_v1
central_germany_tmy_m10_Audi_Q4_e_tron_commuter_s0008,commuter,Audi Q4 e-tron,8,1110009,central_germany_tmy,PVGIS SARAH3 TMY at lat=51.16 lon=10.45,82.0,8760,0.5,1.0,2009,2395.9665793169806,6850.0,emobpy_pool_v1
central_germany_tmy_m10_Audi_Q4_e_tron_non_commuter_s0009,non-commuter,Audi Q4 e-tron,9,1120010,central_germany_tmy,PVGIS SARAH3 TMY at lat=51.16 lon=10.45,82.0,8760,0.5,1.0,2009,2242.0913986735272,7072.0,emobpy_pool_v1
central_germany_tmy_m11_Smart_Fortwo_ED_commuter_s0003,commuter,Smart Fortwo ED,3,1210004,central_germany_tmy,PVGIS SARAH3 TMY at lat=51.16 lon=10.45,17.5,8760,0.5,1.0,2009,1214.007023817879,6831.0,emobpy_pool_v1
central_germany_tmy_m11_Smart_Fortwo_ED_commuter_s0004,commuter,Smart Fortwo ED,4,1210005,central_germany_tmy,PVGIS SARAH3 TMY at lat=51.16 lon=10.45,17.5,8760,0.5,1.0,2009,1307.5311789927384,6654.0,emobpy_pool_v1
central_germany_tmy_m11_Smart_Fortwo_ED_commuter_s0008,commuter,Smart Fortwo ED,8,1210009,central_germany_tmy,PVGIS SARAH3 TMY at lat=51.16 lon=10.45,17.5,8760,0.5,1.0,2009,1249.108927650226,6737.0,emobpy_pool_v1
central_germany_tmy_m11_Smart_Fortwo_ED_commuter_s0007,commuter,Smart Fortwo ED,7,1210008,central_germany_tmy,PVGIS SARAH3 TMY at lat=51.16 lon=10.45,17.5,8760,0.5,1.0,2009,1354.14135256908,6637.0,emobpy_pool_v1
central_germany_tmy_m11_Smart_Fortwo_ED_commuter_s0006,commuter,Smart Fortwo ED,6,1210007,central_germany_tmy,PVGIS SARAH3 TMY at lat=51.16 lon=10.45,17.5,8760,0.5,1.0,2009,1255.2634271087607,6774.0,emobpy_pool_v1
central_germany_tmy_m11_Smart_Fortwo_ED_commuter_s0005,commuter,Smart Fortwo ED,5,1210006,central_germany_tmy,PVGIS SARAH3 TMY at lat=51.16 lon=10.45,17.5,8760,0.5,1.0,2009,1234.1642892380562,6716.0,emobpy_pool_v1
central_germany_tmy_m10_Audi_Q4_e_tron_commuter_s0004,commuter,Audi Q4 e-tron,4,1110005,central_germany_tmy,PVGIS SARAH3 TMY at lat=51.16 lon=10.45,82.0,8760,0.5,1.0,2009,2494.6425669563982,6695.0,emobpy_pool_v1
central_germany_tmy_m11_Smart_Fortwo_ED_commuter_s0009,commuter,Smart Fortwo ED,9,1210010,central_germany_tmy,PVGIS SARAH3 TMY at lat=51.16 lon=10.45,17.5,8760,0.5,1.0,2009,1283.865751365048,6804.0,emobpy_pool_v1
central_germany_tmy_m10_Audi_Q4_e_tron_non_commuter_s0005,non-commuter,Audi Q4 e-tron,5,1120006,central_germany_tmy,PVGIS SARAH3 TMY at lat=51.16 lon=10.45,82.0,8760,0.5,1.0,2009,2459.302470768517,7094.0,emobpy_pool_v1
central_germany_tmy_m10_Audi_Q4_e_tron_non_commuter_s0003,non-commuter,Audi Q4 e-tron,3,1120004,central_germany_tmy,PVGIS SARAH3 TMY at lat=51.16 lon=10.45,82.0,8760,0.5,1.0,2009,2818.509228060878,6913.0,emobpy_pool_v1
central_germany_tmy_m10_Audi_Q4_e_tron_commuter_s0006,commuter,Audi Q4 e-tron,6,1110007,central_germany_tmy,PVGIS SARAH3 TMY at lat=51.16 lon=10.45,82.0,8760,0.5,1.0,2009,2742.7844422388002,6598.0,emobpy_pool_v1
central_germany_tmy_m11_Smart_Fortwo_ED_non_commuter_s0003,non-commuter,Smart Fortwo ED,3,1220004,central_germany_tmy,PVGIS SARAH3 TMY at lat=51.16 lon=10.45,17.5,8760,0.5,1.0,2009,1039.4906761478903,7232.0,emobpy_pool_v1
central_germany_tmy_m11_Smart_Fortwo_ED_non_commuter_s0004,non-commuter,Smart Fortwo ED,4,1220005,central_germany_tmy,PVGIS SARAH3 TMY at lat=51.16 lon=10.45,17.5,8760,0.5,1.0,2009,1264.1982273631068,6984.0,emobpy_pool_v1
central_germany_tmy_m11_Smart_Fortwo_ED_non_commuter_s0006,non-commuter,Smart Fortwo ED,6,1220007,central_germany_tmy,PVGIS SARAH3 TMY at lat=51.16 lon=10.45,17.5,8760,0.5,1.0,2009,1083.1322461356974,7051.0,emobpy_pool_v1
central_germany_tmy_m11_Smart_Fortwo_ED_non_commuter_s0005,non-commuter,Smart Fortwo ED,5,1220006,central_germany_tmy,PVGIS SARAH3 TMY at lat=51.16 lon=10.45,17.5,8760,0.5,1.0,2009,1199.7118289272237,7076.0,emobpy_pool_v1
central_germany_tmy_m11_Smart_Fortwo_ED_non_commuter_s0008,non-commuter,Smart Fortwo ED,8,1220009,central_germany_tmy,PVGIS SARAH3 TMY at lat=51.16 lon=10.45,17.5,8760,0.5,1.0,2009,1143.8392324659333,7153.0,emobpy_pool_v1
central_germany_tmy_m11_Smart_Fortwo_ED_non_commuter_s0009,non-commuter,Smart Fortwo ED,9,1220010,central_germany_tmy,PVGIS SARAH3 TMY at lat=51.16 lon=10.45,17.5,8760,0.5,1.0,2009,1226.2526518114116,7156.0,emobpy_pool_v1
central_germany_tmy_m11_Smart_Fortwo_ED_non_commuter_s0007,non-commuter,Smart Fortwo ED,7,1220008,central_germany_tmy,PVGIS SARAH3 TMY at lat=51.16 lon=10.45,17.5,8760,0.5,1.0,2009,1384.2259758308335,6969.0,emobpy_pool_v1
central_germany_tmy_m12_Mini_Cooper_SE_commuter_s0003,commuter,Mini Cooper SE,3,1310004,central_germany_tmy,PVGIS SARAH3 TMY at lat=51.16 lon=10.45,54.2,8760,0.5,1.0,2009,2413.4542174667313,6834.0,emobpy_pool_v1
central_germany_tmy_m12_Mini_Cooper_SE_commuter_s0004,commuter,Mini Cooper SE,4,1310005,central_germany_tmy,PVGIS SARAH3 TMY at lat=51.16 lon=10.45,54.2,8760,0.5,1.0,2009,1614.1923160116241,6800.0,emobpy_pool_v1
central_germany_tmy_m12_Mini_Cooper_SE_commuter_s0005,commuter,Mini Cooper SE,5,1310006,central_germany_tmy,PVGIS SARAH3 TMY at lat=51.16 lon=10.45,54.2,8760,0.5,1.0,2009,1991.0483781069574,6776.0,emobpy_pool_v1
central_germany_tmy_m12_Mini_Cooper_SE_commuter_s0006,commuter,Mini Cooper SE,6,1310007,central_germany_tmy,PVGIS SARAH3 TMY at lat=51.16 lon=10.45,54.2,8760,0.5,1.0,2009,1949.10474626158,6638.0,emobpy_pool_v1
central_germany_tmy_m12_Mini_Cooper_SE_commuter_s0008,commuter,Mini Cooper SE,8,1310009,central_germany_tmy,PVGIS SARAH3 TMY at lat=51.16 lon=10.45,54.2,8760,0.5,1.0,2009,2294.698504401444,6747.0,emobpy_pool_v1
central_germany_tmy_m12_Mini_Cooper_SE_commuter_s0009,commuter,Mini Cooper SE,9,1310010,central_germany_tmy,PVGIS SARAH3 TMY at lat=51.16 lon=10.45,54.2,8760,0.5,1.0,2009,1695.6489375866586,6837.0,emobpy_pool_v1
central_germany_tmy_m12_Mini_Cooper_SE_non_commuter_s0003,non-commuter,Mini Cooper SE,3,1320004,central_germany_tmy,PVGIS SARAH3 TMY at lat=51.16 lon=10.45,54.2,8760,0.5,1.0,2009,2218.1587950756325,7107.0,emobpy_pool_v1
central_germany_tmy_m12_Mini_Cooper_SE_non_commuter_s0006,non-commuter,Mini Cooper SE,6,1320007,central_germany_tmy,PVGIS SARAH3 TMY at lat=51.16 lon=10.45,54.2,8760,0.5,1.0,2009,2237.7350701508067,7005.0,emobpy_pool_v1
central_germany_tmy_m12_Mini_Cooper_SE_non_commuter_s0004,non-commuter,Mini Cooper SE,4,1320005,central_germany_tmy,PVGIS SARAH3 TMY at lat=51.16 lon=10.45,54.2,8760,0.5,1.0,2009,1856.0856783540803,6939.0,emobpy_pool_v1
central_germany_tmy_m12_Mini_Cooper_SE_non_commuter_s0005,non-commuter,Mini Cooper SE,5,1320006,central_germany_tmy,PVGIS SARAH3 TMY at lat=51.16 lon=10.45,54.2,8760,0.5,1.0,2009,2203.268227690204,7010.0,emobpy_pool_v1
central_germany_tmy_m12_Mini_Cooper_SE_non_commuter_s0007,non-commuter,Mini Cooper SE,7,1320008,central_germany_tmy,PVGIS SARAH3 TMY at lat=51.16 lon=10.45,54.2,8760,0.5,1.0,2009,2125.78827081372,7012.0,emobpy_pool_v1
central_germany_tmy_m12_Mini_Cooper_SE_non_commuter_s0008,non-commuter,Mini Cooper SE,8,1320009,central_germany_tmy,PVGIS SARAH3 TMY at lat=51.16 lon=10.45,54.2,8760,0.5,1.0,2009,2147.205764885368,7067.0,emobpy_pool_v1
central_germany_tmy_m12_Mini_Cooper_SE_non_commuter_s0009,non-commuter,Mini Cooper SE,9,1320010,central_germany_tmy,PVGIS SARAH3 TMY at lat=51.16 lon=10.45,54.2,8760,0.5,1.0,2009,1833.5077373706533,7143.0,emobpy_pool_v1
central_germany_tmy_m12_Mini_Cooper_SE_commuter_s0007,commuter,Mini Cooper SE,7,1310008,central_germany_tmy,PVGIS SARAH3 TMY at lat=51.16 lon=10.45,54.2,8760,0.5,1.0,2009,2148.3357388606464,6843.0,emobpy_pool_v1
central_germany_tmy_m13_Opel_Corsa_e_commuter_s0003,commuter,Opel Corsa-e,3,1410004,central_germany_tmy,PVGIS SARAH3 TMY at lat=51.16 lon=10.45,50.0,8760,0.5,1.0,2009,1930.5258050139828,6711.0,emobpy_pool_v1
central_germany_tmy_m13_Opel_Corsa_e_commuter_s0004,commuter,Opel Corsa-e,4,1410005,central_germany_tmy,PVGIS SARAH3 TMY at lat=51.16 lon=10.45,50.0,8760,0.5,1.0,2009,1647.873533548111,6831.0,emobpy_pool_v1
central_germany_tmy_m13_Opel_Corsa_e_commuter_s0006,commuter,Opel Corsa-e,6,1410007,central_germany_tmy,PVGIS SARAH3 TMY at lat=51.16 lon=10.45,50.0,8760,0.5,1.0,2009,1825.0259016039054,6865.0,emobpy_pool_v1
central_germany_tmy_m13_Opel_Corsa_e_commuter_s0007,commuter,Opel Corsa-e,7,1410008,central_germany_tmy,PVGIS SARAH3 TMY at lat=51.16 lon=10.45,50.0,8760,0.5,1.0,2009,1618.805681165828,6728.0,emobpy_pool_v1
central_germany_tmy_m13_Opel_Corsa_e_non_commuter_s0003,non-commuter,Opel Corsa-e,3,1420004,central_germany_tmy,PVGIS SARAH3 TMY at lat=51.16 lon=10.45,50.0,8760,0.5,1.0,2009,1627.6050282639399,7108.0,emobpy_pool_v1
central_germany_tmy_m13_Opel_Corsa_e_non_commuter_s0004,non-commuter,Opel Corsa-e,4,1420005,central_germany_tmy,PVGIS SARAH3 TMY at lat=51.16 lon=10.45,50.0,8760,0.5,1.0,2009,1547.0054565232508,7037.0,emobpy_pool_v1
central_germany_tmy_m13_Opel_Corsa_e_commuter_s0008,commuter,Opel Corsa-e,8,1410009,central_germany_tmy,PVGIS SARAH3 TMY at lat=51.16 lon=10.45,50.0,8760,0.5,1.0,2009,1803.2140184198079,6779.0,emobpy_pool_v1
central_germany_tmy_m13_Opel_Corsa_e_non_commuter_s0005,non-commuter,Opel Corsa-e,5,1420006,central_germany_tmy,PVGIS SARAH3 TMY at lat=51.16 lon=10.45,50.0,8760,0.5,1.0,2009,1790.2464417571541,7047.0,emobpy_pool_v1
central_germany_tmy_m13_Opel_Corsa_e_commuter_s0009,commuter,Opel Corsa-e,9,1410010,central_germany_tmy,PVGIS SARAH3 TMY at lat=51.16 lon=10.45,50.0,8760,0.5,1.0,2009,2136.7622695851915,6661.0,emobpy_pool_v1
central_germany_tmy_m13_Opel_Corsa_e_commuter_s0005,commuter,Opel Corsa-e,5,1410006,central_germany_tmy,PVGIS SARAH3 TMY at lat=51.16 lon=10.45,50.0,8760,0.5,1.0,2009,1592.9916440246147,6859.0,emobpy_pool_v1
central_germany_tmy_m13_Opel_Corsa_e_non_commuter_s0007,non-commuter,Opel Corsa-e,7,1420008,central_germany_tmy,PVGIS SARAH3 TMY at lat=51.16 lon=10.45,50.0,8760,0.5,1.0,2009,1662.846073899607,7167.0,emobpy_pool_v1
central_germany_tmy_m13_Opel_Corsa_e_non_commuter_s0006,non-commuter,Opel Corsa-e,6,1420007,central_germany_tmy,PVGIS SARAH3 TMY at lat=51.16 lon=10.45,50.0,8760,0.5,1.0,2009,1847.1717287107435,7126.0,emobpy_pool_v1
central_germany_tmy_m13_Opel_Corsa_e_non_commuter_s0008,non-commuter,Opel Corsa-e,8,1420009,central_germany_tmy,PVGIS SARAH3 TMY at lat=51.16 lon=10.45,50.0,8760,0.5,1.0,2009,1657.2333400927284,6950.0,emobpy_pool_v1
central_germany_tmy_m13_Opel_Corsa_e_non_commuter_s0009,non-commuter,Opel Corsa-e,9,1420010,central_germany_tmy,PVGIS SARAH3 TMY at lat=51.16 lon=10.45,50.0,8760,0.5,1.0,2009,2014.3227090060027,6933.0,emobpy_pool_v1
central_germany_tmy_m14_Audi_Q8_e_tron_commuter_s0004,commuter,Audi Q8 e-tron,4,1510005,central_germany_tmy,PVGIS SARAH3 TMY at lat=51.16 lon=10.45,95.0,8760,0.5,1.0,2009,2719.240884024941,6730.0,emobpy_pool_v1
central_germany_tmy_m14_Audi_Q8_e_tron_commuter_s0005,commuter,Audi Q8 e-tron,5,1510006,central_germany_tmy,PVGIS SARAH3 TMY at lat=51.16 lon=10.45,95.0,8760,0.5,1.0,2009,2656.6782982070335,6781.0,emobpy_pool_v1
central_germany_tmy_m14_Audi_Q8_e_tron_non_commuter_s0005,non-commuter,Audi Q8 e-tron,5,1520006,central_germany_tmy,PVGIS SARAH3 TMY at lat=51.16 lon=10.45,95.0,8760,0.5,1.0,2009,2799.86450541177,6986.0,emobpy_pool_v1
central_germany_tmy_m14_Audi_Q8_e_tron_non_commuter_s0008,non-commuter,Audi Q8 e-tron,8,1520009,central_germany_tmy,PVGIS SARAH3 TMY at lat=51.16 lon=10.45,95.0,8760,0.5,1.0,2009,3120.65377047395,7023.0,emobpy_pool_v1
central_germany_tmy_m14_Audi_Q8_e_tron_commuter_s0006,commuter,Audi Q8 e-tron,6,1510007,central_germany_tmy,PVGIS SARAH3 TMY at lat=51.16 lon=10.45,95.0,8760,0.5,1.0,2009,2885.1897568063823,6700.0,emobpy_pool_v1
central_germany_tmy_m14_Audi_Q8_e_tron_non_commuter_s0009,non-commuter,Audi Q8 e-tron,9,1520010,central_germany_tmy,PVGIS SARAH3 TMY at lat=51.16 lon=10.45,95.0,8760,0.5,1.0,2009,3087.2822703240486,7025.0,emobpy_pool_v1
central_germany_tmy_m14_Audi_Q8_e_tron_commuter_s0003,commuter,Audi Q8 e-tron,3,1510004,central_germany_tmy,PVGIS SARAH3 TMY at lat=51.16 lon=10.45,95.0,8760,0.5,1.0,2009,3009.096457103951,6658.0,emobpy_pool_v1
central_germany_tmy_m14_Audi_Q8_e_tron_commuter_s0007,commuter,Audi Q8 e-tron,7,1510008,central_germany_tmy,PVGIS SARAH3 TMY at lat=51.16 lon=10.45,95.0,8760,0.5,1.0,2009,3053.453963789871,6870.0,emobpy_pool_v1
central_germany_tmy_m14_Audi_Q8_e_tron_commuter_s0008,commuter,Audi Q8 e-tron,8,1510009,central_germany_tmy,PVGIS SARAH3 TMY at lat=51.16 lon=10.45,95.0,8760,0.5,1.0,2009,2982.51432859942,6670.0,emobpy_pool_v1
central_germany_tmy_m14_Audi_Q8_e_tron_commuter_s0009,commuter,Audi Q8 e-tron,9,1510010,central_germany_tmy,PVGIS SARAH3 TMY at lat=51.16 lon=10.45,95.0,8760,0.5,1.0,2009,3026.0909993489895,6743.0,emobpy_pool_v1
central_germany_tmy_m14_Audi_Q8_e_tron_non_commuter_s0003,non-commuter,Audi Q8 e-tron,3,1520004,central_germany_tmy,PVGIS SARAH3 TMY at lat=51.16 lon=10.45,95.0,8760,0.5,1.0,2009,2445.210409252824,7012.0,emobpy_pool_v1
central_germany_tmy_m14_Audi_Q8_e_tron_non_commuter_s0007,non-commuter,Audi Q8 e-tron,7,1520008,central_germany_tmy,PVGIS SARAH3 TMY at lat=51.16 lon=10.45,95.0,8760,0.5,1.0,2009,2579.344308090101,6975.0,emobpy_pool_v1
central_germany_tmy_m14_Audi_Q8_e_tron_non_commuter_s0004,non-commuter,Audi Q8 e-tron,4,1520005,central_germany_tmy,PVGIS SARAH3 TMY at lat=51.16 lon=10.45,95.0,8760,0.5,1.0,2009,2810.332688954953,7006.0,emobpy_pool_v1
central_germany_tmy_m14_Audi_Q8_e_tron_non_commuter_s0006,non-commuter,Audi Q8 e-tron,6,1520007,central_germany_tmy,PVGIS SARAH3 TMY at lat=51.16 lon=10.45,95.0,8760,0.5,1.0,2009,3268.6517483460266,7032.0,emobpy_pool_v1
central_germany_tmy_m15_Hyundai_Ioniq_5_commuter_s0006,commuter,Hyundai Ioniq 5,6,1610007,central_germany_tmy,PVGIS SARAH3 TMY at lat=51.16 lon=10.45,58.0,8760,0.5,1.0,2009,2454.009729616879,6912.0,emobpy_pool_v1
central_germany_tmy_m15_Hyundai_Ioniq_5_commuter_s0005,commuter,Hyundai Ioniq 5,5,1610006,central_germany_tmy,PVGIS SARAH3 TMY at lat=51.16 lon=10.45,58.0,8760,0.5,1.0,2009,1843.6475989971009,6846.0,emobpy_pool_v1
central_germany_tmy_m15_Hyundai_Ioniq_5_commuter_s0007,commuter,Hyundai Ioniq 5,7,1610008,central_germany_tmy,PVGIS SARAH3 TMY at lat=51.16 lon=10.45,58.0,8760,0.5,1.0,2009,2327.0651674546134,6673.0,emobpy_pool_v1
central_germany_tmy_m15_Hyundai_Ioniq_5_commuter_s0008,commuter,Hyundai Ioniq 5,8,1610009,central_germany_tmy,PVGIS SARAH3 TMY at lat=51.16 lon=10.45,58.0,8760,0.5,1.0,2009,2302.640820860718,6864.0,emobpy_pool_v1
central_germany_tmy_m15_Hyundai_Ioniq_5_commuter_s0009,commuter,Hyundai Ioniq 5,9,1610010,central_germany_tmy,PVGIS SARAH3 TMY at lat=51.16 lon=10.45,58.0,8760,0.5,1.0,2009,1998.2121201658927,6838.0,emobpy_pool_v1
central_germany_tmy_m15_Hyundai_Ioniq_5_non_commuter_s0005,non-commuter,Hyundai Ioniq 5,5,1620006,central_germany_tmy,PVGIS SARAH3 TMY at lat=51.16 lon=10.45,58.0,8760,0.5,1.0,2009,1799.396674425954,7078.0,emobpy_pool_v1
central_germany_tmy_m15_Hyundai_Ioniq_5_non_commuter_s0004,non-commuter,Hyundai Ioniq 5,4,1620005,central_germany_tmy,PVGIS SARAH3 TMY at lat=51.16 lon=10.45,58.0,8760,0.5,1.0,2009,2056.607256404076,7023.0,emobpy_pool_v1
central_germany_tmy_m15_Hyundai_Ioniq_5_non_commuter_s0006,non-commuter,Hyundai Ioniq 5,6,1620007,central_germany_tmy,PVGIS SARAH3 TMY at lat=51.16 lon=10.45,58.0,8760,0.5,1.0,2009,2660.8485105295467,6925.0,emobpy_pool_v1
central_germany_tmy_m15_Hyundai_Ioniq_5_commuter_s0003,commuter,Hyundai Ioniq 5,3,1610004,central_germany_tmy,PVGIS SARAH3 TMY at lat=51.16 lon=10.45,58.0,8760,0.5,1.0,2009,2364.617420230699,6810.0,emobpy_pool_v1
central_germany_tmy_m15_Hyundai_Ioniq_5_non_commuter_s0009,non-commuter,Hyundai Ioniq 5,9,1620010,central_germany_tmy,PVGIS SARAH3 TMY at lat=51.16 lon=10.45,58.0,8760,0.5,1.0,2009,1750.5672141117634,7235.0,emobpy_pool_v1
central_germany_tmy_m15_Hyundai_Ioniq_5_commuter_s0004,commuter,Hyundai Ioniq 5,4,1610005,central_germany_tmy,PVGIS SARAH3 TMY at lat=51.16 lon=10.45,58.0,8760,0.5,1.0,2009,2034.109814462445,6820.0,emobpy_pool_v1
central_germany_tmy_m15_Hyundai_Ioniq_5_non_commuter_s0008,non-commuter,Hyundai Ioniq 5,8,1620009,central_germany_tmy,PVGIS SARAH3 TMY at lat=51.16 lon=10.45,58.0,8760,0.5,1.0,2009,1833.0273028301272,7117.0,emobpy_pool_v1
central_germany_tmy_m16_Mercedes_Benz_EQA_commuter_s0003,commuter,Mercedes-Benz EQA,3,1710004,central_germany_tmy,PVGIS SARAH3 TMY at lat=51.16 lon=10.45,69.7,8760,0.5,1.0,2009,2260.028479375548,6857.0,emobpy_pool_v1
central_germany_tmy_m15_Hyundai_Ioniq_5_non_commuter_s0007,non-commuter,Hyundai Ioniq 5,7,1620008,central_germany_tmy,PVGIS SARAH3 TMY at lat=51.16 lon=10.45,58.0,8760,0.5,1.0,2009,2090.0118968529123,6999.0,emobpy_pool_v1
central_germany_tmy_m16_Mercedes_Benz_EQA_commuter_s0005,commuter,Mercedes-Benz EQA,5,1710006,central_germany_tmy,PVGIS SARAH3 TMY at lat=51.16 lon=10.45,69.7,8760,0.5,1.0,2009,2324.756094103903,6691.0,emobpy_pool_v1
central_germany_tmy_m16_Mercedes_Benz_EQA_commuter_s0007,commuter,Mercedes-Benz EQA,7,1710008,central_germany_tmy,PVGIS SARAH3 TMY at lat=51.16 lon=10.45,69.7,8760,0.5,1.0,2009,2031.950963898428,6947.0,emobpy_pool_v1
central_germany_tmy_m16_Mercedes_Benz_EQA_commuter_s0004,commuter,Mercedes-Benz EQA,4,1710005,central_germany_tmy,PVGIS SARAH3 TMY at lat=51.16 lon=10.45,69.7,8760,0.5,1.0,2009,2527.090321992245,6681.0,emobpy_pool_v1
central_germany_tmy_m16_Mercedes_Benz_EQA_commuter_s0009,commuter,Mercedes-Benz EQA,9,1710010,central_germany_tmy,PVGIS SARAH3 TMY at lat=51.16 lon=10.45,69.7,8760,0.5,1.0,2009,1868.1661753966564,6856.0,emobpy_pool_v1
central_germany_tmy_m16_Mercedes_Benz_EQA_commuter_s0008,commuter,Mercedes-Benz EQA,8,1710009,central_germany_tmy,PVGIS SARAH3 TMY at lat=51.16 lon=10.45,69.7,8760,0.5,1.0,2009,2304.7686471087177,6714.0,emobpy_pool_v1
central_germany_tmy_m15_Hyundai_Ioniq_5_non_commuter_s0003,non-commuter,Hyundai Ioniq 5,3,1620004,central_germany_tmy,PVGIS SARAH3 TMY at lat=51.16 lon=10.45,58.0,8760,0.5,1.0,2009,1751.7059077710448,7058.0,emobpy_pool_v1
central_germany_tmy_m16_Mercedes_Benz_EQA_commuter_s0006,commuter,Mercedes-Benz EQA,6,1710007,central_germany_tmy,PVGIS SARAH3 TMY at lat=51.16 lon=10.45,69.7,8760,0.5,1.0,2009,2522.5464895784257,6862.0,emobpy_pool_v1
central_germany_tmy_m16_Mercedes_Benz_EQA_non_commuter_s0003,non-commuter,Mercedes-Benz EQA,3,1720004,central_germany_tmy,PVGIS SARAH3 TMY at lat=51.16 lon=10.45,69.7,8760,0.5,1.0,2009,2192.0568096094703,6913.0,emobpy_pool_v1
central_germany_tmy_m16_Mercedes_Benz_EQA_non_commuter_s0004,non-commuter,Mercedes-Benz EQA,4,1720005,central_germany_tmy,PVGIS SARAH3 TMY at lat=51.16 lon=10.45,69.7,8760,0.5,1.0,2009,2269.8137760556224,7083.0,emobpy_pool_v1
central_germany_tmy_m16_Mercedes_Benz_EQA_non_commuter_s0005,non-commuter,Mercedes-Benz EQA,5,1720006,central_germany_tmy,PVGIS SARAH3 TMY at lat=51.16 lon=10.45,69.7,8760,0.5,1.0,2009,2504.7802441742497,6995.0,emobpy_pool_v1
central_germany_tmy_m16_Mercedes_Benz_EQA_non_commuter_s0008,non-commuter,Mercedes-Benz EQA,8,1720009,central_germany_tmy,PVGIS SARAH3 TMY at lat=51.16 lon=10.45,69.7,8760,0.5,1.0,2009,2165.1619093737477,7090.0,emobpy_pool_v1
central_germany_tmy_m17_Dacia_Spring_commuter_s0004,commuter,Dacia Spring,4,1810005,central_germany_tmy,PVGIS SARAH3 TMY at lat=51.16 lon=10.45,26.8,8760,0.5,1.0,2009,1288.5965224698787,6854.0,emobpy_pool_v1
central_germany_tmy_m17_Dacia_Spring_commuter_s0005,commuter,Dacia Spring,5,1810006,central_germany_tmy,PVGIS SARAH3 TMY at lat=51.16 lon=10.45,26.8,8760,0.5,1.0,2009,1426.4702603470469,6714.0,emobpy_pool_v1
central_germany_tmy_m17_Dacia_Spring_commuter_s0006,commuter,Dacia Spring,6,1810007,central_germany_tmy,PVGIS SARAH3 TMY at lat=51.16 lon=10.45,26.8,8760,0.5,1.0,2009,1415.2527678548083,6685.0,emobpy_pool_v1
central_germany_tmy_m17_Dacia_Spring_commuter_s0007,commuter,Dacia Spring,7,1810008,central_germany_tmy,PVGIS SARAH3 TMY at lat=51.16 lon=10.45,26.8,8760,0.5,1.0,2009,1452.610351280429,6774.0,emobpy_pool_v1
central_germany_tmy_m17_Dacia_Spring_commuter_s0008,commuter,Dacia Spring,8,1810009,central_germany_tmy,PVGIS SARAH3 TMY at lat=51.16 lon=10.45,26.8,8760,0.5,1.0,2009,1300.387296103018,6720.0,emobpy_pool_v1
central_germany_tmy_m17_Dacia_Spring_non_commuter_s0003,non-commuter,Dacia Spring,3,1820004,central_germany_tmy,PVGIS SARAH3 TMY at lat=51.16 lon=10.45,26.8,8760,0.5,1.0,2009,1170.2063326982334,7145.0,emobpy_pool_v1
central_germany_tmy_m17_Dacia_Spring_non_commuter_s0004,non-commuter,Dacia Spring,4,1820005,central_germany_tmy,PVGIS SARAH3 TMY at lat=51.16 lon=10.45,26.8,8760,0.5,1.0,2009,1504.787068190454,6851.0,emobpy_pool_v1
central_germany_tmy_m16_Mercedes_Benz_EQA_non_commuter_s0006,non-commuter,Mercedes-Benz EQA,6,1720007,central_germany_tmy,PVGIS SARAH3 TMY at lat=51.16 lon=10.45,69.7,8760,0.5,1.0,2009,2236.5190048249497,7187.0,emobpy_pool_v1
central_germany_tmy_m17_Dacia_Spring_non_commuter_s0006,non-commuter,Dacia Spring,6,1820007,central_germany_tmy,PVGIS SARAH3 TMY at lat=51.16 lon=10.45,26.8,8760,0.5,1.0,2009,1168.6491901174522,7061.0,emobpy_pool_v1
central_germany_tmy_m17_Dacia_Spring_non_commuter_s0005,non-commuter,Dacia Spring,5,1820006,central_germany_tmy,PVGIS SARAH3 TMY at lat=51.16 lon=10.45,26.8,8760,0.5,1.0,2009,1486.4291315133107,6978.0,emobpy_pool_v1
central_germany_tmy_m17_Dacia_Spring_commuter_s0003,commuter,Dacia Spring,3,1810004,central_germany_tmy,PVGIS SARAH3 TMY at lat=51.16 lon=10.45,26.8,8760,0.5,1.0,2009,1292.9372616937906,6905.0,emobpy_pool_v1
central_germany_tmy_m17_Dacia_Spring_non_commuter_s0007,non-commuter,Dacia Spring,7,1820008,central_germany_tmy,PVGIS SARAH3 TMY at lat=51.16 lon=10.45,26.8,8760,0.5,1.0,2009,1323.2655170171456,6909.0,emobpy_pool_v1
central_germany_tmy_m16_Mercedes_Benz_EQA_non_commuter_s0009,non-commuter,Mercedes-Benz EQA,9,1720010,central_germany_tmy,PVGIS SARAH3 TMY at lat=51.16 lon=10.45,69.7,8760,0.5,1.0,2009,2427.402713943743,6992.0,emobpy_pool_v1
central_germany_tmy_m17_Dacia_Spring_non_commuter_s0008,non-commuter,Dacia Spring,8,1820009,central_germany_tmy,PVGIS SARAH3 TMY at lat=51.16 lon=10.45,26.8,8760,0.5,1.0,2009,1425.3374837196804,6766.0,emobpy_pool_v1
central_germany_tmy_m16_Mercedes_Benz_EQA_non_commuter_s0007,non-commuter,Mercedes-Benz EQA,7,1720008,central_germany_tmy,PVGIS SARAH3 TMY at lat=51.16 lon=10.45,69.7,8760,0.5,1.0,2009,2210.0057229104405,7085.0,emobpy_pool_v1
central_germany_tmy_m17_Dacia_Spring_non_commuter_s0009,non-commuter,Dacia Spring,9,1820010,central_germany_tmy,PVGIS SARAH3 TMY at lat=51.16 lon=10.45,26.8,8760,0.5,1.0,2009,1321.760219413186,7021.0,emobpy_pool_v1
central_germany_tmy_m18_Opel_Mokka_e_commuter_s0003,commuter,Opel Mokka-e,3,1910004,central_germany_tmy,PVGIS SARAH3 TMY at lat=51.16 lon=10.45,50.0,8760,0.5,1.0,2009,2174.4292603357953,6811.0,emobpy_pool_v1
central_germany_tmy_m18_Opel_Mokka_e_commuter_s0005,commuter,Opel Mokka-e,5,1910006,central_germany_tmy,PVGIS SARAH3 TMY at lat=51.16 lon=10.45,50.0,8760,0.5,1.0,2009,1687.949287584105,6794.0,emobpy_pool_v1
central_germany_tmy_m18_Opel_Mokka_e_commuter_s0006,commuter,Opel Mokka-e,6,1910007,central_germany_tmy,PVGIS SARAH3 TMY at lat=51.16 lon=10.45,50.0,8760,0.5,1.0,2009,1915.0491510373276,6890.0,emobpy_pool_v1
central_germany_tmy_m18_Opel_Mokka_e_non_commuter_s0003,non-commuter,Opel Mokka-e,3,1920004,central_germany_tmy,PVGIS SARAH3 TMY at lat=51.16 lon=10.45,50.0,8760,0.5,1.0,2009,1755.935463982952,7032.0,emobpy_pool_v1
central_germany_tmy_m17_Dacia_Spring_commuter_s0009,commuter,Dacia Spring,9,1810010,central_germany_tmy,PVGIS SARAH3 TMY at lat=51.16 lon=10.45,26.8,8760,0.5,1.0,2009,1489.1090196052091,6741.0,emobpy_pool_v1
central_germany_tmy_m18_Opel_Mokka_e_commuter_s0008,commuter,Opel Mokka-e,8,1910009,central_germany_tmy,PVGIS SARAH3 TMY at lat=51.16 lon=10.45,50.0,8760,0.5,1.0,2009,2143.164498174778,6742.0,emobpy_pool_v1
central_germany_tmy_m18_Opel_Mokka_e_non_commuter_s0004,non-commuter,Opel Mokka-e,4,1920005,central_germany_tmy,PVGIS SARAH3 TMY at lat=51.16 lon=10.45,50.0,8760,0.5,1.0,2009,1963.3172243979845,6994.0,emobpy_pool_v1
central_germany_tmy_m18_Opel_Mokka_e_non_commuter_s0005,non-commuter,Opel Mokka-e,5,1920006,central_germany_tmy,PVGIS SARAH3 TMY at lat=51.16 lon=10.45,50.0,8760,0.5,1.0,2009,2128.251519632414,6847.0,emobpy_pool_v1
central_germany_tmy_m18_Opel_Mokka_e_non_commuter_s0006,non-commuter,Opel Mokka-e,6,1920007,central_germany_tmy,PVGIS SARAH3 TMY at lat=51.16 lon=10.45,50.0,8760,0.5,1.0,2009,1874.8304402495282,6870.0,emobpy_pool_v1
central_germany_tmy_m18_Opel_Mokka_e_non_commuter_s0007,non-commuter,Opel Mokka-e,7,1920008,central_germany_tmy,PVGIS SARAH3 TMY at lat=51.16 lon=10.45,50.0,8760,0.5,1.0,2009,2045.5022556233478,6939.0,emobpy_pool_v1
central_germany_tmy_m18_Opel_Mokka_e_non_commuter_s0008,non-commuter,Opel Mokka-e,8,1920009,central_germany_tmy,PVGIS SARAH3 TMY at lat=51.16 lon=10.45,50.0,8760,0.5,1.0,2009,1723.6309033920286,7044.0,emobpy_pool_v1
central_germany_tmy_m18_Opel_Mokka_e_commuter_s0009,commuter,Opel Mokka-e,9,1910010,central_germany_tmy,PVGIS SARAH3 TMY at lat=51.16 lon=10.45,50.0,8760,0.5,1.0,2009,1903.4896895391553,6735.0,emobpy_pool_v1
central_germany_tmy_m19_BMW_iX1_commuter_s0003,commuter,BMW iX1,3,2010004,central_germany_tmy,PVGIS SARAH3 TMY at lat=51.16 lon=10.45,66.5,8760,0.5,1.0,2009,2344.7867908698263,6674.0,emobpy_pool_v1
central_germany_tmy_m19_BMW_iX1_commuter_s0004,commuter,BMW iX1,4,2010005,central_germany_tmy,PVGIS SARAH3 TMY at lat=51.16 lon=10.45,66.5,8760,0.5,1.0,2009,2377.0983222766354,6729.0,emobpy_pool_v1
central_germany_tmy_m19_BMW_iX1_commuter_s0005,commuter,BMW iX1,5,2010006,central_germany_tmy,PVGIS SARAH3 TMY at lat=51.16 lon=10.45,66.5,8760,0.5,1.0,2009,1883.7026595212299,6851.0,emobpy_pool_v1
central_germany_tmy_m18_Opel_Mokka_e_commuter_s0004,commuter,Opel Mokka-e,4,1910005,central_germany_tmy,PVGIS SARAH3 TMY at lat=51.16 lon=10.45,50.0,8760,0.5,1.0,2009,1970.7738986718086,6736.0,emobpy_pool_v1
central_germany_tmy_m19_BMW_iX1_commuter_s0007,commuter,BMW iX1,7,2010008,central_germany_tmy,PVGIS SARAH3 TMY at lat=51.16 lon=10.45,66.5,8760,0.5,1.0,2009,1983.2361496262297,6960.0,emobpy_pool_v1
central_germany_tmy_m19_BMW_iX1_commuter_s0008,commuter,BMW iX1,8,2010009,central_germany_tmy,PVGIS SARAH3 TMY at lat=51.16 lon=10.45,66.5,8760,0.5,1.0,2009,2429.2117212210983,6747.0,emobpy_pool_v1
central_germany_tmy_m18_Opel_Mokka_e_commuter_s0007,commuter,Opel Mokka-e,7,1910008,central_germany_tmy,PVGIS SARAH3 TMY at lat=51.16 lon=10.45,50.0,8760,0.5,1.0,2009,2107.907337221573,6699.0,emobpy_pool_v1
central_germany_tmy_m19_BMW_iX1_commuter_s0009,commuter,BMW iX1,9,2010010,central_germany_tmy,PVGIS SARAH3 TMY at lat=51.16 lon=10.45,66.5,8760,0.5,1.0,2009,1750.9906614246618,6978.0,emobpy_pool_v1
central_germany_tmy_m19_BMW_iX1_non_commuter_s0003,non-commuter,BMW iX1,3,2020004,central_germany_tmy,PVGIS SARAH3 TMY at lat=51.16 lon=10.45,66.5,8760,0.5,1.0,2009,1925.363418508748,7073.0,emobpy_pool_v1
central_germany_tmy_m19_BMW_iX1_non_commuter_s0004,non-commuter,BMW iX1,4,2020005,central_germany_tmy,PVGIS SARAH3 TMY at lat=51.16 lon=10.45,66.5,8760,0.5,1.0,2009,2373.9376051188183,7003.0,emobpy_pool_v1
central_germany_tmy_m19_BMW_iX1_non_commuter_s0008,non-commuter,BMW iX1,8,2020009,central_germany_tmy,PVGIS SARAH3 TMY at lat=51.16 lon=10.45,66.5,8760,0.5,1.0,2009,1696.0354959480899,7243.0,emobpy_pool_v1
central_germany_tmy_m19_BMW_iX1_non_commuter_s0005,non-commuter,BMW iX1,5,2020006,central_germany_tmy,PVGIS SARAH3 TMY at lat=51.16 lon=10.45,66.5,8760,0.5,1.0,2009,2225.5832971301934,7073.0,emobpy_pool_v1
central_germany_tmy_m19_BMW_iX1_non_commuter_s0006,non-commuter,BMW iX1,6,2020007,central_germany_tmy,PVGIS SARAH3 TMY at lat=51.16 lon=10.45,66.5,8760,0.5,1.0,2009,2385.1859482202217,6960.0,emobpy_pool_v1
central_germany_tmy_m19_BMW_iX1_non_commuter_s0007,non-commuter,BMW iX1,7,2020008,central_germany_tmy,PVGIS SARAH3 TMY at lat=51.16 lon=10.45,66.5,8760,0.5,1.0,2009,2082.009713695732,6989.0,emobpy_pool_v1
central_germany_tmy_m18_Opel_Mokka_e_non_commuter_s0009,non-commuter,Opel Mokka-e,9,1920010,central_germany_tmy,PVGIS SARAH3 TMY at lat=51.16 lon=10.45,50.0,8760,0.5,1.0,2009,1812.1992000276314,7122.0,emobpy_pool_v1
central_germany_tmy_m20_BMW_i4_commuter_s0004,commuter,BMW i4,4,2110005,central_germany_tmy,PVGIS SARAH3 TMY at lat=51.16 lon=10.45,83.9,8760,0.5,1.0,2009,2082.85496013213,6827.0,emobpy_pool_v1
central_germany_tmy_m20_BMW_i4_commuter_s0005,commuter,BMW i4,5,2110006,central_germany_tmy,PVGIS SARAH3 TMY at lat=51.16 lon=10.45,83.9,8760,0.5,1.0,2009,2613.6406535940387,6664.0,emobpy_pool_v1
central_germany_tmy_m19_BMW_iX1_commuter_s0006,commuter,BMW iX1,6,2010007,central_germany_tmy,PVGIS SARAH3 TMY at lat=51.16 lon=10.45,66.5,8760,0.5,1.0,2009,2203.078417146617,6787.0,emobpy_pool_v1
central_germany_tmy_m20_BMW_i4_commuter_s0006,commuter,BMW i4,6,2110007,central_germany_tmy,PVGIS SARAH3 TMY at lat=51.16 lon=10.45,83.9,8760,0.5,1.0,2009,2649.7287769815703,6895.0,emobpy_pool_v1
central_germany_tmy_m20_BMW_i4_commuter_s0003,commuter,BMW i4,3,2110004,central_germany_tmy,PVGIS SARAH3 TMY at lat=51.16 lon=10.45,83.9,8760,0.5,1.0,2009,2837.143266174635,6682.0,emobpy_pool_v1
central_germany_tmy_m20_BMW_i4_commuter_s0009,commuter,BMW i4,9,2110010,central_germany_tmy,PVGIS SARAH3 TMY at lat=51.16 lon=10.45,83.9,8760,0.5,1.0,2009,2593.2659643415154,6957.0,emobpy_pool_v1
central_germany_tmy_m20_BMW_i4_commuter_s0008,commuter,BMW i4,8,2110009,central_germany_tmy,PVGIS SARAH3 TMY at lat=51.16 lon=10.45,83.9,8760,0.5,1.0,2009,2504.3274058634465,6615.0,emobpy_pool_v1
central_germany_tmy_m20_BMW_i4_non_commuter_s0004,non-commuter,BMW i4,4,2120005,central_germany_tmy,PVGIS SARAH3 TMY at lat=51.16 lon=10.45,83.9,8760,0.5,1.0,2009,2647.7261664672696,6942.0,emobpy_pool_v1
central_germany_tmy_m20_BMW_i4_non_commuter_s0003,non-commuter,BMW i4,3,2120004,central_germany_tmy,PVGIS SARAH3 TMY at lat=51.16 lon=10.45,83.9,8760,0.5,1.0,2009,2595.7227065681095,6874.0,emobpy_pool_v1
central_germany_tmy_m20_BMW_i4_non_commuter_s0005,non-commuter,BMW i4,5,2120006,central_germany_tmy,PVGIS SARAH3 TMY at lat=51.16 lon=10.45,83.9,8760,0.5,1.0,2009,2185.0177306362293,7079.0,emobpy_pool_v1
central_germany_tmy_m20_BMW_i4_non_commuter_s0006,non-commuter,BMW i4,6,2120007,central_germany_tmy,PVGIS SARAH3 TMY at lat=51.16 lon=10.45,83.9,8760,0.5,1.0,2009,2352.177760912241,7036.0,emobpy_pool_v1
central_germany_tmy_m20_BMW_i4_non_commuter_s0007,non-commuter,BMW i4,7,2120008,central_germany_tmy,PVGIS SARAH3 TMY at lat=51.16 lon=10.45,83.9,8760,0.5,1.0,2009,3283.5684517998943,6931.0,emobpy_pool_v1
central_germany_tmy_m19_BMW_iX1_non_commuter_s0009,non-commuter,BMW iX1,9,2020010,central_germany_tmy,PVGIS SARAH3 TMY at lat=51.16 lon=10.45,66.5,8760,0.5,1.0,2009,2084.978256540033,7141.0,emobpy_pool_v1
central_germany_tmy_m20_BMW_i4_non_commuter_s0008,non-commuter,BMW i4,8,2120009,central_germany_tmy,PVGIS SARAH3 TMY at lat=51.16 lon=10.45,83.9,8760,0.5,1.0,2009,2469.963216754408,6932.0,emobpy_pool_v1
central_germany_tmy_m20_BMW_i4_non_commuter_s0009,non-commuter,BMW i4,9,2120010,central_germany_tmy,PVGIS SARAH3 TMY at lat=51.16 lon=10.45,83.9,8760,0.5,1.0,2009,2463.922171998142,7019.0,emobpy_pool_v1
central_germany_tmy_m21_BMW_i3_BEV_commuter_s0003,commuter,BMW i3 BEV,3,2210004,central_germany_tmy,PVGIS SARAH3 TMY at lat=51.16 lon=10.45,42.2,8760,0.5,1.0,2009,2186.1905552087755,6756.0,emobpy_pool_v1
central_germany_tmy_m21_BMW_i3_BEV_commuter_s0005,commuter,BMW i3 BEV,5,2210006,central_germany_tmy,PVGIS SARAH3 TMY at lat=51.16 lon=10.45,42.2,8760,0.5,1.0,2009,2009.9956658056544,6871.0,emobpy_pool_v1
central_germany_tmy_m21_BMW_i3_BEV_commuter_s0006,commuter,BMW i3 BEV,6,2210007,central_germany_tmy,PVGIS SARAH3 TMY at lat=51.16 lon=10.45,42.2,8760,0.5,1.0,2009,1842.6941347754475,6750.0,emobpy_pool_v1
central_germany_tmy_m21_BMW_i3_BEV_commuter_s0007,commuter,BMW i3 BEV,7,2210008,central_germany_tmy,PVGIS SARAH3 TMY at lat=51.16 lon=10.45,42.2,8760,0.5,1.0,2009,1654.5279648259836,6772.0,emobpy_pool_v1
central_germany_tmy_m21_BMW_i3_BEV_commuter_s0008,commuter,BMW i3 BEV,8,2210009,central_germany_tmy,PVGIS SARAH3 TMY at lat=51.16 lon=10.45,42.2,8760,0.5,1.0,2009,1737.3376714442866,6783.0,emobpy_pool_v1
central_germany_tmy_m20_BMW_i4_commuter_s0007,commuter,BMW i4,7,2110008,central_germany_tmy,PVGIS SARAH3 TMY at lat=51.16 lon=10.45,83.9,8760,0.5,1.0,2009,2039.139529299532,6831.0,emobpy_pool_v1
central_germany_tmy_m21_BMW_i3_BEV_commuter_s0009,commuter,BMW i3 BEV,9,2210010,central_germany_tmy,PVGIS SARAH3 TMY at lat=51.16 lon=10.45,42.2,8760,0.5,1.0,2009,1625.034584295995,6924.0,emobpy_pool_v1
central_germany_tmy_m21_BMW_i3_BEV_non_commuter_s0003,non-commuter,BMW i3 BEV,3,2220004,central_germany_tmy,PVGIS SARAH3 TMY at lat=51.16 lon=10.45,42.2,8760,0.5,1.0,2009,1675.0052245431123,7192.0,emobpy_pool_v1
central_germany_tmy_m21_BMW_i3_BEV_non_commuter_s0004,non-commuter,BMW i3 BEV,4,2220005,central_germany_tmy,PVGIS SARAH3 TMY at lat=51.16 lon=10.45,42.2,8760,0.5,1.0,2009,1727.0660582258213,7071.0,emobpy_pool_v1
central_germany_tmy_m21_BMW_i3_BEV_non_commuter_s0005,non-commuter,BMW i3 BEV,5,2220006,central_germany_tmy,PVGIS SARAH3 TMY at lat=51.16 lon=10.45,42.2,8760,0.5,1.0,2009,1819.7789899212848,7009.0,emobpy_pool_v1
central_germany_tmy_m21_BMW_i3_BEV_non_commuter_s0006,non-commuter,BMW i3 BEV,6,2220007,central_germany_tmy,PVGIS SARAH3 TMY at lat=51.16 lon=10.45,42.2,8760,0.5,1.0,2009,1585.8470916312615,7093.0,emobpy_pool_v1
central_germany_tmy_m21_BMW_i3_BEV_non_commuter_s0007,non-commuter,BMW i3 BEV,7,2220008,central_germany_tmy,PVGIS SARAH3 TMY at lat=51.16 lon=10.45,42.2,8760,0.5,1.0,2009,1979.9427670969565,7063.0,emobpy_pool_v1
central_germany_tmy_m21_BMW_i3_BEV_non_commuter_s0009,non-commuter,BMW i3 BEV,9,2220010,central_germany_tmy,PVGIS SARAH3 TMY at lat=51.16 lon=10.45,42.2,8760,0.5,1.0,2009,1467.5691712475214,7048.0,emobpy_pool_v1
central_germany_tmy_m22_Volkswagen_ID_4_ID_5_commuter_s0003,commuter,Volkswagen ID_4_ID_5,3,2310004,central_germany_tmy,PVGIS SARAH3 TMY at lat=51.16 lon=10.45,55.0,8760,0.5,1.0,2009,2527.8428018293876,6623.0,emobpy_pool_v1
central_germany_tmy_m21_BMW_i3_BEV_commuter_s0004,commuter,BMW i3 BEV,4,2210005,central_germany_tmy,PVGIS SARAH3 TMY at lat=51.16 lon=10.45,42.2,8760,0.5,1.0,2009,1644.5129739735166,6887.0,emobpy_pool_v1
central_germany_tmy_m22_Volkswagen_ID_4_ID_5_commuter_s0006,commuter,Volkswagen ID_4_ID_5,6,2310007,central_germany_tmy,PVGIS SARAH3 TMY at lat=51.16 lon=10.45,55.0,8760,0.5,1.0,2009,1891.8118789005582,6783.0,emobpy_pool_v1
central_germany_tmy_m22_Volkswagen_ID_4_ID_5_commuter_s0004,commuter,Volkswagen ID_4_ID_5,4,2310005,central_germany_tmy,PVGIS SARAH3 TMY at lat=51.16 lon=10.45,55.0,8760,0.5,1.0,2009,2377.3916386666183,6701.0,emobpy_pool_v1
central_germany_tmy_m22_Volkswagen_ID_4_ID_5_commuter_s0005,commuter,Volkswagen ID_4_ID_5,5,2310006,central_germany_tmy,PVGIS SARAH3 TMY at lat=51.16 lon=10.45,55.0,8760,0.5,1.0,2009,2570.0532240847733,6626.0,emobpy_pool_v1
central_germany_tmy_m22_Volkswagen_ID_4_ID_5_commuter_s0007,commuter,Volkswagen ID_4_ID_5,7,2310008,central_germany_tmy,PVGIS SARAH3 TMY at lat=51.16 lon=10.45,55.0,8760,0.5,1.0,2009,2090.602054914557,6820.0,emobpy_pool_v1
central_germany_tmy_m22_Volkswagen_ID_4_ID_5_commuter_s0008,commuter,Volkswagen ID_4_ID_5,8,2310009,central_germany_tmy,PVGIS SARAH3 TMY at lat=51.16 lon=10.45,55.0,8760,0.5,1.0,2009,1917.1074215175427,6818.0,emobpy_pool_v1
central_germany_tmy_m22_Volkswagen_ID_4_ID_5_non_commuter_s0003,non-commuter,Volkswagen ID_4_ID_5,3,2320004,central_germany_tmy,PVGIS SARAH3 TMY at lat=51.16 lon=10.45,55.0,8760,0.5,1.0,2009,1874.1571839964,6959.0,emobpy_pool_v1
central_germany_tmy_m22_Volkswagen_ID_4_ID_5_commuter_s0009,commuter,Volkswagen ID_4_ID_5,9,2310010,central_germany_tmy,PVGIS SARAH3 TMY at lat=51.16 lon=10.45,55.0,8760,0.5,1.0,2009,2325.341480373943,6564.0,emobpy_pool_v1
central_germany_tmy_m22_Volkswagen_ID_4_ID_5_non_commuter_s0004,non-commuter,Volkswagen ID_4_ID_5,4,2320005,central_germany_tmy,PVGIS SARAH3 TMY at lat=51.16 lon=10.45,55.0,8760,0.5,1.0,2009,2066.71101761316,7018.0,emobpy_pool_v1
central_germany_tmy_m22_Volkswagen_ID_4_ID_5_non_commuter_s0005,non-commuter,Volkswagen ID_4_ID_5,5,2320006,central_germany_tmy,PVGIS SARAH3 TMY at lat=51.16 lon=10.45,55.0,8760,0.5,1.0,2009,1987.841905387736,7093.0,emobpy_pool_v1
central_germany_tmy_m22_Volkswagen_ID_4_ID_5_non_commuter_s0006,non-commuter,Volkswagen ID_4_ID_5,6,2320007,central_germany_tmy,PVGIS SARAH3 TMY at lat=51.16 lon=10.45,55.0,8760,0.5,1.0,2009,1903.1942021994194,7176.0,emobpy_pool_v1
central_germany_tmy_m22_Volkswagen_ID_4_ID_5_non_commuter_s0007,non-commuter,Volkswagen ID_4_ID_5,7,2320008,central_germany_tmy,PVGIS SARAH3 TMY at lat=51.16 lon=10.45,55.0,8760,0.5,1.0,2009,2065.420372724435,6941.0,emobpy_pool_v1
central_germany_tmy_m23_MG_MG4_EV_commuter_s0004,commuter,MG MG4 EV,4,2410005,central_germany_tmy,PVGIS SARAH3 TMY at lat=51.16 lon=10.45,51.0,8760,0.5,1.0,2009,1779.7747483068404,6719.0,emobpy_pool_v1
central_germany_tmy_m22_Volkswagen_ID_4_ID_5_non_commuter_s0008,non-commuter,Volkswagen ID_4_ID_5,8,2320009,central_germany_tmy,PVGIS SARAH3 TMY at lat=51.16 lon=10.45,55.0,8760,0.5,1.0,2009,2432.662527340755,6871.0,emobpy_pool_v1
central_germany_tmy_m22_Volkswagen_ID_4_ID_5_non_commuter_s0009,non-commuter,Volkswagen ID_4_ID_5,9,2320010,central_germany_tmy,PVGIS SARAH3 TMY at lat=51.16 lon=10.45,55.0,8760,0.5,1.0,2009,2469.7712275959934,6985.0,emobpy_pool_v1
central_germany_tmy_m21_BMW_i3_BEV_non_commuter_s0008,non-commuter,BMW i3 BEV,8,2220009,central_germany_tmy,PVGIS SARAH3 TMY at lat=51.16 lon=10.45,42.2,8760,0.5,1.0,2009,1762.6791576012513,7038.0,emobpy_pool_v1
central_germany_tmy_m23_MG_MG4_EV_commuter_s0005,commuter,MG MG4 EV,5,2410006,central_germany_tmy,PVGIS SARAH3 TMY at lat=51.16 lon=10.45,51.0,8760,0.5,1.0,2009,1839.5731293926997,6654.0,emobpy_pool_v1
central_germany_tmy_m23_MG_MG4_EV_commuter_s0003,commuter,MG MG4 EV,3,2410004,central_germany_tmy,PVGIS SARAH3 TMY at lat=51.16 lon=10.45,51.0,8760,0.5,1.0,2009,1988.430780190056,6791.0,emobpy_pool_v1
central_germany_tmy_m23_MG_MG4_EV_commuter_s0006,commuter,MG MG4 EV,6,2410007,central_germany_tmy,PVGIS SARAH3 TMY at lat=51.16 lon=10.45,51.0,8760,0.5,1.0,2009,1981.2596742199785,6703.0,emobpy_pool_v1
central_germany_tmy_m23_MG_MG4_EV_commuter_s0007,commuter,MG MG4 EV,7,2410008,central_germany_tmy,PVGIS SARAH3 TMY at lat=51.16 lon=10.45,51.0,8760,0.5,1.0,2009,1824.9130123655896,6704.0,emobpy_pool_v1
central_germany_tmy_m23_MG_MG4_EV_commuter_s0008,commuter,MG MG4 EV,8,2410009,central_germany_tmy,PVGIS SARAH3 TMY at lat=51.16 lon=10.45,51.0,8760,0.5,1.0,2009,1879.549534235147,6830.0,emobpy_pool_v1
central_germany_tmy_m23_MG_MG4_EV_commuter_s0009,commuter,MG MG4 EV,9,2410010,central_germany_tmy,PVGIS SARAH3 TMY at lat=51.16 lon=10.45,51.0,8760,0.5,1.0,2009,1756.8450902845084,6759.0,emobpy_pool_v1
central_germany_tmy_m23_MG_MG4_EV_non_commuter_s0003,non-commuter,MG MG4 EV,3,2420004,central_germany_tmy,PVGIS SARAH3 TMY at lat=51.16 lon=10.45,51.0,8760,0.5,1.0,2009,1784.353939167752,7104.0,emobpy_pool_v1
central_germany_tmy_m23_MG_MG4_EV_non_commuter_s0004,non-commuter,MG MG4 EV,4,2420005,central_germany_tmy,PVGIS SARAH3 TMY at lat=51.16 lon=10.45,51.0,8760,0.5,1.0,2009,1967.2504034714086,7076.0,emobpy_pool_v1
central_germany_tmy_m23_MG_MG4_EV_non_commuter_s0006,non-commuter,MG MG4 EV,6,2420007,central_germany_tmy,PVGIS SARAH3 TMY at lat=51.16 lon=10.45,51.0,8760,0.5,1.0,2009,1747.298601912959,7106.0,emobpy_pool_v1
central_germany_tmy_m23_MG_MG4_EV_non_commuter_s0005,non-commuter,MG MG4 EV,5,2420006,central_germany_tmy,PVGIS SARAH3 TMY at lat=51.16 lon=10.45,51.0,8760,0.5,1.0,2009,2208.8982440929544,7022.0,emobpy_pool_v1
central_germany_tmy_m23_MG_MG4_EV_non_commuter_s0007,non-commuter,MG MG4 EV,7,2420008,central_germany_tmy,PVGIS SARAH3 TMY at lat=51.16 lon=10.45,51.0,8760,0.5,1.0,2009,1635.6259665949542,6922.0,emobpy_pool_v1
central_germany_tmy_m24_Peugeot_e_208_commuter_s0003,commuter,Peugeot e-208,3,2510004,central_germany_tmy,PVGIS SARAH3 TMY at lat=51.16 lon=10.45,50.0,8760,0.5,1.0,2009,1625.935143524155,6692.0,emobpy_pool_v1
central_germany_tmy_m23_MG_MG4_EV_non_commuter_s0008,non-commuter,MG MG4 EV,8,2420009,central_germany_tmy,PVGIS SARAH3 TMY at lat=51.16 lon=10.45,51.0,8760,0.5,1.0,2009,1937.1698221987306,6892.0,emobpy_pool_v1
central_germany_tmy_m23_MG_MG4_EV_non_commuter_s0009,non-commuter,MG MG4 EV,9,2420010,central_germany_tmy,PVGIS SARAH3 TMY at lat=51.16 lon=10.45,51.0,8760,0.5,1.0,2009,1764.6609345148402,6996.0,emobpy_pool_v1
central_germany_tmy_m24_Peugeot_e_208_commuter_s0004,commuter,Peugeot e-208,4,2510005,central_germany_tmy,PVGIS SARAH3 TMY at lat=51.16 lon=10.45,50.0,8760,0.5,1.0,2009,1902.3555366938842,6735.0,emobpy_pool_v1
central_germany_tmy_m24_Peugeot_e_208_commuter_s0005,commuter,Peugeot e-208,5,2510006,central_germany_tmy,PVGIS SARAH3 TMY at lat=51.16 lon=10.45,50.0,8760,0.5,1.0,2009,1637.2191581867555,6755.0,emobpy_pool_v1
central_germany_tmy_m24_Peugeot_e_208_commuter_s0006,commuter,Peugeot e-208,6,2510007,central_germany_tmy,PVGIS SARAH3 TMY at lat=51.16 lon=10.45,50.0,8760,0.5,1.0,2009,2351.92940389148,6559.0,emobpy_pool_v1
central_germany_tmy_m24_Peugeot_e_208_commuter_s0008,commuter,Peugeot e-208,8,2510009,central_germany_tmy,PVGIS SARAH3 TMY at lat=51.16 lon=10.45,50.0,8760,0.5,1.0,2009,1834.128591852785,6821.0,emobpy_pool_v1
central_germany_tmy_m24_Peugeot_e_208_commuter_s0007,commuter,Peugeot e-208,7,2510008,central_germany_tmy,PVGIS SARAH3 TMY at lat=51.16 lon=10.45,50.0,8760,0.5,1.0,2009,1815.8408621586993,6726.0,emobpy_pool_v1
central_germany_tmy_m24_Peugeot_e_208_commuter_s0009,commuter,Peugeot e-208,9,2510010,central_germany_tmy,PVGIS SARAH3 TMY at lat=51.16 lon=10.45,50.0,8760,0.5,1.0,2009,1956.375242267525,6596.0,emobpy_pool_v1
central_germany_tmy_m24_Peugeot_e_208_non_commuter_s0003,non-commuter,Peugeot e-208,3,2520004,central_germany_tmy,PVGIS SARAH3 TMY at lat=51.16 lon=10.45,50.0,8760,0.5,1.0,2009,1862.8699868085473,7097.0,emobpy_pool_v1
central_germany_tmy_m24_Peugeot_e_208_non_commuter_s0004,non-commuter,Peugeot e-208,4,2520005,central_germany_tmy,PVGIS SARAH3 TMY at lat=51.16 lon=10.45,50.0,8760,0.5,1.0,2009,1857.3776771086132,7103.0,emobpy_pool_v1
central_germany_tmy_m24_Peugeot_e_208_non_commuter_s0005,non-commuter,Peugeot e-208,5,2520006,central_germany_tmy,PVGIS SARAH3 TMY at lat=51.16 lon=10.45,50.0,8760,0.5,1.0,2009,2078.4690632070015,6914.0,emobpy_pool_v1
central_germany_tmy_m24_Peugeot_e_208_non_commuter_s0006,non-commuter,Peugeot e-208,6,2520007,central_germany_tmy,PVGIS SARAH3 TMY at lat=51.16 lon=10.45,50.0,8760,0.5,1.0,2009,1742.8781866289771,6919.0,emobpy_pool_v1
central_germany_tmy_m24_Peugeot_e_208_non_commuter_s0009,non-commuter,Peugeot e-208,9,2520010,central_germany_tmy,PVGIS SARAH3 TMY at lat=51.16 lon=10.45,50.0,8760,0.5,1.0,2009,1774.2215054268784,6991.0,emobpy_pool_v1
central_germany_tmy_m25_Kia_Niro_EV_commuter_s0003,commuter,Kia Niro EV,3,2610004,central_germany_tmy,PVGIS SARAH3 TMY at lat=51.16 lon=10.45,68.0,8760,0.5,1.0,2009,2101.6441949672244,6798.0,emobpy_pool_v1
central_germany_tmy_m25_Kia_Niro_EV_commuter_s0004,commuter,Kia Niro EV,4,2610005,central_germany_tmy,PVGIS SARAH3 TMY at lat=51.16 lon=10.45,68.0,8760,0.5,1.0,2009,1731.4955876894726,6733.0,emobpy_pool_v1
central_germany_tmy_m25_Kia_Niro_EV_commuter_s0005,commuter,Kia Niro EV,5,2610006,central_germany_tmy,PVGIS SARAH3 TMY at lat=51.16 lon=10.45,68.0,8760,0.5,1.0,2009,1952.0089974865114,6852.0,emobpy_pool_v1
central_germany_tmy_m25_Kia_Niro_EV_commuter_s0006,commuter,Kia Niro EV,6,2610007,central_germany_tmy,PVGIS SARAH3 TMY at lat=51.16 lon=10.45,68.0,8760,0.5,1.0,2009,2935.79828419734,6665.0,emobpy_pool_v1
central_germany_tmy_m25_Kia_Niro_EV_commuter_s0008,commuter,Kia Niro EV,8,2610009,central_germany_tmy,PVGIS SARAH3 TMY at lat=51.16 lon=10.45,68.0,8760,0.5,1.0,2009,1972.114336517569,6782.0,emobpy_pool_v1
central_germany_tmy_m25_Kia_Niro_EV_commuter_s0009,commuter,Kia Niro EV,9,2610010,central_germany_tmy,PVGIS SARAH3 TMY at lat=51.16 lon=10.45,68.0,8760,0.5,1.0,2009,1913.595915623874,6834.0,emobpy_pool_v1
central_germany_tmy_m25_Kia_Niro_EV_non_commuter_s0003,non-commuter,Kia Niro EV,3,2620004,central_germany_tmy,PVGIS SARAH3 TMY at lat=51.16 lon=10.45,68.0,8760,0.5,1.0,2009,2180.7240348509076,7031.0,emobpy_pool_v1
central_germany_tmy_m25_Kia_Niro_EV_non_commuter_s0004,non-commuter,Kia Niro EV,4,2620005,central_germany_tmy,PVGIS SARAH3 TMY at lat=51.16 lon=10.45,68.0,8760,0.5,1.0,2009,2314.6452234106573,7131.0,emobpy_pool_v1
central_germany_tmy_m25_Kia_Niro_EV_non_commuter_s0005,non-commuter,Kia Niro EV,5,2620006,central_germany_tmy,PVGIS SARAH3 TMY at lat=51.16 lon=10.45,68.0,8760,0.5,1.0,2009,2075.7536563630424,6857.0,emobpy_pool_v1
central_germany_tmy_m25_Kia_Niro_EV_non_commuter_s0006,non-commuter,Kia Niro EV,6,2620007,central_germany_tmy,PVGIS SARAH3 TMY at lat=51.16 lon=10.45,68.0,8760,0.5,1.0,2009,2330.1622434114634,6990.0,emobpy_pool_v1
central_germany_tmy_m24_Peugeot_e_208_non_commuter_s0007,non-commuter,Peugeot e-208,7,2520008,central_germany_tmy,PVGIS SARAH3 TMY at lat=51.16 lon=10.45,50.0,8760,0.5,1.0,2009,1865.6424714430382,6983.0,emobpy_pool_v1
central_germany_tmy_m25_Kia_Niro_EV_non_commuter_s0007,non-commuter,Kia Niro EV,7,2620008,central_germany_tmy,PVGIS SARAH3 TMY at lat=51.16 lon=10.45,68.0,8760,0.5,1.0,2009,1967.1851381302017,7051.0,emobpy_pool_v1
central_germany_tmy_m24_Peugeot_e_208_non_commuter_s0008,non-commuter,Peugeot e-208,8,2520009,central_germany_tmy,PVGIS SARAH3 TMY at lat=51.16 lon=10.45,50.0,8760,0.5,1.0,2009,1719.1274904407883,7079.0,emobpy_pool_v1
central_germany_tmy_m25_Kia_Niro_EV_non_commuter_s0008,non-commuter,Kia Niro EV,8,2620009,central_germany_tmy,PVGIS SARAH3 TMY at lat=51.16 lon=10.45,68.0,8760,0.5,1.0,2009,2221.646885715944,6938.0,emobpy_pool_v1
central_germany_tmy_m26_Volkswagen_ID_7_commuter_s0004,commuter,Volkswagen ID_7,4,2710005,central_germany_tmy,PVGIS SARAH3 TMY at lat=51.16 lon=10.45,82.0,8760,0.5,1.0,2009,2026.0617206728687,6759.0,emobpy_pool_v1
central_germany_tmy_m25_Kia_Niro_EV_non_commuter_s0009,non-commuter,Kia Niro EV,9,2620010,central_germany_tmy,PVGIS SARAH3 TMY at lat=51.16 lon=10.45,68.0,8760,0.5,1.0,2009,2054.037072419802,7001.0,emobpy_pool_v1
central_germany_tmy_m26_Volkswagen_ID_7_commuter_s0003,commuter,Volkswagen ID_7,3,2710004,central_germany_tmy,PVGIS SARAH3 TMY at lat=51.16 lon=10.45,82.0,8760,0.5,1.0,2009,2401.9976666452676,6662.0,emobpy_pool_v1
central_germany_tmy_m26_Volkswagen_ID_7_commuter_s0006,commuter,Volkswagen ID_7,6,2710007,central_germany_tmy,PVGIS SARAH3 TMY at lat=51.16 lon=10.45,82.0,8760,0.5,1.0,2009,2220.7898823194328,6831.0,emobpy_pool_v1
central_germany_tmy_m26_Volkswagen_ID_7_commuter_s0005,commuter,Volkswagen ID_7,5,2710006,central_germany_tmy,PVGIS SARAH3 TMY at lat=51.16 lon=10.45,82.0,8760,0.5,1.0,2009,2216.6161428598884,6691.0,emobpy_pool_v1
central_germany_tmy_m25_Kia_Niro_EV_commuter_s0007,commuter,Kia Niro EV,7,2610008,central_germany_tmy,PVGIS SARAH3 TMY at lat=51.16 lon=10.45,68.0,8760,0.5,1.0,2009,1853.8613152300618,6801.0,emobpy_pool_v1
central_germany_tmy_m26_Volkswagen_ID_7_commuter_s0007,commuter,Volkswagen ID_7,7,2710008,central_germany_tmy,PVGIS SARAH3 TMY at lat=51.16 lon=10.45,82.0,8760,0.5,1.0,2009,2351.162544879043,6886.0,emobpy_pool_v1
central_germany_tmy_m26_Volkswagen_ID_7_non_commuter_s0005,non-commuter,Volkswagen ID_7,5,2720006,central_germany_tmy,PVGIS SARAH3 TMY at lat=51.16 lon=10.45,82.0,8760,0.5,1.0,2009,2075.364487174499,7101.0,emobpy_pool_v1
central_germany_tmy_m26_Volkswagen_ID_7_commuter_s0009,commuter,Volkswagen ID_7,9,2710010,central_germany_tmy,PVGIS SARAH3 TMY at lat=51.16 lon=10.45,82.0,8760,0.5,1.0,2009,2658.0671158699374,6632.0,emobpy_pool_v1
central_germany_tmy_m26_Volkswagen_ID_7_non_commuter_s0006,non-commuter,Volkswagen ID_7,6,2720007,central_germany_tmy,PVGIS SARAH3 TMY at lat=51.16 lon=10.45,82.0,8760,0.5,1.0,2009,2198.4687687735013,6943.0,emobpy_pool_v1
central_germany_tmy_m26_Volkswagen_ID_7_non_commuter_s0007,non-commuter,Volkswagen ID_7,7,2720008,central_germany_tmy,PVGIS SARAH3 TMY at lat=51.16 lon=10.45,82.0,8760,0.5,1.0,2009,2160.5074238643324,7067.0,emobpy_pool_v1
central_germany_tmy_m26_Volkswagen_ID_7_non_commuter_s0008,non-commuter,Volkswagen ID_7,8,2720009,central_germany_tmy,PVGIS SARAH3 TMY at lat=51.16 lon=10.45,82.0,8760,0.5,1.0,2009,2671.1911298536124,6917.0,emobpy_pool_v1
central_germany_tmy_m26_Volkswagen_ID_7_non_commuter_s0009,non-commuter,Volkswagen ID_7,9,2720010,central_germany_tmy,PVGIS SARAH3 TMY at lat=51.16 lon=10.45,82.0,8760,0.5,1.0,2009,3093.0242010892566,6889.0,emobpy_pool_v1
central_germany_tmy_m26_Volkswagen_ID_7_non_commuter_s0003,non-commuter,Volkswagen ID_7,3,2720004,central_germany_tmy,PVGIS SARAH3 TMY at lat=51.16 lon=10.45,82.0,8760,0.5,1.0,2009,2754.2486450159417,6970.0,emobpy_pool_v1
central_germany_tmy_m26_Volkswagen_ID_7_commuter_s0008,commuter,Volkswagen ID_7,8,2710009,central_germany_tmy,PVGIS SARAH3 TMY at lat=51.16 lon=10.45,82.0,8760,0.5,1.0,2009,2443.8779484891884,6871.0,emobpy_pool_v1
central_germany_tmy_m26_Volkswagen_ID_7_non_commuter_s0004,non-commuter,Volkswagen ID_7,4,2720005,central_germany_tmy,PVGIS SARAH3 TMY at lat=51.16 lon=10.45,82.0,8760,0.5,1.0,2009,2446.0335362458127,7009.0,emobpy_pool_v1
central_germany_tmy_m27_Renault_Twingo_E_Tech_commuter_s0003,commuter,Renault Twingo E-Tech,3,2810004,central_germany_tmy,PVGIS SARAH3 TMY at lat=51.16 lon=10.45,23.0,8760,0.5,1.0,2009,1621.6745703532988,6981.0,emobpy_pool_v1
central_germany_tmy_m27_Renault_Twingo_E_Tech_commuter_s0004,commuter,Renault Twingo E-Tech,4,2810005,central_germany_tmy,PVGIS SARAH3 TMY at lat=51.16 lon=10.45,23.0,8760,0.5,1.0,2009,1593.905684188962,6835.0,emobpy_pool_v1
central_germany_tmy_m27_Renault_Twingo_E_Tech_non_commuter_s0006,non-commuter,Renault Twingo E-Tech,6,2820007,central_germany_tmy,PVGIS SARAH3 TMY at lat=51.16 lon=10.45,23.0,8760,0.5,1.0,2009,1627.6520787380703,7094.0,emobpy_pool_v1
central_germany_tmy_m27_Renault_Twingo_E_Tech_commuter_s0005,commuter,Renault Twingo E-Tech,5,2810006,central_germany_tmy,PVGIS SARAH3 TMY at lat=51.16 lon=10.45,23.0,8760,0.5,1.0,2009,1721.3918989434762,6908.0,emobpy_pool_v1
central_germany_tmy_m27_Renault_Twingo_E_Tech_commuter_s0006,commuter,Renault Twingo E-Tech,6,2810007,central_germany_tmy,PVGIS SARAH3 TMY at lat=51.16 lon=10.45,23.0,8760,0.5,1.0,2009,1603.8168356414105,6859.0,emobpy_pool_v1
central_germany_tmy_m27_Renault_Twingo_E_Tech_commuter_s0007,commuter,Renault Twingo E-Tech,7,2810008,central_germany_tmy,PVGIS SARAH3 TMY at lat=51.16 lon=10.45,23.0,8760,0.5,1.0,2009,1764.243555311341,6922.0,emobpy_pool_v1
central_germany_tmy_m27_Renault_Twingo_E_Tech_commuter_s0008,commuter,Renault Twingo E-Tech,8,2810009,central_germany_tmy,PVGIS SARAH3 TMY at lat=51.16 lon=10.45,23.0,8760,0.5,1.0,2009,1890.7378199006278,6735.0,emobpy_pool_v1
central_germany_tmy_m27_Renault_Twingo_E_Tech_commuter_s0009,commuter,Renault Twingo E-Tech,9,2810010,central_germany_tmy,PVGIS SARAH3 TMY at lat=51.16 lon=10.45,23.0,8760,0.5,1.0,2009,1643.6290069035972,6768.0,emobpy_pool_v1
central_germany_tmy_m27_Renault_Twingo_E_Tech_non_commuter_s0003,non-commuter,Renault Twingo E-Tech,3,2820004,central_germany_tmy,PVGIS SARAH3 TMY at lat=51.16 lon=10.45,23.0,8760,0.5,1.0,2009,1895.754806979643,6935.0,emobpy_pool_v1
central_germany_tmy_m27_Renault_Twingo_E_Tech_non_commuter_s0004,non-commuter,Renault Twingo E-Tech,4,2820005,central_germany_tmy,PVGIS SARAH3 TMY at lat=51.16 lon=10.45,23.0,8760,0.5,1.0,2009,1528.006358158163,7020.0,emobpy_pool_v1
central_germany_tmy_m27_Renault_Twingo_E_Tech_non_commuter_s0005,non-commuter,Renault Twingo E-Tech,5,2820006,central_germany_tmy,PVGIS SARAH3 TMY at lat=51.16 lon=10.45,23.0,8760,0.5,1.0,2009,1673.1668607176427,7016.0,emobpy_pool_v1
central_germany_tmy_m27_Renault_Twingo_E_Tech_non_commuter_s0007,non-commuter,Renault Twingo E-Tech,7,2820008,central_germany_tmy,PVGIS SARAH3 TMY at lat=51.16 lon=10.45,23.0,8760,0.5,1.0,2009,1869.6532244927248,6890.0,emobpy_pool_v1
central_germany_tmy_m27_Renault_Twingo_E_Tech_non_commuter_s0008,non-commuter,Renault Twingo E-Tech,8,2820009,central_germany_tmy,PVGIS SARAH3 TMY at lat=51.16 lon=10.45,23.0,8760,0.5,1.0,2009,1779.7669588281858,6992.0,emobpy_pool_v1
central_germany_tmy_m27_Renault_Twingo_E_Tech_non_commuter_s0009,non-commuter,Renault Twingo E-Tech,9,2820010,central_germany_tmy,PVGIS SARAH3 TMY at lat=51.16 lon=10.45,23.0,8760,0.5,1.0,2009,1845.4001009519504,7081.0,emobpy_pool_v1
